jee_main_score,jee_advanced_score,mock_test_score_avg,class_12_percent,attempt_count,daily_study_hours,school_board_icse,school_board_state,coaching_institute_fiitjee,coaching_institute_local,coaching_institute_nan,family_income_low,family_income_mid,parent_education_graduate,parent_education_pg,parent_education_upto 10th,location_type_semi-urban,location_type_urban,peer_pressure_level_low,peer_pressure_level_medium,mental_health_issues_True,admission_taken_True,dropout
-2.2399201322803792,-0.6294095314644934,0.7923539818280908,0.7660775368100644,-1.0075283371329782,0.2608501663459925,0.0,1.0,0.0,0.0,0.0,1.0,0.0,0.0,1.0,0.0,1.0,0.0,0.0,1.0,0.0,0.0,1
-0.5428839241043522,-1.2819667707216236,0.25202956775356683,1.885819820829305,-1.0075283371329782,1.675699245272388,0.0,1.0,0.0,0.0,0.0,1.0,0.0,0.0,0.0,0.0,0.0,0.0,0.0,1.0,0.0,0.0,1
0.7911264972711323,0.9780941879772053,1.409266435903832,-0.6692284817964161,0.9925279152401798,-0.14339242763297752,0.0,1.0,1.0,0.0,0.0,1.0,0.0,0.0,0.0,0.0,0.0,0.0,0.0,0.0,0.0,0.0,1
0.21159737978833953,-2.009964153245474,-0.762130742152666,-1.5019095620943606,0.9925279152401798,1.4735779482829032,0.0,0.0,1.0,0.0,0.0,0.0,1.0,1.0,0.0,0.0,0.0,1.0,0.0,1.0,0.0,1.0,0
0.7123980133866775,0.09355850817490942,-1.1046728551251443,-0.48192613610592466,-1.0075283371329782,1.0693353543039326,0.0,1.0,1.0,0.0,0.0,0.0,0.0,0.0,1.0,0.0,0.0,0.0,1.0,0.0,0.0,0.0,0
0.44851179888507864,1.6155633985809918,0.5499654596264344,-0.8361718768683757,-1.0075283371329782,-0.04233177913823491,1.0,0.0,0.0,1.0,0.0,0.0,0.0,0.0,1.0,0.0,0.0,1.0,0.0,1.0,0.0,0.0,0
0.22034498910883485,0.22997943391556205,-0.8816417496270934,0.5003932312382264,0.9925279152401798,-0.9518776155909179,0.0,0.0,1.0,0.0,0.0,0.0,0.0,0.0,0.0,1.0,0.0,0.0,0.0,1.0,0.0,0.0,0
-1.5984287821107468,0.4097784420345787,0.3656491875355924,-0.10324965460123613,0.9925279152401798,0.6650927603249626,0.0,0.0,0.0,1.0,0.0,0.0,1.0,0.0,0.0,0.0,1.0,0.0,0.0,0.0,0.0,0.0,0
-1.6385219914963491,0.32868028802285487,2.4318430139420655,1.1437360707838273,-1.0075283371329782,-1.0529382640856604,0.0,0.0,0.0,1.0,0.0,1.0,0.0,0.0,0.0,1.0,0.0,0.0,0.0,0.0,1.0,1.0,0
0.22982156587270408,-0.7406837427829056,-0.8648092133630894,-0.439172339807008,0.9925279152401798,0.9177443815618189,0.0,0.0,1.0,0.0,0.0,0.0,1.0,1.0,0.0,0.0,1.0,0.0,0.0,0.0,1.0,1.0,0
-0.17402639775681467,0.5380266855880036,-0.004666610272492936,0.23369097813546288,0.9925279152401798,-0.6486956701066902,0.0,1.0,1.0,0.0,0.0,0.0,1.0,0.0,0.0,0.0,0.0,0.0,1.0,0.0,1.0,1.0,0
-0.8315550316806871,-2.2431999295117517,1.1710860477681777,-0.58473883672951,-1.0075283371329782,-0.34551372462246277,1.0,0.0,0.0,0.0,0.0,0.0,0.0,0.0,0.0,1.0,0.0,1.0,0.0,1.0,1.0,0.0,0
-0.9620402040447372,-1.7000308979913652,-1.098781467432743,-1.5619684664190285,-1.0075283371329782,-0.34551372462246277,0.0,0.0,1.0,0.0,0.0,0.0,1.0,0.0,1.0,0.0,0.0,1.0,0.0,0.0,1.0,0.0,0
0.03008448638806906,-2.209251865041727,-0.44988719445539427,-1.3359841145533273,-1.0075283371329782,1.1198656785513041,0.0,0.0,0.0,0.0,0.0,1.0,0.0,0.0,0.0,0.0,0.0,1.0,0.0,1.0,1.0,1.0,0
-0.0493729649397606,0.8423019300971081,2.028703770419174,-0.7720411824200015,-1.0075283371329782,-0.8508169670961755,0.0,1.0,0.0,1.0,0.0,1.0,0.0,1.0,0.0,0.0,1.0,0.0,0.0,1.0,1.0,1.0,0
0.33916668237889136,0.14385193701938942,-0.7495063399546631,-0.09612402188475073,-1.0075283371329782,2.181002487746101,1.0,0.0,0.0,1.0,0.0,1.0,0.0,0.0,0.0,1.0,0.0,1.0,0.0,1.0,1.0,1.0,0
0.24075607752332323,0.04640841863320923,-1.0129355324863232,1.199723184984789,0.9925279152401798,0.8166837330670763,0.0,0.0,0.0,0.0,0.0,1.0,0.0,1.0,0.0,0.0,0.0,0.0,0.0,1.0,1.0,0.0,1
0.355932933576507,2.1493024121930375,0.7224989563324737,-0.26001357436393047,0.9925279152401798,0.5135017875828488,0.0,1.0,1.0,0.0,0.0,1.0,0.0,0.0,0.0,1.0,1.0,0.0,0.0,0.0,0.0,0.0,1
-0.8752930782831616,0.8718493195432411,-0.44988719445539427,1.02056441954171,0.9925279152401798,-0.8508169670961755,0.0,0.0,0.0,1.0,0.0,0.0,0.0,0.0,0.0,0.0,1.0,0.0,0.0,1.0,0.0,1.0,0
1.2241331586356337,0.9630061593238607,-0.4204302559933874,0.010760468862541566,0.9925279152401798,2.7873663787145557,1.0,0.0,1.0,0.0,0.0,1.0,0.0,0.0,1.0,0.0,0.0,1.0,0.0,0.0,0.0,0.0,1
0.7043793715095572,-1.049359662315903,-0.22853934258374395,-2.5381801485776214,-1.0075283371329782,-1.1539989125804029,0.0,0.0,1.0,0.0,0.0,1.0,0.0,0.0,1.0,0.0,0.0,0.0,0.0,1.0,1.0,0.0,1
0.22836363098595522,0.10487452966491788,0.5205085211644281,-0.704856645378846,0.9925279152401798,-1.8614234520436008,0.0,0.0,0.0,0.0,0.0,0.0,1.0,0.0,1.0,0.0,1.0,0.0,0.0,1.0,1.0,0.0,0
-0.1798581373038112,-0.09504184999189132,-0.8159948581974783,-0.2254033583124263,-1.0075283371329782,1.8272902180145016,0.0,1.0,0.0,0.0,0.0,0.0,0.0,0.0,1.0,0.0,0.0,1.0,0.0,1.0,1.0,1.0,0
1.431888879997389,-0.29558689750925593,-0.4650364770929977,-1.1527535589865427,-1.0075283371329782,0.1597895178512499,0.0,0.0,1.0,0.0,0.0,1.0,0.0,1.0,0.0,0.0,0.0,1.0,0.0,0.0,1.0,1.0,0
0.918695799861684,0.16334064069662566,1.168561167328577,-0.16941624411146455,0.9925279152401798,-0.5981653458593191,0.0,1.0,0.0,1.0,0.0,0.0,1.0,0.0,0.0,1.0,1.0,0.0,0.0,1.0,1.0,0.0,0
-0.044999160279512944,1.135261153116206,0.007116165112309812,-0.8035975558787243,0.9925279152401798,0.8166837330670763,1.0,0.0,1.0,0.0,0.0,0.0,1.0,0.0,1.0,0.0,0.0,1.0,0.0,1.0,0.0,1.0,0
0.8778736230327073,-0.2528374829914478,-0.4768192524778005,0.6367982003823889,-1.0075283371329782,-1.0024079398382892,1.0,0.0,0.0,0.0,0.0,0.0,1.0,0.0,1.0,0.0,1.0,0.0,0.0,1.0,1.0,0.0,0
-1.8039976011423788,0.9158560697821605,1.1357377216137694,-0.2701930496731957,0.9925279152401798,-0.19392275188034908,0.0,0.0,0.0,0.0,0.0,0.0,0.0,0.0,0.0,0.0,0.0,0.0,0.0,1.0,0.0,1.0,0
-2.4090405791432823,-2.065286924974403,-0.596330259952228,0.007706626269761704,0.9925279152401798,-1.0529382640856604,0.0,0.0,1.0,0.0,0.0,0.0,1.0,1.0,0.0,0.0,1.0,0.0,1.0,0.0,1.0,1.0,1
-0.07926063011811821,-0.6998203318467655,-0.40191446610298326,-1.0387434355227652,-1.0075283371329782,-2.0635447490330856,0.0,1.0,1.0,0.0,0.0,0.0,1.0,1.0,0.0,0.0,1.0,0.0,1.0,0.0,1.0,1.0,0
-1.545943126187777,0.4166937885006947,-0.643461361491439,1.0724797436189661,0.9925279152401798,0.1597895178512499,0.0,0.0,0.0,0.0,0.0,1.0,0.0,0.0,1.0,0.0,0.0,1.0,0.0,0.0,0.0,1.0,0
0.3872785336416135,-0.05857911407964328,-0.946447014243508,0.70500068495447,0.9925279152401798,2.181002487746101,0.0,0.0,0.0,0.0,0.0,1.0,0.0,0.0,0.0,1.0,1.0,0.0,1.0,0.0,1.0,0.0,1
0.5389037618635264,0.045151082912097476,1.22663341743939,-0.28851610522987486,-1.0075283371329782,0.4629714633354778,0.0,0.0,1.0,0.0,0.0,1.0,0.0,1.0,0.0,0.0,0.0,1.0,0.0,1.0,0.0,1.0,0
0.7619677995361486,-0.4980179486082887,-0.5727647091826226,-0.29462379041543313,-1.0075283371329782,-1.0024079398382892,1.0,0.0,0.0,1.0,0.0,0.0,0.0,0.0,0.0,0.0,1.0,0.0,0.0,1.0,1.0,1.0,0
0.22617672865583138,0.013717689884297354,0.36733244116199243,0.9370927220057309,0.9925279152401798,0.6650927603249626,0.0,0.0,1.0,0.0,0.0,0.0,0.0,0.0,1.0,0.0,0.0,0.0,0.0,0.0,0.0,1.0,0
-1.0371238507123193,-1.1122264483715032,-0.5172173395114101,0.15225517566133656,0.9925279152401798,-0.5981653458593191,0.0,1.0,1.0,0.0,0.0,0.0,0.0,0.0,1.0,0.0,0.0,1.0,1.0,0.0,0.0,1.0,0
-0.10623242552297806,0.677590950631436,0.20405683940115524,-0.32618016387415744,0.9925279152401798,-0.29498340037509146,0.0,1.0,0.0,0.0,0.0,0.0,0.0,0.0,0.0,0.0,1.0,0.0,0.0,1.0,1.0,1.0,0
-2.7116531890741546,1.1560071925145539,0.9648874785341301,-0.2620494694257832,-1.0075283371329782,0.3113804905933636,1.0,0.0,0.0,1.0,0.0,1.0,0.0,1.0,0.0,0.0,1.0,0.0,0.0,0.0,0.0,1.0,0
1.39544050782866,0.4625865423212831,0.46159464424041446,-1.3370020620842544,0.9925279152401798,-0.14339242763297752,1.0,0.0,0.0,1.0,0.0,1.0,0.0,1.0,0.0,0.0,0.0,1.0,0.0,1.0,1.0,0.0,1
2.0522401743091585,0.11430454757325739,0.8243358007296977,-0.25695973177115056,0.9925279152401798,-0.24445307612772016,0.0,0.0,1.0,0.0,0.0,1.0,0.0,0.0,1.0,0.0,1.0,0.0,0.0,0.0,0.0,1.0,0
0.7831078553940118,1.6117913914176556,-1.0777407971027382,-0.1785777718898027,-1.0075283371329782,-0.8002866428488041,1.0,0.0,1.0,0.0,0.0,1.0,0.0,0.0,1.0,0.0,1.0,0.0,1.0,0.0,1.0,0.0,1
-1.2332160929800815,0.9328301020171732,-1.824263780411309,-0.2966596854772873,0.9925279152401798,-0.8002866428488041,0.0,1.0,0.0,1.0,0.0,1.0,0.0,0.0,0.0,0.0,0.0,1.0,0.0,0.0,0.0,1.0,0
-1.7668202615302753,-1.5026291897767807,-0.7444565790754618,0.7996698053306429,-1.0075283371329782,-0.34551372462246277,0.0,0.0,0.0,1.0,0.0,1.0,0.0,0.0,1.0,0.0,0.0,0.0,0.0,1.0,0.0,0.0,1
-0.7929197571818342,-1.0826790589253708,0.771313311498086,0.060639897877943584,-1.0075283371329782,0.8166837330670763,0.0,1.0,1.0,0.0,0.0,1.0,0.0,0.0,1.0,0.0,1.0,0.0,0.0,0.0,1.0,0.0,1
0.3501011940295105,1.066107688455045,0.36396593390919235,-0.10426760213216323,0.9925279152401798,-0.39604404886983385,0.0,0.0,1.0,0.0,0.0,0.0,1.0,0.0,1.0,0.0,1.0,0.0,0.0,1.0,1.0,0.0,0
1.1468626096379277,-0.546425373871101,-0.5079594445662075,0.26422940406326006,0.9925279152401798,-0.44657437311720516,0.0,0.0,0.0,1.0,0.0,1.0,0.0,0.0,1.0,0.0,1.0,0.0,1.0,0.0,1.0,0.0,1
-1.2536271813945699,-0.519392655867193,-0.9312977316059046,0.8821235553356949,-1.0075283371329782,-0.29498340037509146,0.0,0.0,1.0,0.0,0.0,0.0,0.0,1.0,0.0,0.0,0.0,1.0,1.0,0.0,1.0,1.0,0
0.2823072217956739,0.24946813759279826,0.669476467100862,0.04435273738311861,-1.0075283371329782,-1.8614234520436008,1.0,0.0,1.0,0.0,0.0,0.0,1.0,0.0,0.0,0.0,1.0,0.0,1.0,0.0,1.0,1.0,0
-0.28993222125337237,-0.887163354292454,0.5011511044608234,1.0144567343561517,0.9925279152401798,0.1597895178512499,0.0,0.0,1.0,0.0,0.0,1.0,0.0,0.0,1.0,0.0,1.0,0.0,1.0,0.0,1.0,1.0,0
-0.05666263937350704,1.3351775327730142,-0.44988719445539427,-0.27426483979690264,0.9925279152401798,0.6145624360775915,0.0,0.0,1.0,0.0,0.0,0.0,1.0,1.0,0.0,0.0,0.0,1.0,0.0,1.0,1.0,1.0,0
-0.38907179355231547,-0.10384320003967538,-0.1250192445601199,-1.2087406731875046,0.9925279152401798,-0.8002866428488041,0.0,0.0,1.0,0.0,0.0,0.0,1.0,1.0,0.0,0.0,1.0,0.0,0.0,1.0,0.0,1.0,0
-0.37157657491132584,-1.5170885505695686,1.3091128451330092,1.2964282004228147,-1.0075283371329782,-1.4571808580646306,1.0,0.0,0.0,0.0,0.0,0.0,0.0,1.0,0.0,0.0,0.0,0.0,0.0,1.0,1.0,1.0,0
-2.1174536017934495,0.6191248395997274,-0.3042857557717606,0.4087779534548349,0.9925279152401798,0.1597895178512499,0.0,0.0,1.0,0.0,0.0,0.0,0.0,0.0,1.0,0.0,0.0,1.0,0.0,1.0,0.0,1.0,0
1.4610475777323728,-0.3377076441665082,-0.2840867122549564,-0.22133156818871932,0.9925279152401798,-2.0130144247857147,1.0,0.0,1.0,0.0,0.0,1.0,0.0,0.0,1.0,0.0,0.0,1.0,0.0,0.0,1.0,1.0,1
-1.4963733400383055,-0.29055755462480803,-0.2201230744517413,-0.3007314756009929,0.9925279152401798,-0.14339242763297752,0.0,1.0,1.0,0.0,0.0,1.0,0.0,1.0,0.0,0.0,1.0,0.0,1.0,0.0,0.0,0.0,1
-0.4619685378897736,1.619335405744327,0.9202812574345198,-0.8198847163735508,-1.0075283371329782,0.5135017875828488,0.0,0.0,1.0,0.0,0.0,0.0,1.0,1.0,0.0,0.0,0.0,1.0,1.0,0.0,0.0,1.0,0
0.49662365014780074,0.4619578744607268,0.34629177083198764,0.3334498361662669,-1.0075283371329782,1.321986975540789,0.0,0.0,0.0,0.0,0.0,1.0,0.0,1.0,0.0,0.0,0.0,0.0,1.0,0.0,0.0,0.0,1
-1.3360005024958972,0.11556188329437003,1.0902898737009583,-1.2189201484967704,-1.0075283371329782,0.6145624360775915,0.0,0.0,0.0,0.0,0.0,0.0,0.0,1.0,0.0,0.0,1.0,0.0,0.0,1.0,0.0,1.0,0
0.293241733446293,0.5644307357313558,-0.6779680608326466,0.12782443491909767,0.9925279152401798,-0.29498340037509146,0.0,0.0,0.0,1.0,0.0,0.0,1.0,0.0,0.0,0.0,0.0,1.0,0.0,1.0,1.0,0.0,0
-0.1434097651350821,-0.06612312840631471,1.5489764868950637,0.4097959009857606,0.9925279152401798,1.4230476240355316,0.0,1.0,1.0,0.0,0.0,0.0,0.0,1.0,0.0,0.0,0.0,1.0,0.0,1.0,0.0,0.0,0
0.631482627172099,0.8146405442326441,-0.04674795093250258,0.04129889479033875,-1.0075283371329782,1.0188050300565614,1.0,0.0,1.0,0.0,0.0,0.0,1.0,0.0,1.0,0.0,0.0,0.0,0.0,0.0,0.0,1.0,0
-0.7294995896082452,0.380859720449003,-0.0846211575265103,0.8984107158305212,-1.0075283371329782,-0.29498340037509146,0.0,0.0,0.0,0.0,0.0,0.0,0.0,0.0,1.0,0.0,1.0,0.0,0.0,1.0,1.0,0.0,0
1.4756269265998645,0.5512287106596793,0.3420836367659869,0.19704486702210597,-1.0075283371329782,-2.0635447490330856,1.0,0.0,0.0,0.0,0.0,1.0,0.0,0.0,0.0,0.0,0.0,1.0,0.0,0.0,1.0,0.0,1
-2.356554923220312,-0.2918148903459198,0.9977109242489377,-1.4479583429552516,0.9925279152401798,-0.29498340037509146,0.0,1.0,1.0,0.0,0.0,1.0,0.0,0.0,0.0,1.0,1.0,0.0,1.0,0.0,0.0,0.0,1
0.7729023111867677,-2.734896779949114,0.3294592345679847,1.3737922127732354,-1.0075283371329782,-1.2550595610751456,0.0,0.0,1.0,0.0,0.0,0.0,0.0,1.0,0.0,0.0,0.0,0.0,1.0,0.0,1.0,0.0,0
2.0522401743091585,-1.7075749123180375,0.43466258621800885,-1.4438865528315452,-1.0075283371329782,0.058728869356507264,0.0,1.0,0.0,0.0,0.0,0.0,1.0,0.0,1.0,0.0,0.0,1.0,1.0,0.0,0.0,1.0,0
0.0818411748676639,-1.7748423733975298,1.036425757656146,-0.29462379041543313,0.9925279152401798,-0.29498340037509146,0.0,0.0,1.0,0.0,0.0,0.0,1.0,0.0,0.0,1.0,0.0,1.0,0.0,1.0,0.0,1.0,0
-0.382511086561945,-0.1874560254936236,0.7511142679812806,-0.29564173794636023,0.9925279152401798,-0.6992259943540615,1.0,0.0,1.0,0.0,0.0,0.0,1.0,0.0,1.0,0.0,0.0,0.0,1.0,0.0,0.0,1.0,0
1.017835372160627,0.2859308735050463,-0.46587810390619777,-0.9990434818166283,0.9925279152401798,-1.6087718308067445,1.0,0.0,0.0,1.0,0.0,0.0,1.0,0.0,0.0,0.0,0.0,1.0,1.0,0.0,0.0,1.0,0
-0.25056797931114555,0.15579662636995423,-0.15952594390132752,-1.4510121855480314,-1.0075283371329782,-1.558241506559373,0.0,1.0,1.0,0.0,0.0,0.0,0.0,0.0,0.0,0.0,0.0,0.0,0.0,1.0,0.0,1.0,0
-1.284972781459677,-0.1340192573463633,0.0946453536851304,-0.5175542996883559,-1.0075283371329782,0.2608501663459925,0.0,1.0,1.0,0.0,0.0,0.0,1.0,0.0,1.0,0.0,0.0,0.0,0.0,1.0,1.0,1.0,0
2.0522401743091585,0.15893996567273405,0.8184444130372958,0.4097959009857606,0.9925279152401798,-0.5476350216119478,0.0,1.0,0.0,0.0,0.0,1.0,0.0,1.0,0.0,0.0,1.0,0.0,0.0,0.0,1.0,1.0,0
-0.1310173185977141,-0.32387695123427623,0.3429252635791875,1.2943923053609618,0.9925279152401798,-0.39604404886983385,0.0,0.0,0.0,0.0,0.0,0.0,0.0,0.0,0.0,0.0,1.0,0.0,0.0,0.0,1.0,0.0,0
1.1133301072426975,-2.0495702284605026,-1.853720718873316,0.5573982929701153,-1.0075283371329782,-1.4571808580646306,0.0,0.0,0.0,0.0,0.0,1.0,0.0,0.0,0.0,0.0,0.0,1.0,1.0,0.0,0.0,0.0,1
1.4034591497057802,-0.3483949977959599,-0.05348096543810398,0.49835733617637373,-1.0075283371329782,1.9788811907566157,0.0,0.0,1.0,0.0,0.0,1.0,0.0,0.0,0.0,0.0,1.0,0.0,0.0,0.0,1.0,0.0,1
0.029355518944694105,-0.44583851618214054,-1.1644283588623583,1.39618705845362,-1.0075283371329782,-0.24445307612772016,0.0,1.0,1.0,0.0,0.0,0.0,1.0,0.0,1.0,0.0,1.0,0.0,0.0,0.0,0.0,1.0,0
0.205765640241343,-1.1367444949331873,0.8024535035864923,0.525841919511391,-1.0075283371329782,0.1092591936038788,1.0,0.0,1.0,0.0,0.0,0.0,1.0,0.0,1.0,0.0,0.0,0.0,0.0,1.0,0.0,0.0,0
-0.7397051338154894,0.9843808665827649,1.094498007766959,0.5828469812432798,-1.0075283371329782,1.8272902180145016,1.0,0.0,0.0,1.0,0.0,0.0,1.0,0.0,0.0,0.0,1.0,0.0,0.0,0.0,0.0,0.0,0
-1.0137968925243326,0.1551679585093979,-0.17804173379173166,-1.0173665373733074,-1.0075283371329782,-1.0024079398382892,0.0,0.0,0.0,1.0,0.0,0.0,1.0,0.0,0.0,1.0,0.0,0.0,1.0,0.0,1.0,1.0,0
-0.42770706805116837,0.3500549952817583,-0.6131627962162315,-0.24576230893095824,-1.0075283371329782,0.1092591936038788,0.0,1.0,0.0,0.0,0.0,0.0,1.0,0.0,0.0,1.0,1.0,0.0,1.0,0.0,1.0,1.0,0
0.6103425713142356,-1.7170049302263775,-0.04843120455890263,-0.14091371324552013,0.9925279152401798,1.4230476240355316,1.0,0.0,0.0,0.0,0.0,1.0,0.0,0.0,0.0,1.0,0.0,1.0,0.0,0.0,0.0,1.0,0
-0.20901683503879384,-1.654766812031333,0.10221999500393242,-0.5664157811728308,0.9925279152401798,-1.1034685883330317,0.0,0.0,0.0,0.0,0.0,0.0,0.0,0.0,0.0,0.0,1.0,0.0,0.0,0.0,0.0,1.0,0
1.8182416249859181,-0.06863779984853911,1.584324813049472,1.3361281541289514,-1.0075283371329782,1.0693353543039326,1.0,0.0,1.0,0.0,0.0,0.0,1.0,0.0,0.0,1.0,0.0,1.0,0.0,0.0,1.0,0.0,0
2.0522401743091585,-0.2779841974136878,-1.2898307540291871,0.23572687319731564,0.9925279152401798,-1.2550595610751456,1.0,0.0,1.0,0.0,0.0,0.0,0.0,0.0,0.0,0.0,0.0,0.0,0.0,0.0,1.0,1.0,0
-0.15288634189895134,0.661874254117536,-0.3808737957729785,-1.8816039911299753,0.9925279152401798,-0.14339242763297752,0.0,1.0,0.0,1.0,0.0,1.0,0.0,0.0,1.0,0.0,0.0,0.0,0.0,1.0,1.0,0.0,1
1.419496433460021,-0.8544726255435422,2.1818798504216086,-1.8551373553258845,0.9925279152401798,0.8166837330670763,0.0,1.0,1.0,0.0,0.0,0.0,1.0,1.0,0.0,0.0,0.0,1.0,1.0,0.0,1.0,1.0,0
-0.0457281277228879,-0.32136227979205184,-1.0844738116083397,-0.07678301879714446,-1.0075283371329782,-0.7497563186014329,1.0,0.0,1.0,0.0,0.0,1.0,0.0,0.0,0.0,0.0,1.0,0.0,0.0,0.0,0.0,0.0,1
-0.32856749575222527,0.16334064069662566,2.1818798504216086,1.7137866881027128,0.9925279152401798,-0.8002866428488041,0.0,0.0,1.0,0.0,0.0,0.0,0.0,0.0,1.0,0.0,0.0,1.0,1.0,0.0,0.0,1.0,0
-1.352766753693513,-0.3716557086365323,1.3200539937046114,-0.6580310589562238,0.9925279152401798,0.2608501663459925,0.0,0.0,0.0,0.0,0.0,0.0,0.0,0.0,1.0,0.0,0.0,0.0,0.0,1.0,0.0,1.0,0
0.1897283564871023,1.0063842417022246,0.25287119456676627,-0.07881891385899867,0.9925279152401798,1.1198656785513041,0.0,0.0,1.0,0.0,0.0,0.0,1.0,0.0,0.0,1.0,0.0,0.0,1.0,0.0,0.0,1.0,0
-0.69523811976964,-0.6482695672811732,-0.04758957774570201,1.8430660245303898,0.9925279152401798,0.3113804905933636,0.0,0.0,1.0,0.0,0.0,0.0,0.0,0.0,0.0,1.0,0.0,1.0,0.0,1.0,0.0,1.0,0
1.0499099396691085,2.1493024121930375,1.5161530411802562,1.2618179843713104,0.9925279152401798,-0.29498340037509146,1.0,0.0,1.0,0.0,0.0,1.0,0.0,0.0,0.0,1.0,1.0,0.0,0.0,1.0,0.0,1.0,0
1.571121661681935,-0.9060233901091344,0.43213770577840815,0.2896780923364246,0.9925279152401798,1.0188050300565614,0.0,0.0,0.0,1.0,0.0,0.0,1.0,0.0,0.0,1.0,0.0,1.0,1.0,0.0,0.0,0.0,0
-0.7433499710323627,0.17025598716274165,0.06518841522312413,1.9265377220663689,0.9925279152401798,0.4629714633354778,0.0,0.0,1.0,0.0,0.0,1.0,0.0,0.0,1.0,0.0,0.0,1.0,1.0,0.0,0.0,0.0,1
-0.570584686952587,0.4028630955684627,1.4841712222786492,-2.049565333732862,-1.0075283371329782,-2.0635447490330856,0.0,1.0,0.0,0.0,0.0,1.0,0.0,0.0,0.0,0.0,0.0,1.0,1.0,0.0,0.0,1.0,0
1.0914610839414591,-0.763944453623478,1.1071224099649626,0.7701493269337714,0.9925279152401798,-0.14339242763297752,0.0,0.0,0.0,1.0,0.0,0.0,1.0,1.0,0.0,0.0,1.0,0.0,1.0,0.0,0.0,1.0,0
-0.32346472364860374,-1.2668787420682799,1.0170683409525412,0.2621935090014073,-1.0075283371329782,0.7156230845723341,0.0,0.0,0.0,1.0,0.0,1.0,0.0,0.0,0.0,0.0,0.0,1.0,0.0,1.0,1.0,1.0,0
0.16494346341236626,0.03509239714320165,-0.14690154170332534,-0.6417438984613988,-1.0075283371329782,2.4841844332303284,0.0,1.0,0.0,1.0,0.0,0.0,1.0,0.0,0.0,0.0,0.0,0.0,1.0,0.0,1.0,0.0,0
0.09496258884840687,-1.185780588056555,-1.7998566028285037,1.1223591726343682,0.9925279152401798,-0.6486956701066902,0.0,1.0,0.0,0.0,0.0,0.0,1.0,0.0,0.0,1.0,0.0,1.0,0.0,1.0,0.0,1.0,0
-0.4903982681813824,0.8322432443282123,-0.16625895840692892,-0.7730591299509272,-1.0075283371329782,-0.39604404886983385,0.0,1.0,0.0,1.0,0.0,0.0,1.0,1.0,0.0,0.0,0.0,0.0,1.0,0.0,0.0,1.0,0
0.7072952412830549,-1.4755964717728722,0.8638922609501067,0.9747567806500149,-1.0075283371329782,-1.8614234520436008,0.0,1.0,1.0,0.0,0.0,0.0,0.0,0.0,0.0,0.0,1.0,0.0,0.0,1.0,0.0,1.0,0
-0.027503941638523356,0.6002648037830475,1.217375522494188,-0.40049033363179837,0.9925279152401798,-0.39604404886983385,0.0,1.0,0.0,0.0,0.0,0.0,1.0,1.0,0.0,0.0,0.0,0.0,1.0,0.0,0.0,1.0,0
0.10589710049902498,-0.84378527191409,-0.5424661439074157,-1.1527535589865427,0.9925279152401798,-0.34551372462246277,0.0,1.0,1.0,0.0,0.0,0.0,0.0,0.0,0.0,0.0,0.0,0.0,1.0,0.0,1.0,1.0,0
0.11318677493277142,-0.5439107024288771,-0.8917412713854955,0.5818290337123542,0.9925279152401798,-0.04233177913823491,0.0,1.0,1.0,0.0,0.0,1.0,0.0,0.0,0.0,1.0,0.0,0.0,0.0,1.0,0.0,1.0,0
1.3801321915177942,-1.613274733234637,-0.31943503840936466,-0.4900697163533371,-1.0075283371329782,0.9177443815618189,0.0,0.0,0.0,1.0,0.0,1.0,0.0,0.0,0.0,0.0,0.0,0.0,0.0,0.0,0.0,1.0,0
-1.3746357769947501,0.7178256937070202,-0.60474652808423,-0.9705409509506839,0.9925279152401798,-0.8508169670961755,0.0,0.0,1.0,0.0,0.0,1.0,0.0,0.0,0.0,1.0,1.0,0.0,0.0,0.0,0.0,0.0,1
0.48058636639356006,-1.9414393564448702,-1.4051336274376134,0.8047595429852755,0.9925279152401798,-0.29498340037509146,1.0,0.0,0.0,1.0,0.0,0.0,1.0,0.0,0.0,1.0,0.0,0.0,0.0,0.0,1.0,1.0,0
1.1512364142981755,0.970550173650533,1.5582343818402657,0.3487190491301662,-1.0075283371329782,-1.4571808580646306,0.0,1.0,1.0,0.0,0.0,1.0,0.0,0.0,0.0,1.0,0.0,0.0,0.0,0.0,0.0,1.0,1
-0.6901353476660179,0.545570699914675,-0.33710920148656814,1.798276333169619,0.9925279152401798,-0.5981653458593191,0.0,1.0,1.0,0.0,0.0,0.0,0.0,0.0,0.0,1.0,0.0,1.0,1.0,0.0,0.0,1.0,0
0.6154453434178583,0.11178987613103387,0.3622826802827923,0.2377627682591684,0.9925279152401798,-1.356120209569888,0.0,1.0,1.0,0.0,0.0,0.0,0.0,0.0,0.0,1.0,1.0,0.0,0.0,1.0,1.0,0.0,0
1.9312315787089782,-0.789091168045718,1.8586951541527341,-0.09510607435382364,0.9925279152401798,-1.760362803548858,0.0,0.0,0.0,0.0,0.0,1.0,0.0,0.0,0.0,0.0,0.0,0.0,0.0,0.0,1.0,1.0,1
0.9084902556544399,-0.6759309531456372,-0.6611355245686426,-1.026528065151647,0.9925279152401798,-1.760362803548858,1.0,0.0,0.0,1.0,0.0,0.0,0.0,0.0,0.0,1.0,0.0,0.0,0.0,0.0,1.0,1.0,1
-0.4182304912872991,0.5166519783290993,0.19227406401635247,0.33955752135182665,-1.0075283371329782,-0.6486956701066902,1.0,0.0,1.0,0.0,0.0,0.0,0.0,0.0,0.0,0.0,0.0,0.0,1.0,0.0,1.0,0.0,0
0.49443674781767694,-1.6145320689557487,0.6055128292976469,-0.15414703114756523,-1.0075283371329782,0.7156230845723341,0.0,0.0,0.0,1.0,0.0,0.0,0.0,0.0,0.0,1.0,0.0,0.0,1.0,0.0,0.0,1.0,0
0.05559834690617901,-1.4227883714861682,2.6826478042757236,-1.2464047318317886,-1.0075283371329782,0.56403211183022,0.0,1.0,0.0,0.0,0.0,0.0,1.0,0.0,0.0,1.0,0.0,1.0,0.0,0.0,0.0,1.0,0
-0.015840462544530295,0.19288803014275768,0.030681715881915306,-0.33839553424527685,-1.0075283371329782,-0.24445307612772016,0.0,0.0,1.0,0.0,0.0,0.0,1.0,1.0,0.0,0.0,0.0,1.0,0.0,0.0,0.0,1.0,0
0.18535455182685465,-1.4001563285061522,-0.645986241931039,-0.480908188574999,0.9925279152401798,-1.8614234520436008,0.0,1.0,1.0,0.0,0.0,0.0,0.0,0.0,0.0,1.0,1.0,0.0,0.0,0.0,1.0,0.0,1
-1.6035315542143689,0.7662331189698321,-1.854562345686516,0.39859847814556826,-1.0075283371329782,-0.6992259943540615,1.0,0.0,0.0,1.0,0.0,1.0,0.0,0.0,0.0,1.0,1.0,0.0,1.0,0.0,0.0,1.0,0
0.6103425713142356,-0.5589987310822209,-0.2933446072001585,0.372131842341478,0.9925279152401798,-0.5476350216119478,1.0,0.0,1.0,0.0,0.0,0.0,1.0,0.0,0.0,1.0,0.0,0.0,0.0,0.0,1.0,1.0,0
-1.3104866419777874,-0.8286972432607458,-0.3118603970905626,-0.16229061139497772,0.9925279152401798,-0.14339242763297752,1.0,0.0,0.0,0.0,0.0,0.0,0.0,1.0,0.0,0.0,1.0,0.0,0.0,1.0,1.0,1.0,0
0.27428857991855354,-1.0682196981325829,-0.0879876647793116,1.149843755969387,0.9925279152401798,0.1092591936038788,0.0,1.0,0.0,0.0,0.0,1.0,0.0,0.0,0.0,0.0,1.0,0.0,0.0,1.0,1.0,1.0,0
-0.2789977096027543,0.7423437402687044,-1.2452245329295768,1.1936154997992292,0.9925279152401798,2.736836054467185,0.0,1.0,1.0,0.0,0.0,1.0,0.0,0.0,0.0,0.0,0.0,0.0,1.0,0.0,0.0,1.0,0
0.468193919856192,2.077634276089653,0.12410229214713667,0.41386769110946753,-1.0075283371329782,-0.09286210338560645,1.0,0.0,1.0,0.0,0.0,0.0,1.0,1.0,0.0,0.0,0.0,0.0,0.0,1.0,1.0,0.0,0
1.1162459770161952,0.1620833049755139,0.4834769413836199,-0.3302519539978644,-1.0075283371329782,1.0188050300565614,1.0,0.0,0.0,1.0,0.0,0.0,0.0,1.0,0.0,0.0,0.0,0.0,0.0,0.0,1.0,0.0,0
-0.932152538866379,0.5864341108508155,0.25876258225916826,0.0881244812129609,0.9925279152401798,-1.558241506559373,1.0,0.0,0.0,1.0,0.0,0.0,1.0,0.0,1.0,0.0,0.0,0.0,1.0,0.0,0.0,1.0,0
0.605968766653988,-0.36788370147319616,0.7393314925964778,0.6968571047070575,-1.0075283371329782,-2.0635447490330856,0.0,0.0,1.0,0.0,0.0,0.0,1.0,1.0,0.0,0.0,0.0,0.0,0.0,0.0,1.0,1.0,1
0.7860237251675096,0.6266688539263997,0.45233674929521234,0.700928894830763,-1.0075283371329782,0.9682747058091904,0.0,0.0,0.0,1.0,0.0,0.0,1.0,1.0,0.0,0.0,0.0,1.0,0.0,0.0,1.0,0.0,0
0.3595777707933797,1.3710116008247069,-1.2519575474351783,-1.2331714139297427,-1.0075283371329782,-0.09286210338560645,0.0,1.0,0.0,1.0,0.0,0.0,0.0,0.0,0.0,1.0,1.0,0.0,0.0,1.0,0.0,0.0,0
1.8422975506172792,-0.9739195190491825,-1.979964740853345,0.7721852219956241,-1.0075283371329782,0.9682747058091904,0.0,0.0,1.0,0.0,0.0,1.0,0.0,0.0,0.0,0.0,0.0,0.0,1.0,0.0,1.0,1.0,0
-0.6099489288948143,1.6583128130987994,1.0448420257881488,-0.5786311515439503,-1.0075283371329782,-0.7497563186014329,0.0,1.0,0.0,1.0,0.0,0.0,1.0,0.0,1.0,0.0,0.0,1.0,1.0,0.0,1.0,0.0,0
0.7984161717048777,0.06149644728655386,-1.2031431922695672,0.4576394349393113,0.9925279152401798,-0.04233177913823491,1.0,0.0,0.0,1.0,0.0,0.0,0.0,0.0,0.0,0.0,0.0,0.0,0.0,1.0,1.0,1.0,0
-0.32273575620522876,1.286141439649646,-0.8446101698462846,1.8277968115664904,0.9925279152401798,-0.7497563186014329,0.0,1.0,0.0,0.0,0.0,0.0,1.0,0.0,0.0,1.0,1.0,0.0,0.0,0.0,0.0,0.0,0
-0.6128647986683126,0.8888233517782529,-1.455631236229625,-1.2158663059039907,-1.0075283371329782,0.5135017875828488,1.0,0.0,0.0,1.0,0.0,0.0,0.0,0.0,1.0,0.0,0.0,1.0,1.0,0.0,0.0,1.0,0
0.3909233708584862,1.208186624940702,0.3412420099527875,-0.650905426239737,0.9925279152401798,1.5746385967776453,1.0,0.0,1.0,0.0,0.0,1.0,0.0,0.0,1.0,0.0,1.0,0.0,0.0,1.0,1.0,1.0,0
1.6731771037543757,0.3745730418434424,0.11989415808113595,2.5515575060552904,0.9925279152401798,-1.5077111823120017,0.0,0.0,0.0,1.0,0.0,0.0,1.0,0.0,0.0,1.0,0.0,1.0,0.0,0.0,1.0,0.0,1
-1.8703336384894662,0.9988402273755532,0.7612137897396833,-0.5318055651213281,-1.0075283371329782,-0.6992259943540615,0.0,1.0,1.0,0.0,0.0,1.0,0.0,0.0,0.0,0.0,0.0,0.0,0.0,0.0,0.0,1.0,0
0.25679336127756397,-1.092737744694267,-1.8410963166753131,0.08710653368203525,0.9925279152401798,-0.14339242763297752,0.0,1.0,0.0,1.0,0.0,0.0,1.0,0.0,0.0,0.0,0.0,1.0,0.0,0.0,1.0,0.0,0
0.3661384777837512,-0.6507842387233972,0.1392515747847407,0.6775161016194527,0.9925279152401798,1.1703960027986753,0.0,0.0,0.0,0.0,0.0,0.0,1.0,0.0,1.0,0.0,0.0,0.0,0.0,0.0,0.0,0.0,0
1.394711540385286,0.39217574193901056,-1.4724637724936285,-0.28851610522987486,0.9925279152401798,-1.8614234520436008,1.0,0.0,0.0,0.0,0.0,0.0,0.0,0.0,0.0,1.0,1.0,0.0,0.0,0.0,1.0,0.0,1
0.24002711007994829,0.8366439193521048,0.15524248423554418,-0.389292910791606,-1.0075283371329782,0.6650927603249626,1.0,0.0,0.0,1.0,0.0,0.0,0.0,0.0,0.0,1.0,0.0,0.0,1.0,0.0,1.0,0.0,0
-0.7367892640419912,-2.0728309393010744,-0.0038249834592923126,1.4755869658658936,0.9925279152401798,-1.0529382640856604,0.0,0.0,0.0,1.0,0.0,0.0,0.0,0.0,1.0,0.0,0.0,1.0,1.0,0.0,0.0,1.0,0
-1.3637012653441316,0.12939257622660202,0.10895300950953382,0.13189622504280463,0.9925279152401798,1.321986975540789,0.0,0.0,0.0,0.0,0.0,0.0,1.0,0.0,0.0,1.0,0.0,0.0,0.0,0.0,1.0,1.0,0
-0.05520470448675713,-0.3326783012820599,-0.22685608895734272,0.6958391571761304,-1.0075283371329782,0.008198545109136179,0.0,0.0,0.0,1.0,0.0,0.0,0.0,0.0,1.0,0.0,0.0,0.0,1.0,0.0,1.0,0.0,0
1.5864299779928006,-0.02966039249406667,0.38753148467879783,1.128466857819928,0.9925279152401798,-0.6486956701066902,1.0,0.0,0.0,1.0,0.0,0.0,1.0,0.0,1.0,0.0,0.0,1.0,1.0,0.0,1.0,1.0,0
-1.6239426426288572,1.6891175382660442,0.07528793698152562,-0.00043695397765078126,0.9925279152401798,0.1092591936038788,0.0,1.0,0.0,1.0,0.0,1.0,0.0,0.0,0.0,0.0,0.0,0.0,1.0,0.0,1.0,0.0,1
1.1585260887319209,0.3349669666284146,0.19479894445595317,0.1349500676355845,-1.0075283371329782,0.058728869356507264,0.0,1.0,1.0,0.0,0.0,0.0,0.0,0.0,0.0,1.0,0.0,0.0,0.0,0.0,0.0,0.0,0
0.5090160966851688,0.3494263274212029,-0.32027666522256526,1.0215823670726372,-1.0075283371329782,-0.29498340037509146,1.0,0.0,0.0,1.0,0.0,0.0,1.0,0.0,1.0,0.0,0.0,1.0,1.0,0.0,1.0,1.0,0
-0.4583237006729009,-2.059628914229399,-0.9649628041339127,-1.0143126947805277,0.9925279152401798,2.130472163498729,0.0,0.0,0.0,1.0,0.0,0.0,1.0,0.0,0.0,1.0,0.0,1.0,0.0,0.0,0.0,1.0,0
0.15765378897862087,-0.2207754221030918,0.03657310357431728,0.5889546664288396,-1.0075283371329782,-0.34551372462246277,1.0,0.0,1.0,0.0,0.0,1.0,0.0,0.0,0.0,1.0,0.0,1.0,1.0,0.0,1.0,1.0,0
-0.12883041626759026,1.303744139745214,-0.5912804990730267,-0.1714521391733173,-1.0075283371329782,-0.6486956701066902,1.0,0.0,1.0,0.0,0.0,1.0,0.0,0.0,0.0,0.0,1.0,0.0,1.0,0.0,0.0,1.0,0
1.25693669358749,-0.3383363120270641,1.3192123668914109,1.391097320798986,-1.0075283371329782,-0.19392275188034908,0.0,1.0,0.0,1.0,0.0,1.0,0.0,0.0,1.0,0.0,1.0,0.0,1.0,0.0,0.0,1.0,0
1.0630313536498515,-1.2121846381999073,-1.1257135254551494,-1.0204203799660874,0.9925279152401798,0.6650927603249626,1.0,0.0,1.0,0.0,0.0,0.0,0.0,0.0,0.0,0.0,0.0,0.0,0.0,1.0,1.0,1.0,0
0.7342670366879148,0.4569285315762789,-0.5668733214902212,-0.13887781818366737,-1.0075283371329782,-0.7497563186014329,1.0,0.0,0.0,0.0,0.0,0.0,0.0,0.0,0.0,1.0,0.0,0.0,0.0,1.0,1.0,0.0,0
0.46382011519594435,-1.6245907547246452,-0.4507288212685943,0.3802754225888905,0.9925279152401798,-0.6992259943540615,0.0,0.0,0.0,0.0,0.0,0.0,1.0,0.0,0.0,0.0,0.0,1.0,0.0,0.0,0.0,1.0,0
0.4587173430923228,-0.06297978910353487,1.9689482666819595,0.08201679602740118,0.9925279152401798,-2.265666046022571,1.0,0.0,0.0,0.0,0.0,0.0,1.0,0.0,0.0,1.0,1.0,0.0,0.0,0.0,0.0,1.0,1
-1.4635698050864492,0.46132920660017135,0.3547080389639903,1.2719974596805772,-1.0075283371329782,-1.4066505338172592,0.0,0.0,0.0,0.0,0.0,0.0,1.0,0.0,0.0,1.0,1.0,0.0,0.0,0.0,0.0,0.0,1
0.24512988218356985,1.249678703737398,0.5945716807260447,-0.6162952101882343,0.9925279152401798,0.1597895178512499,0.0,1.0,1.0,0.0,0.0,0.0,1.0,1.0,0.0,0.0,1.0,0.0,1.0,0.0,0.0,1.0,0
1.469066219609493,-1.9540127136559906,2.23153583240042,-0.7119822780953328,0.9925279152401798,-0.19392275188034908,1.0,0.0,1.0,0.0,0.0,1.0,0.0,0.0,1.0,0.0,0.0,1.0,1.0,0.0,0.0,1.0,0
0.9682655860111551,-0.9588314903958384,0.24782143368756493,0.11459111701705256,-1.0075283371329782,-0.19392275188034908,0.0,0.0,0.0,0.0,0.0,0.0,1.0,0.0,0.0,0.0,0.0,1.0,0.0,0.0,0.0,0.0,0
1.3896087682816634,-0.9927795548658624,0.30757693742477926,1.8512096047778024,-1.0075283371329782,0.9177443815618189,0.0,0.0,0.0,1.0,0.0,0.0,1.0,0.0,0.0,0.0,0.0,1.0,1.0,0.0,0.0,0.0,0
-0.43791261225841255,-1.3316315317055478,-0.16036757071452815,-2.0739960744750996,0.9925279152401798,0.56403211183022,1.0,0.0,1.0,0.0,0.0,0.0,0.0,0.0,1.0,0.0,0.0,0.0,0.0,0.0,0.0,1.0,0
0.46965185474294197,0.07218380091600511,-0.04758957774570201,0.36806005221777105,0.9925279152401798,0.41244113908810626,0.0,1.0,1.0,0.0,0.0,0.0,0.0,0.0,1.0,0.0,1.0,0.0,0.0,0.0,1.0,1.0,0
-0.004176983450536201,0.915227401921605,1.3318367690894142,0.900446610892374,0.9925279152401798,2.7873663787145557,0.0,1.0,1.0,0.0,0.0,1.0,0.0,1.0,0.0,0.0,0.0,1.0,0.0,0.0,0.0,1.0,0
-0.5509025659814725,0.2381521161027898,1.0987061418329611,-0.5501286206780058,-1.0075283371329782,-0.34551372462246277,0.0,0.0,0.0,0.0,0.0,1.0,0.0,0.0,1.0,0.0,1.0,0.0,0.0,0.0,1.0,0.0,1
-0.25275488164126936,-0.7123936890578857,-0.3446838428053702,-1.6739426948209526,0.9925279152401798,0.3619108148407351,0.0,1.0,0.0,0.0,0.0,1.0,0.0,0.0,0.0,0.0,0.0,1.0,1.0,0.0,0.0,0.0,1
2.0522401743091585,0.21866341242555445,-0.01560775884409506,-2.5381801485776214,0.9925279152401798,-1.4571808580646306,0.0,1.0,0.0,1.0,0.0,0.0,1.0,0.0,1.0,0.0,0.0,1.0,0.0,0.0,1.0,0.0,1
0.6234639852949786,0.12373456548159778,-0.4734527452249998,-0.6132413675954544,0.9925279152401798,0.8672140573144478,0.0,1.0,0.0,0.0,0.0,0.0,0.0,1.0,0.0,0.0,0.0,1.0,0.0,1.0,1.0,1.0,0
0.6467909434829647,0.018118364908188942,1.0448420257881488,1.321876888695979,-1.0075283371329782,-0.4971046973645765,0.0,1.0,1.0,0.0,0.0,0.0,0.0,0.0,0.0,0.0,1.0,0.0,1.0,0.0,0.0,1.0,0
0.06361698878329937,0.03006305425875374,-0.676284807206246,0.38434721271259603,-1.0075283371329782,0.4629714633354778,1.0,0.0,1.0,0.0,0.0,0.0,0.0,0.0,0.0,0.0,0.0,0.0,0.0,0.0,1.0,1.0,0
0.6591833900203328,-1.5830986759279486,-0.7545561008338645,-0.19486493238462912,-1.0075283371329782,0.8166837330670763,0.0,1.0,1.0,0.0,0.0,1.0,0.0,0.0,0.0,1.0,0.0,1.0,0.0,0.0,0.0,0.0,1
0.732080134357791,0.09984518678046997,-2.083484838876969,-0.3485750095545421,-1.0075283371329782,-0.04233177913823491,0.0,0.0,0.0,0.0,0.0,1.0,0.0,0.0,0.0,1.0,0.0,1.0,0.0,0.0,1.0,1.0,0
-1.5364665494239074,-0.4389231697160246,-1.1896771632583638,0.6205110398875638,0.9925279152401798,-0.14339242763297752,1.0,0.0,0.0,0.0,0.0,0.0,1.0,0.0,0.0,1.0,1.0,0.0,0.0,0.0,1.0,1.0,0
1.0550127117727301,1.6004753699276473,2.281191814379232,-1.3095174787492363,0.9925279152401798,-1.6593021550541156,1.0,0.0,0.0,0.0,0.0,1.0,0.0,1.0,0.0,0.0,0.0,1.0,0.0,0.0,0.0,1.0,1
-1.2725803349223088,-0.10258586431856274,-0.09724555972451367,0.03926299972848454,0.9925279152401798,1.2714566512934178,0.0,0.0,0.0,1.0,0.0,0.0,0.0,1.0,0.0,0.0,1.0,0.0,1.0,0.0,1.0,1.0,0
-0.23817553277377754,-0.5885461205283529,0.11989415808113595,-0.9074282040332368,0.9925279152401798,1.2209263270460469,1.0,0.0,1.0,0.0,0.0,0.0,0.0,0.0,0.0,1.0,1.0,0.0,1.0,0.0,0.0,0.0,0
-0.4240622308342957,-1.4353617286972886,0.20910660028035657,-0.9797024787290235,0.9925279152401798,0.058728869356507264,0.0,1.0,1.0,0.0,0.0,0.0,1.0,0.0,0.0,0.0,1.0,0.0,1.0,0.0,1.0,1.0,0
-0.3008667329039915,-1.681799530035241,0.6652683330348612,-1.0377254879918394,0.9925279152401798,0.41244113908810626,0.0,1.0,1.0,0.0,0.0,1.0,0.0,0.0,0.0,1.0,1.0,0.0,0.0,1.0,1.0,0.0,1
-1.4511773585490817,0.6851349649581074,1.1374209752401694,0.09219627133666787,0.9925279152401798,-0.8508169670961755,0.0,0.0,1.0,0.0,0.0,1.0,0.0,1.0,0.0,0.0,1.0,0.0,0.0,0.0,0.0,1.0,0
0.33406391027526977,0.6449002218825233,-2.4049862815194425,-0.13073423793625344,-1.0075283371329782,1.5746385967776453,1.0,0.0,0.0,0.0,0.0,1.0,0.0,0.0,0.0,0.0,0.0,1.0,1.0,0.0,0.0,0.0,1
-0.42697810060779445,-0.2729548545292399,-1.4531063557900243,-0.03810101262193479,-1.0075283371329782,2.029411515003987,0.0,0.0,1.0,0.0,0.0,0.0,0.0,0.0,0.0,1.0,0.0,1.0,0.0,0.0,0.0,1.0,0
1.3852349636214158,-0.06738046412742735,1.0406338917221467,-0.9359307348991812,0.9925279152401798,1.8272902180145016,0.0,0.0,0.0,1.0,0.0,1.0,0.0,0.0,0.0,1.0,0.0,0.0,0.0,0.0,0.0,1.0,0
-0.36866070513782706,1.1384044924189858,-0.8387187821538837,0.8393697590367797,-1.0075283371329782,2.282063136240843,1.0,0.0,0.0,0.0,0.0,1.0,0.0,1.0,0.0,0.0,0.0,0.0,0.0,1.0,1.0,1.0,0
0.718958720377048,-0.89407870075857,-0.6737599267666459,1.0358336325056092,-1.0075283371329782,0.7156230845723341,1.0,0.0,0.0,1.0,0.0,0.0,1.0,0.0,1.0,0.0,0.0,1.0,1.0,0.0,0.0,1.0,0
-2.159733713509175,-0.7268530498506736,1.0894482468877578,-0.847369299708568,0.9925279152401798,-0.04233177913823491,0.0,1.0,0.0,0.0,0.0,0.0,0.0,1.0,0.0,0.0,1.0,0.0,1.0,0.0,1.0,0.0,0
-0.23088585834003109,1.1704665533073422,-1.0255599346843265,-1.3817917534450237,-1.0075283371329782,1.0188050300565614,1.0,0.0,1.0,0.0,0.0,0.0,0.0,0.0,0.0,1.0,0.0,1.0,1.0,0.0,1.0,0.0,0
1.1308253258836871,1.5583546232703949,0.1283104262131386,-0.7934180805694591,0.9925279152401798,-0.6992259943540615,0.0,0.0,1.0,0.0,0.0,0.0,1.0,0.0,1.0,0.0,0.0,0.0,0.0,1.0,0.0,0.0,0
-1.1005440182859076,0.9623774914633052,0.3016855497323773,1.4959459164844242,0.9925279152401798,-0.29498340037509146,0.0,1.0,1.0,0.0,0.0,0.0,1.0,0.0,0.0,1.0,0.0,1.0,0.0,0.0,0.0,0.0,0
0.2392981426365733,0.10927520468880947,1.0658826961181536,-0.41575954659569764,-1.0075283371329782,-0.6992259943540615,0.0,1.0,1.0,0.0,0.0,0.0,0.0,0.0,0.0,0.0,1.0,0.0,0.0,1.0,1.0,0.0,0
-1.6224847077421078,0.60466547880694,1.0734573374369543,0.28153451208901215,-1.0075283371329782,1.4230476240355316,0.0,1.0,0.0,0.0,0.0,0.0,0.0,0.0,0.0,0.0,1.0,0.0,1.0,0.0,0.0,1.0,0
-0.0267749741951484,0.10613186538602964,0.32272622006238216,0.7131442652018826,-1.0075283371329782,-2.2151357217751997,0.0,0.0,0.0,1.0,0.0,1.0,0.0,1.0,0.0,0.0,1.0,0.0,0.0,1.0,0.0,1.0,0
0.756865027432527,1.3056301433268822,-0.5677149483034212,2.4416191727152197,0.9925279152401798,-0.9013472913435465,0.0,0.0,1.0,0.0,0.0,0.0,1.0,0.0,0.0,1.0,0.0,0.0,0.0,1.0,1.0,1.0,0
-0.5669398497357143,-0.0026276744901590305,-2.709129171139661,0.9605055152170427,0.9925279152401798,-1.1539989125804029,1.0,0.0,0.0,0.0,0.0,1.0,0.0,1.0,0.0,0.0,1.0,0.0,0.0,0.0,1.0,1.0,0
-0.06613921613737628,0.12813524050548936,0.9211228842477193,1.0602643732478467,-1.0075283371329782,-0.7497563186014329,1.0,0.0,0.0,0.0,0.0,1.0,0.0,0.0,0.0,1.0,1.0,0.0,0.0,1.0,1.0,1.0,0
-0.4816506588608881,0.45629986371572256,-0.8286192603954811,0.6612289411246277,-1.0075283371329782,-0.9013472913435465,1.0,0.0,1.0,0.0,0.0,0.0,0.0,0.0,0.0,1.0,1.0,0.0,0.0,1.0,1.0,1.0,0
-2.1611916483959237,-0.8840200149896742,-0.7654972494054666,1.358522999809336,0.9925279152401798,0.7661534088197052,0.0,1.0,0.0,0.0,0.0,0.0,1.0,0.0,0.0,1.0,0.0,1.0,0.0,1.0,0.0,0.0,0
-0.8949751992542755,-0.2408927936408839,0.11652765082833584,-0.830064191682816,0.9925279152401798,-1.1539989125804029,0.0,1.0,0.0,1.0,0.0,0.0,0.0,0.0,1.0,0.0,0.0,0.0,1.0,0.0,0.0,0.0,0
-0.9000779713578977,0.4141791170584712,0.7435396266624785,-0.12360860521976806,0.9925279152401798,0.3113804905933636,0.0,0.0,1.0,0.0,0.0,0.0,1.0,0.0,1.0,0.0,1.0,0.0,0.0,1.0,1.0,1.0,0
0.35666190101988093,1.922981982392877,-1.1097226160043459,0.057586055285163716,0.9925279152401798,-2.265666046022571,1.0,0.0,0.0,0.0,0.0,0.0,1.0,0.0,0.0,1.0,1.0,0.0,1.0,0.0,1.0,1.0,0
-1.2368609301969542,0.6455288897430796,1.3520358126062184,-0.20402646016296724,-1.0075283371329782,-1.1539989125804029,0.0,1.0,0.0,0.0,0.0,0.0,1.0,0.0,1.0,0.0,1.0,0.0,0.0,0.0,0.0,1.0,0
-0.20537199782192114,0.9252860876905009,-2.338497763276627,-0.5236619848739141,-1.0075283371329782,1.0693353543039326,0.0,1.0,1.0,0.0,0.0,0.0,0.0,0.0,0.0,0.0,0.0,0.0,0.0,0.0,1.0,0.0,0
0.4412221244513332,0.5851767751297038,-1.6441556423864678,-1.2514944694864212,-1.0075283371329782,0.8166837330670763,0.0,0.0,0.0,0.0,0.0,1.0,0.0,0.0,0.0,1.0,0.0,1.0,0.0,0.0,1.0,0.0,1
-1.322879088515155,1.0126709203077853,-0.3488919768713715,-0.014688219410622993,-1.0075283371329782,-0.34551372462246277,0.0,0.0,1.0,0.0,0.0,0.0,0.0,0.0,1.0,0.0,0.0,0.0,1.0,0.0,0.0,0.0,0
0.34645635681263676,0.5197953176318791,-1.4059752542508133,0.5838649287742069,0.9925279152401798,0.5135017875828488,0.0,1.0,1.0,0.0,0.0,0.0,0.0,1.0,0.0,0.0,0.0,1.0,1.0,0.0,0.0,0.0,0
1.0061718930666341,-0.7645731214840338,0.19143243720315306,-1.766575920135272,0.9925279152401798,0.7156230845723341,0.0,0.0,1.0,0.0,0.0,1.0,0.0,0.0,1.0,0.0,1.0,0.0,0.0,0.0,1.0,0.0,1
0.5265113153261584,0.7668617868303885,-0.4936517887418046,0.5176983392639786,-1.0075283371329782,0.7661534088197052,0.0,1.0,0.0,0.0,0.0,0.0,1.0,1.0,0.0,0.0,0.0,1.0,0.0,1.0,1.0,0.0,0
-1.1428241300016333,-2.0495702284605026,0.01048267236511111,-0.5216260898120614,-1.0075283371329782,-0.6486956701066902,0.0,1.0,0.0,1.0,0.0,0.0,0.0,0.0,1.0,0.0,0.0,0.0,0.0,0.0,0.0,1.0,0
-0.6092199614514394,-0.6426115565361691,-1.599549421286858,0.9920618886757671,0.9925279152401798,0.1092591936038788,0.0,0.0,0.0,1.0,0.0,1.0,0.0,0.0,0.0,0.0,0.0,1.0,0.0,1.0,0.0,0.0,1
0.3194845614077779,-0.8110945431651782,-1.5094953522744374,-0.14702139843107986,0.9925279152401798,-0.44657437311720516,0.0,0.0,0.0,1.0,0.0,0.0,1.0,0.0,0.0,1.0,0.0,1.0,0.0,1.0,1.0,1.0,0
-0.12591454649409148,0.14196593343772135,-1.184627402379163,1.7606122745253363,0.9925279152401798,0.6650927603249626,0.0,0.0,0.0,0.0,0.0,1.0,0.0,0.0,0.0,1.0,1.0,0.0,0.0,0.0,1.0,0.0,1
1.7796063504870652,-2.1105510109344348,0.24529655324796545,-0.5989901021624822,0.9925279152401798,-0.8508169670961755,0.0,1.0,0.0,0.0,0.0,0.0,0.0,0.0,0.0,0.0,0.0,0.0,0.0,0.0,1.0,1.0,0
0.37998885920786807,-1.1738358987059914,-0.45577858214779565,0.20417049973859136,0.9925279152401798,-0.6992259943540615,1.0,0.0,0.0,0.0,0.0,0.0,0.0,1.0,0.0,0.0,0.0,0.0,0.0,1.0,1.0,1.0,0
-0.801667366502329,-1.8823445775526062,-0.48102738654380184,-1.2148483583730643,0.9925279152401798,-1.356120209569888,0.0,1.0,0.0,1.0,0.0,1.0,0.0,0.0,0.0,1.0,0.0,0.0,0.0,1.0,0.0,1.0,0
0.9055743858809411,-2.734896779949114,-0.9759039527055149,-0.0014549015085778844,0.9925279152401798,0.058728869356507264,0.0,1.0,1.0,0.0,0.0,0.0,1.0,0.0,0.0,1.0,1.0,0.0,1.0,0.0,0.0,1.0,0
0.9544152045870382,-0.6224941849983774,0.4262463180860062,-1.4479583429552516,-1.0075283371329782,0.6145624360775915,0.0,1.0,1.0,0.0,0.0,1.0,0.0,0.0,1.0,0.0,1.0,0.0,1.0,0.0,1.0,1.0,0
-1.0232734692882017,-1.5296619077806888,-0.09892881335091372,0.33141394110441413,0.9925279152401798,-1.5077111823120017,0.0,1.0,1.0,0.0,0.0,1.0,0.0,1.0,0.0,0.0,0.0,0.0,1.0,0.0,1.0,1.0,0
-0.06759715102412514,0.9611201557421926,0.25118794094036623,1.1895437096755237,-1.0075283371329782,-0.39604404886983385,0.0,1.0,0.0,1.0,0.0,0.0,0.0,0.0,0.0,1.0,0.0,0.0,1.0,0.0,1.0,1.0,0
0.1868124867136035,0.776291804738728,0.4674860319328164,-0.49617740153889683,-1.0075283371329782,-1.4571808580646306,0.0,1.0,1.0,0.0,0.0,1.0,0.0,1.0,0.0,0.0,0.0,1.0,0.0,0.0,1.0,0.0,1
1.0418912977919883,0.4632152101818394,1.1130137976573633,-0.9135358892187965,-1.0075283371329782,1.7262295695197594,0.0,0.0,1.0,0.0,0.0,0.0,0.0,0.0,0.0,0.0,0.0,0.0,0.0,0.0,1.0,0.0,0
-1.6195688379686097,-0.7161656962212214,-0.6131627962162315,1.4012767961082526,-1.0075283371329782,0.058728869356507264,0.0,1.0,0.0,1.0,0.0,0.0,1.0,0.0,0.0,1.0,0.0,1.0,0.0,1.0,1.0,1.0,0
0.0993363935086535,-0.9663755047225107,-0.7065833724814534,-0.3709698552349268,0.9925279152401798,0.058728869356507264,1.0,0.0,0.0,1.0,0.0,0.0,1.0,0.0,1.0,0.0,1.0,0.0,0.0,0.0,0.0,1.0,0
0.6336695295022229,-0.19185670051751563,-0.916148448968301,0.012796363924394327,0.9925279152401798,-0.7497563186014329,1.0,0.0,0.0,1.0,0.0,0.0,1.0,0.0,1.0,0.0,0.0,0.0,0.0,0.0,1.0,0.0,0
1.3597211031033059,-1.115369787674283,1.337728156781815,0.7131442652018826,-1.0075283371329782,-0.44657437311720516,0.0,0.0,0.0,0.0,0.0,1.0,0.0,0.0,0.0,1.0,0.0,1.0,0.0,1.0,0.0,0.0,1
1.608299001294038,-1.5529226186212608,0.453178376108413,0.32327036085700167,-1.0075283371329782,-1.1034685883330317,0.0,0.0,1.0,0.0,0.0,1.0,0.0,0.0,0.0,1.0,0.0,0.0,0.0,0.0,1.0,0.0,1
0.1831676494967308,-1.2649927384866118,1.4698635664542459,-0.8066513984715041,-1.0075283371329782,-1.0024079398382892,1.0,0.0,1.0,0.0,0.0,1.0,0.0,0.0,0.0,1.0,1.0,0.0,0.0,0.0,1.0,0.0,1
-0.9788064552423523,0.7222263687309118,-1.2300752502919734,1.041941317691169,0.9925279152401798,0.2608501663459925,0.0,1.0,0.0,0.0,0.0,0.0,0.0,0.0,1.0,0.0,1.0,0.0,0.0,0.0,0.0,0.0,0
1.0797976048474662,0.8341292479098803,-0.7604474885262653,-0.0757650712662188,0.9925279152401798,0.41244113908810626,0.0,1.0,0.0,0.0,0.0,0.0,0.0,0.0,0.0,1.0,0.0,0.0,0.0,0.0,0.0,1.0,0
0.7240614924806706,-0.5910607919705773,-0.3977063320369825,1.3198409936341264,0.9925279152401798,0.1597895178512499,1.0,0.0,1.0,0.0,0.0,0.0,0.0,0.0,0.0,0.0,0.0,1.0,1.0,0.0,1.0,1.0,0
1.1701895678259149,-1.0732490410170308,0.3959477528107993,0.334467783697194,-1.0075283371329782,0.7661534088197052,0.0,1.0,1.0,0.0,0.0,0.0,0.0,0.0,1.0,0.0,0.0,0.0,0.0,1.0,0.0,1.0,0
0.4973526175911757,0.5153946426079875,-0.135960393131722,-0.36995190770400116,-1.0075283371329782,-0.9518776155909179,1.0,0.0,0.0,1.0,0.0,0.0,0.0,1.0,0.0,0.0,0.0,1.0,1.0,0.0,0.0,1.0,0
0.49443674781767694,-1.2404746919249277,1.2838640407370026,-0.9145538367497221,0.9925279152401798,-0.04233177913823491,0.0,1.0,1.0,0.0,0.0,0.0,1.0,0.0,0.0,0.0,0.0,1.0,1.0,0.0,0.0,0.0,0
-1.1420951625582587,-0.267925511644792,-1.235125011171174,1.0236182621344898,0.9925279152401798,0.9177443815618189,0.0,0.0,1.0,0.0,0.0,1.0,0.0,0.0,0.0,1.0,0.0,0.0,0.0,0.0,0.0,0.0,1
0.11901851447976795,1.1013130886461813,-0.17299197291253152,-0.49719534906982393,0.9925279152401798,1.8272902180145016,1.0,0.0,0.0,0.0,0.0,1.0,0.0,0.0,0.0,0.0,0.0,0.0,1.0,0.0,0.0,1.0,0
-1.0611797763436803,-0.6451262279783935,-0.8606010792970886,-0.780184762667414,-1.0075283371329782,-0.7497563186014329,1.0,0.0,1.0,0.0,0.0,1.0,0.0,0.0,0.0,1.0,0.0,1.0,0.0,0.0,1.0,0.0,1
0.6599123574637077,-1.1141124519531709,-0.5458326511602163,0.28051656455808505,0.9925279152401798,-0.34551372462246277,0.0,0.0,0.0,1.0,0.0,0.0,1.0,0.0,0.0,1.0,0.0,0.0,0.0,0.0,0.0,0.0,0
-0.3161750492148573,-0.44080917329769265,1.6407138095338851,-0.3180365836267449,0.9925279152401798,0.41244113908810626,0.0,1.0,1.0,0.0,0.0,0.0,1.0,0.0,0.0,0.0,0.0,0.0,1.0,0.0,0.0,0.0,0
-1.234674027866831,2.1493024121930375,-0.5104843250058081,-0.8198847163735508,-1.0075283371329782,0.21031984209862142,0.0,1.0,0.0,1.0,0.0,0.0,1.0,0.0,0.0,0.0,1.0,0.0,0.0,0.0,0.0,1.0,0
-0.7418920361456133,0.43681116003848725,0.27896162577597244,1.1070899596704704,0.9925279152401798,-0.19392275188034908,1.0,0.0,1.0,0.0,0.0,0.0,0.0,1.0,0.0,0.0,1.0,0.0,1.0,0.0,0.0,0.0,0
0.4572594082055739,-0.1327619216252511,-0.49533504236820464,-1.9233398398979655,0.9925279152401798,0.6650927603249626,0.0,1.0,1.0,0.0,0.0,1.0,0.0,0.0,0.0,1.0,0.0,1.0,1.0,0.0,1.0,1.0,0
-0.8796668829434092,1.0755377063633855,-0.19403264324253633,-1.0020973244094082,0.9925279152401798,-0.04233177913823491,0.0,0.0,1.0,0.0,0.0,0.0,1.0,0.0,0.0,1.0,1.0,0.0,0.0,0.0,1.0,1.0,0
-0.5151831612561184,-0.22769076856920778,0.5070424921532254,-0.5012671391935295,0.9925279152401798,-0.04233177913823491,1.0,0.0,0.0,1.0,0.0,0.0,1.0,0.0,0.0,1.0,1.0,0.0,1.0,0.0,0.0,0.0,0
0.40550271972597807,0.7461157474320406,0.13672669434514004,-0.49923124413167674,-1.0075283371329782,0.3619108148407351,0.0,0.0,1.0,0.0,0.0,1.0,0.0,1.0,0.0,0.0,0.0,1.0,0.0,1.0,1.0,0.0,1
-0.12154074183384382,0.22746476247333855,-0.23863886434214546,-0.2345648860907659,-1.0075283371329782,1.0188050300565614,0.0,1.0,1.0,0.0,0.0,1.0,0.0,0.0,0.0,0.0,1.0,0.0,1.0,0.0,0.0,0.0,1
0.8618363392784666,-0.09567051785244675,1.0574664279861508,0.8352979689130727,0.9925279152401798,-0.29498340037509146,0.0,1.0,0.0,1.0,0.0,0.0,1.0,0.0,1.0,0.0,0.0,1.0,0.0,0.0,0.0,1.0,0
0.544006533967149,0.7630897796670524,-1.7603001426080946,0.016868154048099847,-1.0075283371329782,1.321986975540789,0.0,0.0,1.0,0.0,0.0,1.0,0.0,0.0,0.0,0.0,0.0,1.0,1.0,0.0,1.0,1.0,0
-0.9911989017797204,0.8020671870215239,1.2375745660109922,-1.9966320621246794,0.9925279152401798,-0.19392275188034908,0.0,0.0,1.0,0.0,0.0,0.0,0.0,0.0,1.0,0.0,1.0,0.0,1.0,0.0,0.0,1.0,0
-0.14122286280495827,-1.349234231801116,-0.6165293034690328,0.08608858615110813,0.9925279152401798,1.5746385967776453,1.0,0.0,0.0,1.0,0.0,1.0,0.0,0.0,0.0,0.0,1.0,0.0,1.0,0.0,0.0,0.0,1
1.1228066840065667,-1.067591030272027,0.9236477646873199,0.06267579293979635,0.9925279152401798,-0.8508169670961755,1.0,0.0,0.0,0.0,0.0,0.0,0.0,1.0,0.0,0.0,0.0,0.0,0.0,1.0,0.0,1.0,0
0.9485834650400417,0.5964927966197113,-0.4911269083022039,-0.2447443614000311,-1.0075283371329782,-1.3055898853225167,0.0,1.0,1.0,0.0,0.0,0.0,1.0,0.0,0.0,0.0,0.0,0.0,0.0,0.0,0.0,1.0,1
1.0273119489244964,-0.29935890467259213,1.2106425079885865,-0.5765952564820975,0.9925279152401798,-0.24445307612772016,0.0,0.0,0.0,0.0,0.0,0.0,1.0,0.0,0.0,0.0,0.0,0.0,0.0,1.0,0.0,1.0,0
0.5155768036755403,1.0705083634789376,-1.193885297324365,-0.9613794231723457,0.9925279152401798,0.7661534088197052,0.0,0.0,0.0,1.0,0.0,0.0,0.0,0.0,0.0,1.0,1.0,0.0,0.0,1.0,0.0,1.0,0
1.3123382192839577,-0.037204406820738986,0.3025271765455779,0.7874544349595235,0.9925279152401798,-0.14339242763297752,1.0,0.0,1.0,0.0,0.0,0.0,0.0,0.0,0.0,0.0,1.0,0.0,1.0,0.0,0.0,1.0,0
0.530156152543032,-0.6646149316556292,-1.408500134690414,1.2750513022733556,0.9925279152401798,-0.7497563186014329,0.0,0.0,1.0,0.0,0.0,1.0,0.0,0.0,0.0,1.0,0.0,0.0,1.0,0.0,1.0,0.0,1
-0.010008722997533767,-0.24717947224644357,0.2301472706103614,0.13902185775929002,-1.0075283371329782,0.058728869356507264,0.0,0.0,0.0,0.0,0.0,1.0,0.0,1.0,0.0,0.0,0.0,0.0,0.0,1.0,1.0,1.0,0
-1.0116099901942088,-0.4615552126960406,0.6501190503972573,1.0857130615210113,0.9925279152401798,1.4735779482829032,0.0,1.0,0.0,0.0,0.0,0.0,0.0,0.0,0.0,1.0,0.0,1.0,0.0,1.0,1.0,1.0,0
-0.08509236966511473,-0.09252717854966691,0.44560373478961096,-1.3950250713470695,-1.0075283371329782,0.1092591936038788,0.0,1.0,1.0,0.0,0.0,0.0,1.0,0.0,0.0,1.0,0.0,1.0,0.0,1.0,0.0,0.0,0
-2.2822002439961047,-0.6526702423050653,-0.8151532313842783,1.8043840183551787,0.9925279152401798,1.1198656785513041,0.0,1.0,0.0,1.0,0.0,1.0,0.0,1.0,0.0,0.0,0.0,0.0,0.0,1.0,0.0,1.0,0
0.37998885920786807,-1.1719498951243232,0.00879941873871106,-0.40965186141013793,-1.0075283371329782,0.2608501663459925,0.0,1.0,1.0,0.0,0.0,0.0,1.0,0.0,1.0,0.0,0.0,0.0,1.0,0.0,1.0,1.0,0
0.9514993348135404,-1.4680524574462004,-0.27903695137575507,0.7772749596502567,-1.0075283371329782,0.5135017875828488,0.0,1.0,0.0,1.0,0.0,0.0,0.0,0.0,1.0,0.0,0.0,1.0,0.0,0.0,0.0,1.0,0
1.3181699588309552,-0.48670192711828064,-0.8319857676482818,0.012796363924394327,0.9925279152401798,0.9177443815618189,0.0,1.0,0.0,1.0,0.0,1.0,0.0,0.0,1.0,0.0,1.0,0.0,1.0,0.0,1.0,0.0,1
-0.6602476824876603,1.1019417565067378,0.15187597698274408,-0.09001633669919101,-1.0075283371329782,-0.5981653458593191,0.0,1.0,1.0,0.0,0.0,0.0,1.0,0.0,1.0,0.0,1.0,0.0,0.0,1.0,0.0,1.0,0
-0.03770948584576754,1.2276753286179383,1.2889138016162038,0.19908076208395872,-1.0075283371329782,-0.6486956701066902,0.0,0.0,0.0,0.0,0.0,0.0,1.0,0.0,0.0,0.0,0.0,0.0,1.0,0.0,0.0,0.0,0
1.208095874881393,1.0434756454750291,-0.6931173434702501,-0.19995467003926173,0.9925279152401798,-0.5476350216119478,0.0,0.0,0.0,1.0,0.0,1.0,0.0,1.0,0.0,0.0,1.0,0.0,0.0,1.0,0.0,0.0,1
0.5396327293069013,0.25072547331391004,0.989294656116935,0.30901909542402944,0.9925279152401798,-0.04233177913823491,0.0,0.0,1.0,0.0,0.0,1.0,0.0,0.0,0.0,0.0,0.0,0.0,1.0,0.0,0.0,1.0,0
-1.413271051493603,2.1493024121930375,-2.1011590019541733,-0.3607903799256616,0.9925279152401798,-0.04233177913823491,0.0,0.0,1.0,0.0,0.0,1.0,0.0,0.0,0.0,0.0,0.0,0.0,0.0,0.0,1.0,0.0,1
0.7699864414132689,-0.5954614669944689,0.061821907970322824,0.9248773516346115,0.9925279152401798,-1.3055898853225167,0.0,0.0,1.0,0.0,0.0,0.0,1.0,0.0,0.0,0.0,0.0,1.0,1.0,0.0,1.0,0.0,0
0.493707780374303,-1.9420680243054262,0.806661637652493,-0.15312908361663813,0.9925279152401798,0.2608501663459925,0.0,0.0,1.0,0.0,0.0,0.0,1.0,1.0,0.0,0.0,0.0,1.0,1.0,0.0,0.0,0.0,0
0.7087531761698038,-0.4942459414449525,-2.403303027893042,0.5248239719804654,-1.0075283371329782,0.6145624360775915,1.0,0.0,1.0,0.0,0.0,0.0,0.0,0.0,1.0,0.0,0.0,0.0,1.0,0.0,0.0,1.0,0
0.04685073758568369,0.6750762791892116,-1.010410652046723,0.5960802991453265,0.9925279152401798,0.2608501663459925,1.0,0.0,1.0,0.0,0.0,0.0,0.0,0.0,0.0,1.0,0.0,1.0,1.0,0.0,0.0,1.0,0
0.45215663610195134,-0.04663442472907938,1.7189851031615024,1.1590052837477252,-1.0075283371329782,0.56403211183022,1.0,0.0,1.0,0.0,0.0,1.0,0.0,0.0,0.0,1.0,0.0,1.0,0.0,1.0,0.0,0.0,1
1.8663534762486402,0.16648397999940548,-0.6527192564366411,1.5977406695770824,0.9925279152401798,-0.9518776155909179,0.0,1.0,0.0,1.0,0.0,0.0,1.0,1.0,0.0,0.0,0.0,0.0,1.0,0.0,0.0,1.0,0
-1.3979627351827368,1.2936854539763183,0.1459845892903421,-1.6403504263003756,-1.0075283371329782,0.5135017875828488,0.0,0.0,1.0,0.0,0.0,0.0,0.0,0.0,0.0,0.0,0.0,0.0,0.0,0.0,0.0,1.0,0
-1.628316447289105,0.6461575576036359,0.669476467100862,-0.06660354348787921,-1.0075283371329782,-1.2550595610751456,0.0,0.0,1.0,0.0,0.0,1.0,0.0,0.0,0.0,0.0,0.0,1.0,1.0,0.0,1.0,0.0,1
0.8108086182422457,0.8982533696865923,1.027167862710944,-1.3461635898625932,0.9925279152401798,0.41244113908810626,0.0,0.0,0.0,0.0,0.0,0.0,0.0,0.0,0.0,0.0,1.0,0.0,0.0,1.0,0.0,0.0,0
-0.08727927199523856,-0.7457130856673535,-0.6005383940182287,-0.1795957194207298,-1.0075283371329782,0.2608501663459925,1.0,0.0,0.0,1.0,0.0,1.0,0.0,0.0,0.0,1.0,0.0,0.0,1.0,0.0,0.0,1.0,0
-0.22796998856653333,0.7492590867348203,1.1988597326037838,1.4338511170979027,-1.0075283371329782,0.9177443815618189,0.0,0.0,0.0,0.0,0.0,0.0,1.0,1.0,0.0,0.0,1.0,0.0,0.0,0.0,0.0,1.0,0
0.4383062546778344,-0.8173812217707378,-0.3589914986297736,1.5722919813039178,-1.0075283371329782,0.4629714633354778,1.0,0.0,1.0,0.0,0.0,0.0,1.0,0.0,1.0,0.0,1.0,0.0,0.0,1.0,1.0,1.0,0
-1.4766912190671915,-0.41189045171211647,0.22341425610476,-0.22845720090520616,0.9925279152401798,-1.4571808580646306,0.0,0.0,0.0,1.0,0.0,1.0,0.0,1.0,0.0,0.0,1.0,0.0,0.0,0.0,0.0,1.0,1
0.05122454224593135,-0.8676746506152182,0.6248702460012516,-0.055406120647686866,0.9925279152401798,0.41244113908810626,0.0,0.0,0.0,0.0,0.0,0.0,0.0,0.0,1.0,0.0,0.0,1.0,0.0,1.0,0.0,1.0,0
0.0052995933133330305,-1.5296619077806888,0.23940516555556346,0.23470892566638854,0.9925279152401798,0.2608501663459925,0.0,1.0,1.0,0.0,0.0,1.0,0.0,0.0,0.0,1.0,1.0,0.0,0.0,1.0,0.0,1.0,0
-0.4554078308994032,-0.16670998609527563,0.9118649893025171,-0.06049585830231949,0.9925279152401798,-0.24445307612772016,1.0,0.0,0.0,0.0,0.0,0.0,1.0,0.0,0.0,1.0,1.0,0.0,0.0,1.0,0.0,1.0,0
1.6483922106796398,0.5876914465719273,0.4674860319328164,-1.7981322935939956,0.9925279152401798,-2.265666046022571,1.0,0.0,1.0,0.0,0.0,0.0,0.0,1.0,0.0,0.0,0.0,1.0,0.0,0.0,1.0,0.0,1
-0.9904699343363459,-0.4005744302221085,-0.77896327841667,-0.8239565064972563,-1.0075283371329782,-1.0024079398382892,0.0,1.0,0.0,1.0,0.0,0.0,0.0,0.0,0.0,0.0,0.0,0.0,0.0,0.0,0.0,1.0,0
-0.26733423050876015,-1.7415229767880616,0.21836449522555865,0.9157158238562734,0.9925279152401798,-0.8002866428488041,0.0,0.0,0.0,0.0,0.0,1.0,0.0,0.0,0.0,1.0,0.0,1.0,0.0,0.0,0.0,0.0,1
0.9762842278882754,0.12750657264493392,-0.3589914986297736,0.3670421046868454,0.9925279152401798,1.321986975540789,0.0,1.0,1.0,0.0,0.0,0.0,1.0,0.0,0.0,1.0,1.0,0.0,0.0,0.0,1.0,1.0,0
0.1445323749978779,0.7404577366870363,0.49946785083442335,0.8994286633614469,0.9925279152401798,-2.265666046022571,0.0,0.0,1.0,0.0,0.0,0.0,0.0,0.0,0.0,0.0,1.0,0.0,0.0,0.0,1.0,0.0,1
0.8509018276278475,0.7316563866392523,-2.006896798875751,-1.0529947009557372,0.9925279152401798,0.56403211183022,0.0,0.0,0.0,1.0,0.0,0.0,0.0,1.0,0.0,0.0,0.0,0.0,0.0,0.0,0.0,0.0,0
-0.7316864919383691,1.8538285177317162,-1.2999302757875892,1.200741132515716,0.9925279152401798,-0.4971046973645765,0.0,0.0,0.0,1.0,0.0,1.0,0.0,0.0,0.0,1.0,0.0,1.0,0.0,0.0,0.0,1.0,0
-0.8680034038494162,0.8611619659137889,0.4228798108332061,-0.335341691652497,0.9925279152401798,-0.29498340037509146,0.0,0.0,0.0,0.0,0.0,0.0,0.0,0.0,0.0,1.0,0.0,1.0,1.0,0.0,0.0,1.0,0
-1.7311008568049207,-0.4602978769749284,0.5785807712752413,0.3120729380168093,0.9925279152401798,-0.7497563186014329,1.0,0.0,1.0,0.0,0.0,0.0,1.0,0.0,0.0,1.0,0.0,1.0,0.0,1.0,0.0,0.0,0
-0.1732974303134397,0.7838358190654003,-0.38171542258617847,0.8067954380471283,0.9925279152401798,-0.39604404886983385,0.0,0.0,1.0,0.0,0.0,1.0,0.0,0.0,0.0,1.0,0.0,0.0,1.0,0.0,0.0,1.0,0
0.17879384483648317,0.39783375268401483,1.5254109361254582,-0.4798902410440719,-1.0075283371329782,0.21031984209862142,0.0,1.0,0.0,0.0,0.0,0.0,1.0,0.0,1.0,0.0,0.0,0.0,0.0,0.0,1.0,1.0,0
-0.3489785841667137,0.35131233100287096,1.6844784038202947,-0.5674337287037579,0.9925279152401798,0.2608501663459925,0.0,0.0,0.0,1.0,0.0,0.0,1.0,0.0,0.0,0.0,1.0,0.0,0.0,1.0,0.0,1.0,0
0.6868841528685665,-0.19059936479640344,-0.6569273905026418,0.1563269657850421,-1.0075283371329782,-1.1034685883330317,1.0,0.0,0.0,0.0,0.0,0.0,1.0,0.0,0.0,0.0,0.0,0.0,0.0,1.0,1.0,0.0,0
0.9157799300881853,1.3980443188286145,-0.43810441907059156,1.30660767573208,0.9925279152401798,0.56403211183022,0.0,0.0,1.0,0.0,0.0,0.0,0.0,0.0,1.0,0.0,1.0,0.0,0.0,0.0,0.0,0.0,0
-0.18277400707730893,-0.6438688922572813,0.07781281742112629,-0.8117411361261383,-1.0075283371329782,0.4629714633354778,0.0,0.0,1.0,0.0,0.0,0.0,1.0,0.0,1.0,0.0,0.0,1.0,0.0,1.0,0.0,1.0,0
-2.2530415462611217,-0.2396354579197717,-1.2965637685347886,1.1264309627580753,0.9925279152401798,-0.04233177913823491,0.0,1.0,1.0,0.0,0.0,0.0,1.0,0.0,0.0,0.0,0.0,1.0,1.0,0.0,1.0,1.0,0
0.6307536597287241,-0.39365908375599246,1.336044903155415,0.8526030769388248,0.9925279152401798,-0.09286210338560645,0.0,0.0,1.0,0.0,0.0,0.0,1.0,0.0,0.0,1.0,1.0,0.0,0.0,1.0,0.0,0.0,0
0.23784020774982445,-0.5319660130783127,-0.6274704520406349,-0.5928824169769225,-1.0075283371329782,0.7156230845723341,0.0,1.0,1.0,0.0,0.0,0.0,0.0,0.0,0.0,0.0,0.0,1.0,0.0,1.0,0.0,1.0,0
0.5367168595334025,0.25072547331391004,-0.6468278687442397,0.8475133392841921,0.9925279152401798,0.56403211183022,1.0,0.0,0.0,1.0,0.0,0.0,1.0,0.0,0.0,0.0,0.0,1.0,0.0,0.0,0.0,0.0,0
-0.7032567616467603,1.1082284351122973,-0.7040584920418528,0.9523619349696303,-1.0075283371329782,1.1198656785513041,1.0,0.0,1.0,0.0,0.0,0.0,1.0,1.0,0.0,0.0,0.0,1.0,0.0,0.0,1.0,1.0,0
-0.33075439808234913,-0.7532570999940258,0.9766702539189328,0.18482949665098652,0.9925279152401798,1.1198656785513041,0.0,1.0,0.0,1.0,0.0,1.0,0.0,0.0,0.0,1.0,1.0,0.0,0.0,0.0,1.0,0.0,1
0.06215905389655049,-1.7358649660430574,0.5676396227036392,-1.3166431114657224,-1.0075283371329782,-0.39604404886983385,0.0,1.0,0.0,0.0,0.0,1.0,0.0,0.0,0.0,0.0,1.0,0.0,1.0,0.0,0.0,1.0,0
-0.36574483536432933,0.31987893797507083,-0.5113259518190088,-0.5277337749976211,0.9925279152401798,0.56403211183022,0.0,1.0,1.0,0.0,0.0,0.0,0.0,0.0,1.0,0.0,1.0,0.0,1.0,0.0,1.0,0.0,0
-0.43208087271141604,1.1956132677295817,0.9295391523797218,0.0657296355325762,0.9925279152401798,0.7156230845723341,0.0,0.0,0.0,0.0,0.0,0.0,0.0,0.0,1.0,0.0,0.0,1.0,1.0,0.0,1.0,0.0,0
0.014047202633828342,0.32553694872007416,0.19732382489555383,-0.4065980188173581,-1.0075283371329782,-0.09286210338560645,0.0,0.0,0.0,0.0,0.0,0.0,1.0,1.0,0.0,0.0,1.0,0.0,0.0,1.0,0.0,0.0,0
-0.32710956086547643,0.769376458272612,-0.7764383979770694,-0.247798203992811,0.9925279152401798,0.3113804905933636,0.0,1.0,0.0,0.0,0.0,0.0,1.0,0.0,0.0,0.0,0.0,1.0,1.0,0.0,1.0,0.0,0
-1.4417007817852119,1.6293940915132237,-0.9346642388587052,0.1654884935633817,0.9925279152401798,0.41244113908810626,1.0,0.0,1.0,0.0,0.0,0.0,0.0,0.0,1.0,0.0,1.0,0.0,0.0,0.0,1.0,1.0,0
-0.13320422092783793,2.0782629439502096,-0.026548907415697185,0.26321145653233297,-1.0075283371329782,-0.29498340037509146,0.0,0.0,0.0,0.0,0.0,0.0,0.0,0.0,0.0,0.0,0.0,0.0,0.0,0.0,1.0,0.0,0
-0.6318179521960515,0.9975828916544415,-1.3563192722720023,2.4406012251842926,0.9925279152401798,-1.356120209569888,0.0,1.0,1.0,0.0,0.0,0.0,1.0,0.0,1.0,0.0,0.0,0.0,0.0,0.0,1.0,0.0,1
-1.309028707091038,-0.836869925447974,0.4759023000648179,0.09626806146037338,0.9925279152401798,-0.44657437311720516,0.0,0.0,1.0,0.0,0.0,1.0,0.0,0.0,0.0,1.0,0.0,1.0,0.0,1.0,0.0,0.0,1
0.19847596580759658,0.41355044919791484,0.48600182182322055,-0.547074778085226,-1.0075283371329782,-0.24445307612772016,0.0,1.0,1.0,0.0,0.0,1.0,0.0,1.0,0.0,0.0,1.0,0.0,0.0,0.0,1.0,0.0,1
0.330419073058396,1.9493860325362284,1.124796573042166,-1.2861046855379252,-1.0075283371329782,0.6145624360775915,0.0,0.0,0.0,1.0,0.0,0.0,0.0,1.0,0.0,0.0,0.0,0.0,0.0,0.0,1.0,1.0,0
1.6600556897736338,-0.0328037317968465,-0.3472087232449709,0.4433881695063391,-1.0075283371329782,-1.1539989125804029,0.0,0.0,1.0,0.0,0.0,1.0,0.0,0.0,0.0,0.0,0.0,1.0,0.0,0.0,1.0,0.0,1
0.6628282272372055,1.3112881540718864,1.5456099796422624,-0.7394668614303501,0.9925279152401798,-0.5476350216119478,0.0,1.0,1.0,0.0,0.0,0.0,1.0,0.0,0.0,0.0,0.0,1.0,1.0,0.0,1.0,0.0,0
0.9114061254279376,-1.2869961136060715,-2.192896324592994,-2.402793126964386,-1.0075283371329782,-0.4971046973645765,0.0,0.0,0.0,0.0,0.0,0.0,1.0,0.0,0.0,1.0,1.0,0.0,0.0,1.0,0.0,1.0,0
-2.6466839656833954,-0.5759727633172331,-1.2957221417215885,-0.11750092003420833,0.9925279152401798,-0.19392275188034908,1.0,0.0,0.0,1.0,0.0,0.0,0.0,0.0,1.0,0.0,0.0,0.0,0.0,1.0,1.0,0.0,0
1.1774792422596603,-1.5799553366251688,-0.771388637097868,0.7263775831039276,-1.0075283371329782,-0.44657437311720516,1.0,0.0,0.0,1.0,0.0,0.0,0.0,0.0,0.0,0.0,1.0,0.0,1.0,0.0,0.0,1.0,0
1.4428233916480082,-0.24717947224644357,0.6955668983100681,-0.6702464293273432,-1.0075283371329782,0.058728869356507264,0.0,0.0,0.0,1.0,0.0,0.0,0.0,1.0,0.0,0.0,0.0,0.0,1.0,0.0,0.0,1.0,0
-0.9591243342712389,0.41480778491902665,-0.8900580177590955,0.7528442189080193,-1.0075283371329782,0.3113804905933636,0.0,0.0,0.0,1.0,0.0,0.0,0.0,0.0,1.0,0.0,0.0,0.0,1.0,0.0,0.0,1.0,0
0.25023265428719244,-0.41063311599100427,-0.24789675928734753,0.6164392497638569,-1.0075283371329782,-0.19392275188034908,0.0,0.0,1.0,0.0,0.0,0.0,1.0,0.0,0.0,1.0,0.0,0.0,1.0,0.0,1.0,1.0,0
-0.06103644403375366,-0.37857105510264827,0.13336018709233874,0.05555016022331096,-1.0075283371329782,0.2608501663459925,0.0,1.0,1.0,0.0,0.0,0.0,1.0,0.0,0.0,0.0,0.0,0.0,0.0,0.0,0.0,0.0,0
0.31073695208728264,2.1493024121930375,-0.43473791181779087,-1.5019095620943606,-1.0075283371329782,1.2714566512934178,0.0,1.0,1.0,0.0,0.0,1.0,0.0,0.0,0.0,0.0,0.0,0.0,1.0,0.0,1.0,0.0,1
-0.3387730399594695,0.26141282694336215,-2.13398244766898,-0.9450922626775193,-1.0075283371329782,-0.09286210338560645,1.0,0.0,0.0,0.0,0.0,0.0,0.0,0.0,1.0,0.0,0.0,0.0,0.0,1.0,0.0,0.0,0
-0.5975564823574463,-0.3666263657520844,-0.2335891034629453,1.4888202837679387,0.9925279152401798,2.231532811993472,0.0,1.0,1.0,0.0,0.0,0.0,0.0,1.0,0.0,0.0,0.0,1.0,1.0,0.0,1.0,0.0,0
1.194245493457276,-0.8362412575874181,0.1493510965431434,-1.190417617630826,-1.0075283371329782,-0.14339242763297752,0.0,0.0,0.0,1.0,0.0,1.0,0.0,0.0,0.0,1.0,0.0,1.0,1.0,0.0,0.0,0.0,1
-1.2383188650837036,-1.2649927384866118,0.43129607896520755,0.29680372505291,-1.0075283371329782,1.5241082725302741,0.0,1.0,0.0,0.0,0.0,0.0,1.0,0.0,0.0,1.0,0.0,1.0,1.0,0.0,0.0,1.0,0
-1.633419219392727,-0.11264455008745945,1.6886865378862954,-1.080479284290756,-1.0075283371329782,0.6145624360775915,0.0,1.0,0.0,1.0,0.0,1.0,0.0,0.0,1.0,0.0,0.0,1.0,0.0,0.0,1.0,0.0,1
0.8538176974013463,-0.04663442472907938,-0.22517283533094265,-1.0580844386103698,-1.0075283371329782,-0.14339242763297752,1.0,0.0,1.0,0.0,0.0,0.0,1.0,0.0,1.0,0.0,0.0,1.0,1.0,0.0,1.0,1.0,0
-0.4145856540704264,-0.5200213237277488,-0.7208910283058563,-1.634242741114816,0.9925279152401798,-1.1539989125804029,1.0,0.0,0.0,0.0,0.0,1.0,0.0,1.0,0.0,0.0,1.0,0.0,1.0,0.0,1.0,1.0,0
1.1082273351390748,-0.7991498538146138,2.3552549739408484,-0.39641854350809136,0.9925279152401798,-2.114075073280457,1.0,0.0,0.0,1.0,0.0,0.0,0.0,0.0,0.0,0.0,0.0,0.0,1.0,0.0,0.0,1.0,0
-0.1681946582098171,1.123316463765642,-1.6146987039244616,-0.1928290373227749,-1.0075283371329782,-0.09286210338560645,0.0,0.0,0.0,1.0,0.0,1.0,0.0,0.0,1.0,0.0,0.0,0.0,0.0,1.0,1.0,1.0,0
-1.2448795720740746,-0.6507842387233972,-1.3192876924911934,0.4433881695063391,0.9925279152401798,0.8166837330670763,1.0,0.0,1.0,0.0,0.0,1.0,0.0,0.0,0.0,0.0,0.0,1.0,1.0,0.0,0.0,0.0,1
1.493851112684229,-0.7205663712451135,0.6408611554520551,-0.47378255585851214,0.9925279152401798,-0.19392275188034908,0.0,0.0,1.0,0.0,0.0,0.0,0.0,0.0,0.0,0.0,0.0,0.0,0.0,1.0,1.0,1.0,0
1.4632344800624966,1.6268794200709993,0.4902099558892213,1.6028304072317163,0.9925279152401798,0.8166837330670763,0.0,1.0,0.0,1.0,0.0,1.0,0.0,0.0,0.0,1.0,0.0,1.0,0.0,0.0,1.0,1.0,0
0.869126013712212,0.7014803293325639,1.8384961106359299,-0.7588078645179549,0.9925279152401798,0.21031984209862142,0.0,1.0,1.0,0.0,0.0,0.0,0.0,0.0,1.0,0.0,1.0,0.0,1.0,0.0,0.0,1.0,0
0.21305531467508843,0.46070053873961503,-0.14101015401092337,-0.7516822318014695,-1.0075283371329782,1.5241082725302741,0.0,1.0,1.0,0.0,0.0,0.0,1.0,1.0,0.0,0.0,0.0,1.0,0.0,0.0,0.0,1.0,0
0.7029214366228073,-0.7589151107390296,1.4782798345862473,-0.6478515836469586,0.9925279152401798,-1.6087718308067445,1.0,0.0,1.0,0.0,0.0,0.0,1.0,0.0,0.0,0.0,0.0,1.0,1.0,0.0,0.0,1.0,0
-1.0254603716183257,1.206300621359034,-2.642325042841897,0.6978750522379846,-1.0075283371329782,-0.6992259943540615,0.0,1.0,0.0,1.0,0.0,0.0,1.0,1.0,0.0,0.0,1.0,0.0,1.0,0.0,0.0,0.0,0
0.7903975298277572,0.45629986371572256,0.5499654596264344,-0.7689873398272217,0.9925279152401798,-1.5077111823120017,0.0,1.0,0.0,0.0,0.0,0.0,0.0,0.0,0.0,1.0,1.0,0.0,1.0,0.0,1.0,0.0,0
1.7154572154701013,-0.8431566040535341,-0.33963408192616884,-0.8249744540281834,-1.0075283371329782,-0.8002866428488041,1.0,0.0,0.0,0.0,0.0,0.0,1.0,0.0,1.0,0.0,0.0,0.0,0.0,1.0,1.0,1.0,0
0.9478544975966667,-0.5300800094966447,0.993502790182937,0.7487724287843138,-1.0075283371329782,-1.4571808580646306,1.0,0.0,1.0,0.0,0.0,0.0,0.0,1.0,0.0,0.0,0.0,1.0,1.0,0.0,1.0,0.0,0
-1.4934574702648071,-0.3006162403937039,0.6013046952316462,-0.16738034904961036,0.9925279152401798,0.9682747058091904,1.0,0.0,0.0,0.0,0.0,0.0,0.0,0.0,0.0,1.0,1.0,0.0,1.0,0.0,1.0,1.0,0
0.27064374270168085,0.6543302397908637,-1.4876130551312319,0.8953568732377414,-1.0075283371329782,2.079941839251358,0.0,0.0,1.0,0.0,0.0,0.0,0.0,0.0,0.0,1.0,0.0,0.0,0.0,0.0,1.0,0.0,0
-1.0108810227508342,0.8806506695910242,-1.3361202287551974,-0.5379132503068864,0.9925279152401798,-0.9013472913435465,0.0,0.0,0.0,1.0,0.0,0.0,0.0,0.0,1.0,0.0,0.0,0.0,0.0,0.0,1.0,1.0,0
-1.2434216371873257,0.5317400069824431,0.43466258621800885,1.1539155460930925,-1.0075283371329782,-0.44657437311720516,0.0,1.0,1.0,0.0,0.0,1.0,0.0,0.0,1.0,0.0,0.0,1.0,1.0,0.0,0.0,0.0,1
-0.9460029202904965,0.8441879336787762,1.1980181057905832,-0.7791668151364869,0.9925279152401798,-1.356120209569888,1.0,0.0,0.0,0.0,0.0,0.0,1.0,0.0,0.0,1.0,0.0,1.0,0.0,0.0,0.0,1.0,1
-0.1419518302483322,0.4600718708790587,0.07528793698152562,0.025011734295513777,0.9925279152401798,-0.5476350216119478,0.0,0.0,1.0,0.0,0.0,0.0,1.0,0.0,0.0,1.0,0.0,0.0,1.0,0.0,0.0,0.0,0
1.2270490284091324,0.438068495759599,1.4126329431566322,-1.5823274170375603,-1.0075283371329782,0.5135017875828488,0.0,0.0,1.0,0.0,0.0,0.0,0.0,0.0,0.0,0.0,0.0,1.0,1.0,0.0,1.0,0.0,0
1.1395729352041823,-0.10321453217911906,0.4068889013824014,-0.3526467996782491,-1.0075283371329782,-0.04233177913823491,0.0,0.0,1.0,0.0,0.0,0.0,1.0,0.0,1.0,0.0,1.0,0.0,0.0,0.0,0.0,0.0,0
1.2999457727465906,1.3408355435180184,1.2089592543621852,0.1563269657850421,0.9925279152401798,-0.39604404886983385,0.0,0.0,1.0,0.0,0.0,0.0,0.0,0.0,1.0,0.0,0.0,1.0,0.0,1.0,0.0,1.0,0
-0.24692314209427282,1.21007262852237,0.7603721629264827,0.21231407998600382,0.9925279152401798,-0.44657437311720516,0.0,1.0,1.0,0.0,0.0,1.0,0.0,0.0,1.0,0.0,0.0,1.0,0.0,0.0,0.0,0.0,1
-2.7116531890741546,-1.1750932344271035,-1.7443092331572911,1.893963401076719,0.9925279152401798,0.9177443815618189,0.0,0.0,0.0,1.0,0.0,1.0,0.0,0.0,0.0,0.0,0.0,0.0,0.0,0.0,0.0,1.0,0
-1.1151233671533995,0.009945682720961196,-0.2992359948925604,1.3768460553660138,-1.0075283371329782,-0.29498340037509146,0.0,0.0,1.0,0.0,0.0,0.0,0.0,1.0,0.0,0.0,0.0,0.0,0.0,0.0,0.0,1.0,0
-1.0976281485124093,-1.151832523586531,-2.4538006366850538,1.5895970893296698,-1.0075283371329782,-1.8614234520436008,0.0,0.0,0.0,1.0,0.0,0.0,1.0,0.0,0.0,1.0,0.0,1.0,0.0,0.0,1.0,1.0,1
0.1109998726026476,-1.2970547993749677,1.66512098711669,0.4087779534548349,-1.0075283371329782,0.9682747058091904,0.0,1.0,1.0,0.0,0.0,0.0,1.0,0.0,0.0,0.0,1.0,0.0,0.0,0.0,1.0,1.0,0
-0.47071614721026894,-0.019601706725170847,-0.5130092054454087,-0.8097052410642841,0.9925279152401798,1.321986975540789,0.0,0.0,0.0,1.0,0.0,0.0,0.0,0.0,0.0,1.0,0.0,1.0,0.0,1.0,0.0,0.0,0
-0.5501735985380986,0.3550843381662062,0.8243358007296977,-0.029957432374522305,-1.0075283371329782,0.7661534088197052,0.0,1.0,1.0,0.0,0.0,0.0,0.0,0.0,0.0,1.0,1.0,0.0,0.0,0.0,0.0,1.0,0
0.543277566523774,1.5407519231748268,-1.011252278859923,0.846495391753265,-1.0075283371329782,0.008198545109136179,1.0,0.0,0.0,0.0,0.0,1.0,0.0,0.0,0.0,0.0,0.0,1.0,0.0,1.0,0.0,1.0,0
-1.207702232461971,1.6866028668238198,0.6720013475404627,0.22860124048083025,-1.0075283371329782,-0.29498340037509146,0.0,1.0,0.0,1.0,0.0,1.0,0.0,0.0,0.0,0.0,1.0,0.0,0.0,1.0,0.0,0.0,1
0.42008206859346986,1.6476254594693474,-0.20160728456133717,0.954397830031483,-1.0075283371329782,1.5241082725302741,0.0,0.0,0.0,0.0,0.0,0.0,0.0,0.0,1.0,0.0,0.0,0.0,0.0,0.0,1.0,0.0,0
-0.3533523888269613,1.4156470189241825,0.6669515866612613,-1.0020973244094082,0.9925279152401798,0.6650927603249626,1.0,0.0,1.0,0.0,0.0,0.0,0.0,0.0,0.0,1.0,1.0,0.0,1.0,0.0,0.0,1.0,0
0.8093506833554968,0.13630792269271802,1.1189051853497654,1.6425303609378517,0.9925279152401798,-0.7497563186014329,0.0,1.0,1.0,0.0,0.0,0.0,0.0,0.0,0.0,0.0,0.0,1.0,0.0,0.0,0.0,0.0,0
0.781649920507262,-0.5659140775483368,-1.311713051172392,0.4902137559289612,-1.0075283371329782,0.6145624360775915,1.0,0.0,1.0,0.0,0.0,1.0,0.0,1.0,0.0,0.0,1.0,0.0,0.0,1.0,1.0,0.0,1
0.0052995933133330305,0.5204239854924354,1.1786606890869784,0.8322441263202929,0.9925279152401798,-0.04233177913823491,1.0,0.0,0.0,1.0,0.0,0.0,0.0,0.0,0.0,0.0,0.0,1.0,0.0,1.0,1.0,1.0,0
2.0522401743091585,0.21237673381999392,-0.14521828807692408,-1.1944894077545323,0.9925279152401798,0.6145624360775915,0.0,0.0,1.0,0.0,0.0,0.0,0.0,0.0,1.0,0.0,0.0,1.0,0.0,0.0,0.0,0.0,0
-2.2464808392707503,0.0552097686809933,0.5078841189664248,1.0307438948509766,0.9925279152401798,0.8672140573144478,0.0,1.0,1.0,0.0,0.0,1.0,0.0,0.0,1.0,0.0,0.0,0.0,0.0,0.0,0.0,1.0,0
-0.043541225392764074,-0.17676867186417144,2.345997078995646,1.5101971819173963,0.9925279152401798,1.3725172997881605,0.0,1.0,0.0,0.0,0.0,0.0,0.0,0.0,0.0,1.0,0.0,0.0,1.0,0.0,1.0,0.0,0
-0.19006368151105538,-0.5703147525722289,0.0677132956627248,0.8709261324955025,0.9925279152401798,1.0693353543039326,0.0,0.0,0.0,0.0,0.0,1.0,0.0,0.0,0.0,0.0,0.0,0.0,0.0,0.0,0.0,1.0,0
-2.5278622724133384,2.1493024121930375,0.9152314965553184,0.9177517189181261,0.9925279152401798,0.9177443815618189,1.0,0.0,1.0,0.0,0.0,0.0,1.0,0.0,0.0,1.0,0.0,1.0,0.0,0.0,0.0,0.0,0
-0.7900038874083359,-1.82827914154479,-0.4793441329174012,-0.8606026176106132,-1.0075283371329782,-0.19392275188034908,0.0,0.0,0.0,0.0,0.0,0.0,1.0,0.0,0.0,0.0,1.0,0.0,1.0,0.0,1.0,1.0,0
-0.5487156636513497,1.8940632608073005,0.765421923805684,0.4189574287641002,-1.0075283371329782,-1.0024079398382892,1.0,0.0,0.0,1.0,0.0,0.0,0.0,0.0,0.0,0.0,0.0,1.0,0.0,1.0,1.0,1.0,0
-0.013653560214406469,0.4141791170584712,1.2131673884281873,-0.45138771017812745,-1.0075283371329782,1.0188050300565614,0.0,1.0,0.0,0.0,0.0,1.0,0.0,0.0,0.0,1.0,1.0,0.0,1.0,0.0,0.0,1.0,0
-0.13028835115433912,-0.44395251260047247,-0.31943503840936466,0.3120729380168093,-1.0075283371329782,0.5135017875828488,0.0,1.0,1.0,0.0,0.0,0.0,1.0,0.0,0.0,1.0,0.0,1.0,1.0,0.0,1.0,0.0,0
0.869126013712212,-0.05354977119519537,-2.0691771830525654,0.39045489789815574,-1.0075283371329782,1.7262295695197594,1.0,0.0,0.0,0.0,0.0,1.0,0.0,0.0,0.0,0.0,1.0,0.0,0.0,0.0,1.0,0.0,1
-0.6843036081190214,-1.104053766184275,-0.11744460324131788,-1.5324479880221578,-1.0075283371329782,-1.6087718308067445,0.0,1.0,0.0,0.0,0.0,1.0,0.0,0.0,0.0,1.0,1.0,0.0,0.0,1.0,0.0,0.0,1
0.21451324956183832,-1.4674237895856446,0.10895300950953382,-0.21827772559593947,-1.0075283371329782,2.029411515003987,0.0,1.0,1.0,0.0,0.0,0.0,0.0,1.0,0.0,0.0,1.0,0.0,0.0,1.0,1.0,0.0,0
0.7539491576590283,-0.15162195744193144,-0.07283838214170756,1.3116974133867125,-1.0075283371329782,0.6145624360775915,0.0,0.0,0.0,1.0,0.0,0.0,1.0,0.0,0.0,0.0,0.0,0.0,0.0,1.0,1.0,1.0,0
-0.6150517009984364,0.8938526946627008,-1.359685779524803,-1.3828097009759501,0.9925279152401798,-0.14339242763297752,1.0,0.0,0.0,0.0,0.0,0.0,1.0,0.0,1.0,0.0,0.0,0.0,0.0,1.0,0.0,1.0,0
-0.613593766111687,-1.1750932344271035,-1.072691036223537,1.2964282004228147,-1.0075283371329782,0.1597895178512499,1.0,0.0,1.0,0.0,0.0,0.0,1.0,1.0,0.0,0.0,0.0,1.0,0.0,0.0,0.0,0.0,0
0.14161650522438016,0.9931822166305491,0.3706989484147937,-0.38725701572975324,0.9925279152401798,0.8672140573144478,1.0,0.0,0.0,0.0,0.0,0.0,0.0,0.0,0.0,0.0,1.0,0.0,0.0,1.0,1.0,1.0,0
0.9289013440689282,0.09167250459324133,-2.3898369988818393,1.108107907201396,-1.0075283371329782,1.1198656785513041,1.0,0.0,1.0,0.0,0.0,1.0,0.0,0.0,1.0,0.0,0.0,1.0,1.0,0.0,1.0,1.0,0
-0.5334073473404829,0.6090661538308316,1.6735372552486927,-0.027921537312669546,-1.0075283371329782,0.9682747058091904,0.0,1.0,1.0,0.0,0.0,1.0,0.0,0.0,0.0,0.0,1.0,0.0,0.0,1.0,0.0,0.0,1
0.38290472898136585,-1.1694352236820993,-0.33037618698096677,-1.0407793305846194,-1.0075283371329782,-0.9518776155909179,0.0,1.0,1.0,0.0,0.0,0.0,0.0,0.0,0.0,1.0,0.0,0.0,1.0,0.0,0.0,0.0,0
-0.31544608177148337,1.6099053878359875,-0.4002312124765832,0.2693191417178927,0.9925279152401798,0.3619108148407351,0.0,1.0,0.0,0.0,0.0,1.0,0.0,1.0,0.0,0.0,0.0,0.0,1.0,0.0,1.0,0.0,1
-1.202599460358349,-1.2731654206738396,-2.4176106837174456,-0.6743182194510488,0.9925279152401798,-0.44657437311720516,1.0,0.0,1.0,0.0,0.0,0.0,1.0,0.0,0.0,1.0,1.0,0.0,0.0,0.0,0.0,1.0,0
-0.35553929115708516,-0.827439907539634,-0.8639675865498894,-0.23049309596705891,0.9925279152401798,2.736836054467185,0.0,1.0,0.0,1.0,0.0,0.0,0.0,0.0,0.0,1.0,0.0,0.0,0.0,0.0,0.0,1.0,0
0.8756867207025835,1.8280531354489202,0.7039831664420696,0.036209157135706126,0.9925279152401798,-0.5981653458593191,0.0,0.0,0.0,1.0,0.0,0.0,0.0,1.0,0.0,0.0,0.0,1.0,0.0,1.0,0.0,0.0,0
0.6766786086613223,0.9938108844911053,-0.643461361491439,-1.8632809355732969,-1.0075283371329782,0.8166837330670763,0.0,1.0,1.0,0.0,0.0,0.0,1.0,0.0,1.0,0.0,0.0,1.0,0.0,1.0,0.0,0.0,0
1.2175724516452622,0.5311113391218876,0.22173100247835995,-0.6366541608067647,0.9925279152401798,-0.9013472913435465,0.0,0.0,0.0,1.0,0.0,1.0,0.0,1.0,0.0,0.0,1.0,0.0,0.0,1.0,0.0,1.0,0
-0.9664140087049843,-0.03343239965740283,-0.1216527373073186,-2.156449824480153,-1.0075283371329782,1.1198656785513041,1.0,0.0,0.0,1.0,0.0,0.0,0.0,0.0,0.0,0.0,1.0,0.0,1.0,0.0,0.0,0.0,0
1.7293075968942182,0.9718075093716447,-0.5214254735774108,1.0348156849746821,-1.0075283371329782,1.5746385967776453,0.0,1.0,1.0,0.0,0.0,0.0,0.0,0.0,0.0,1.0,0.0,1.0,0.0,0.0,0.0,1.0,0
0.8210141624494899,1.9563013790023451,0.6189788583088509,-0.5379132503068864,0.9925279152401798,-1.2045292368277742,1.0,0.0,1.0,0.0,0.0,0.0,1.0,0.0,0.0,0.0,1.0,0.0,1.0,0.0,0.0,1.0,0
-0.5129962589259945,0.3337096309073028,-0.35394173775057225,0.9299670892892441,0.9925279152401798,0.8672140573144478,1.0,0.0,0.0,1.0,0.0,0.0,1.0,0.0,0.0,0.0,0.0,1.0,0.0,0.0,1.0,1.0,0
-0.10769036040972693,0.5920921215958198,1.4328319866734376,0.5034470738310063,0.9925279152401798,0.1092591936038788,1.0,0.0,1.0,0.0,0.0,0.0,1.0,1.0,0.0,0.0,1.0,0.0,1.0,0.0,1.0,1.0,0
2.005586257933185,-0.16105197535027138,-1.3840929571076086,1.1406822281910474,-1.0075283371329782,-0.8002866428488041,0.0,1.0,0.0,1.0,0.0,0.0,1.0,0.0,1.0,0.0,0.0,0.0,1.0,0.0,1.0,1.0,0
2.0522401743091585,-1.4975998468923324,1.1971764789773827,1.2608000368403833,-1.0075283371329782,1.2209263270460469,0.0,0.0,0.0,1.0,0.0,0.0,1.0,0.0,0.0,0.0,0.0,1.0,0.0,0.0,0.0,1.0,0
-0.4175015238439242,0.17339932646552147,-0.5685565751166218,0.6938032621142777,0.9925279152401798,1.321986975540789,1.0,0.0,0.0,1.0,0.0,0.0,0.0,1.0,0.0,0.0,1.0,0.0,1.0,0.0,0.0,0.0,0
-0.5851640358200783,-2.734896779949114,-1.2098762067751685,-0.8331180342755958,0.9925279152401798,-0.7497563186014329,0.0,1.0,1.0,0.0,0.0,0.0,0.0,0.0,1.0,0.0,1.0,0.0,0.0,0.0,1.0,0.0,0
-0.8446764456614295,0.5141373068868749,1.5161530411802562,0.812903123232688,-1.0075283371329782,1.8778205422618728,0.0,0.0,0.0,0.0,0.0,1.0,0.0,1.0,0.0,0.0,0.0,1.0,1.0,0.0,1.0,1.0,0
1.6899433549519913,-0.1591659717686033,0.3563912925903903,0.18890128677469348,-1.0075283371329782,-1.1034685883330317,0.0,0.0,1.0,0.0,0.0,0.0,0.0,1.0,0.0,0.0,0.0,0.0,1.0,0.0,0.0,0.0,0
1.104582497922202,-0.4081184445487803,1.3899090192002272,0.03926299972848454,0.9925279152401798,0.1092591936038788,0.0,1.0,0.0,1.0,0.0,0.0,1.0,0.0,0.0,1.0,0.0,0.0,0.0,1.0,1.0,1.0,0
-0.281913579376252,-1.33603220672944,-1.2713149641387824,0.7548801139698721,0.9925279152401798,-1.1034685883330317,1.0,0.0,0.0,1.0,0.0,0.0,1.0,0.0,0.0,0.0,0.0,0.0,1.0,0.0,1.0,0.0,0
-1.3360005024958972,0.8385299229337728,-0.6821761948986473,-0.2447443614000311,-1.0075283371329782,0.4629714633354778,1.0,0.0,0.0,0.0,0.0,0.0,0.0,1.0,0.0,0.0,0.0,1.0,0.0,0.0,0.0,0.0,0
-0.3052405375642392,-0.21008806847363964,-1.69549487799168,0.6917673670524249,-1.0075283371329782,-0.14339242763297752,0.0,0.0,1.0,0.0,0.0,0.0,0.0,0.0,0.0,0.0,0.0,1.0,1.0,0.0,0.0,0.0,0
-0.7112754035238807,0.6430142183008561,0.3429252635791875,0.7508083238461666,-1.0075283371329782,0.8166837330670763,0.0,0.0,1.0,0.0,0.0,0.0,1.0,0.0,1.0,0.0,0.0,0.0,0.0,0.0,1.0,1.0,0
1.39544050782866,-0.19437137195973958,-0.06358048719650548,-0.34144937683805676,0.9925279152401798,0.6145624360775915,0.0,0.0,0.0,0.0,0.0,0.0,0.0,0.0,1.0,0.0,1.0,0.0,1.0,0.0,1.0,0.0,0
0.37998885920786807,-1.9804167637993422,-2.160072878878186,0.18075770652727954,-1.0075283371329782,-1.760362803548858,0.0,1.0,1.0,0.0,0.0,1.0,0.0,0.0,0.0,0.0,0.0,1.0,0.0,1.0,1.0,1.0,0
0.11537367726289526,-1.9785307602176743,-0.7806465320430701,0.9625414102788955,-1.0075283371329782,-0.9013472913435465,1.0,0.0,1.0,0.0,0.0,1.0,0.0,1.0,0.0,0.0,0.0,0.0,0.0,1.0,0.0,1.0,0
-0.8403026410011819,-1.2058979595943473,0.34040038313958687,-0.018760009534329956,-1.0075283371329782,2.7873663787145557,0.0,1.0,0.0,1.0,0.0,0.0,0.0,1.0,0.0,0.0,1.0,0.0,1.0,0.0,0.0,1.0,0
1.6367287315856467,1.737524963528856,1.1997013594169832,1.0073311016396649,-1.0075283371329782,1.4230476240355316,1.0,0.0,0.0,0.0,0.0,0.0,1.0,1.0,0.0,0.0,0.0,1.0,0.0,0.0,1.0,1.0,0
-0.024588071865024572,0.19728870516665017,1.6508133312922866,1.1193053300415898,0.9925279152401798,-2.265666046022571,1.0,0.0,1.0,0.0,0.0,1.0,0.0,1.0,0.0,0.0,0.0,0.0,1.0,0.0,0.0,1.0,0
-1.1814594045004863,-0.581002106201681,0.42792957171240625,-0.6244387904356468,-1.0075283371329782,-0.04233177913823491,0.0,0.0,0.0,0.0,0.0,0.0,1.0,1.0,0.0,0.0,0.0,1.0,0.0,0.0,0.0,1.0,0
0.6147163759744834,0.1451092727405021,-0.4288465241253895,-1.556878728764396,0.9925279152401798,-0.24445307612772016,1.0,0.0,1.0,0.0,0.0,0.0,1.0,0.0,0.0,1.0,1.0,0.0,0.0,1.0,1.0,1.0,0
0.9012005812206935,2.1493024121930375,0.9598377176549288,-0.319054531157672,0.9925279152401798,0.5135017875828488,0.0,0.0,1.0,0.0,0.0,1.0,0.0,0.0,1.0,0.0,1.0,0.0,0.0,0.0,0.0,0.0,1
-0.5786033288297073,1.2138446356857062,1.5321439506310597,0.9075722436088595,-1.0075283371329782,-1.0024079398382892,1.0,0.0,1.0,0.0,0.0,0.0,0.0,0.0,0.0,1.0,0.0,1.0,1.0,0.0,1.0,1.0,0
-1.629774382175854,0.3047909093217262,-0.6283120788538356,-1.184309932445267,-1.0075283371329782,0.1597895178512499,0.0,0.0,1.0,0.0,0.0,0.0,0.0,1.0,0.0,0.0,1.0,0.0,0.0,1.0,1.0,1.0,0
-1.7981658615953824,-1.3284881924027678,1.2762893994182016,1.2984640954846673,-1.0075283371329782,0.3619108148407351,1.0,0.0,0.0,1.0,0.0,1.0,0.0,0.0,1.0,0.0,0.0,0.0,0.0,1.0,0.0,0.0,1
-0.08655030455186465,-0.14973595386026337,-0.9801120867715162,-1.177184299728781,0.9925279152401798,0.7156230845723341,0.0,0.0,0.0,0.0,0.0,0.0,0.0,0.0,0.0,0.0,0.0,1.0,1.0,0.0,0.0,1.0,0
1.79637260168468,-0.6520415744445094,1.6836367770070941,1.4440305924071695,0.9925279152401798,0.56403211183022,1.0,0.0,1.0,0.0,0.0,0.0,0.0,0.0,0.0,0.0,1.0,0.0,1.0,0.0,1.0,0.0,0
0.5964921898901188,0.17025598716274165,-2.709129171139661,-0.9522178953940061,-1.0075283371329782,1.4735779482829032,1.0,0.0,1.0,0.0,0.0,0.0,1.0,0.0,1.0,0.0,1.0,0.0,0.0,1.0,0.0,1.0,0
-0.3475206492799648,-0.9921508870053065,1.634822421841483,0.15429107072318934,0.9925279152401798,-0.14339242763297752,0.0,1.0,0.0,0.0,0.0,0.0,0.0,0.0,0.0,1.0,1.0,0.0,1.0,0.0,0.0,0.0,0
1.0994797258185807,-1.3957556534822602,-0.040856563240100605,0.725359635573002,0.9925279152401798,1.0693353543039326,0.0,0.0,0.0,0.0,0.0,0.0,1.0,0.0,1.0,0.0,1.0,0.0,0.0,1.0,1.0,0.0,0
-0.06978405335424898,-0.42132046962045644,-0.5231087272038114,0.6520674133462881,-1.0075283371329782,-0.19392275188034908,1.0,0.0,0.0,1.0,0.0,1.0,0.0,0.0,1.0,0.0,1.0,0.0,0.0,1.0,1.0,1.0,0
1.6381866664723956,0.725998375894248,0.9026070943573151,-1.1741304571360012,-1.0075283371329782,-0.04233177913823491,0.0,1.0,1.0,0.0,0.0,0.0,1.0,0.0,0.0,0.0,0.0,1.0,0.0,0.0,1.0,1.0,0
-0.4772768542006404,-0.8148665503285139,0.19900707852195387,-1.810347663965115,-1.0075283371329782,0.8672140573144478,0.0,1.0,1.0,0.0,0.0,0.0,0.0,0.0,0.0,1.0,0.0,1.0,0.0,1.0,0.0,0.0,0
0.1868124867136035,0.13945126199549784,-0.0576890995041047,0.6286546201349764,-1.0075283371329782,-1.4571808580646306,0.0,1.0,1.0,0.0,0.0,0.0,0.0,0.0,0.0,0.0,1.0,0.0,0.0,0.0,0.0,0.0,1
1.219759353975386,-1.0600470159453548,-0.3009192485189605,-0.27426483979690264,-1.0075283371329782,1.321986975540789,0.0,1.0,1.0,0.0,0.0,0.0,0.0,0.0,0.0,0.0,1.0,0.0,0.0,1.0,1.0,0.0,0
-0.838115738671058,0.4902479281857471,1.4126329431566322,-0.9023384663786042,-1.0075283371329782,0.7661534088197052,0.0,1.0,1.0,0.0,0.0,0.0,1.0,1.0,0.0,0.0,0.0,1.0,0.0,0.0,1.0,0.0,0
-0.639836594073172,-0.9148247401569184,-0.2958694876397591,0.13291417257373028,-1.0075283371329782,1.0188050300565614,0.0,1.0,1.0,0.0,0.0,0.0,0.0,0.0,0.0,1.0,0.0,1.0,1.0,0.0,0.0,0.0,0
1.1935165260139011,-0.080582489199103,0.27559511852317237,-0.11851886756513544,-1.0075283371329782,-0.44657437311720516,1.0,0.0,1.0,0.0,0.0,0.0,0.0,0.0,0.0,1.0,0.0,0.0,0.0,1.0,1.0,1.0,0
-1.4570090980960781,0.20546138735387792,1.3284702618366129,2.4467089103698525,0.9925279152401798,-1.5077111823120017,1.0,0.0,0.0,1.0,0.0,1.0,0.0,0.0,1.0,0.0,1.0,0.0,0.0,1.0,1.0,0.0,1
1.1847689166934057,-0.617464842113929,-0.10566182785651512,-1.3563430651718593,-1.0075283371329782,1.1703960027986753,0.0,1.0,0.0,0.0,0.0,0.0,0.0,0.0,0.0,1.0,1.0,0.0,0.0,1.0,0.0,0.0,0
1.9902779416223195,-1.073877708877587,-1.033976202816328,1.661871364025458,0.9925279152401798,-1.911953776290972,0.0,0.0,1.0,0.0,0.0,0.0,0.0,0.0,0.0,1.0,0.0,0.0,0.0,0.0,0.0,0.0,1
1.1104142374691988,0.7429724081292598,2.3300061695448426,-1.1507176639246892,0.9925279152401798,-1.0529382640856604,1.0,0.0,0.0,1.0,0.0,0.0,1.0,1.0,0.0,0.0,1.0,0.0,0.0,0.0,0.0,0.0,0
0.03008448638806906,0.009317014860404873,-1.8772862696429216,0.5930264565525466,0.9925279152401798,0.9177443815618189,0.0,1.0,1.0,0.0,0.0,0.0,1.0,1.0,0.0,0.0,1.0,0.0,1.0,0.0,0.0,1.0,0
-0.08946617432536239,-0.1623093110713836,-0.8370355285274831,-0.012652324348770233,-1.0075283371329782,-0.8002866428488041,0.0,1.0,1.0,0.0,0.0,0.0,0.0,0.0,0.0,0.0,1.0,0.0,0.0,1.0,0.0,1.0,0
0.21305531467508843,-0.9996949013319788,0.5348161769888315,-1.0611382812031498,0.9925279152401798,0.6145624360775915,0.0,0.0,1.0,0.0,0.0,1.0,0.0,0.0,0.0,0.0,0.0,0.0,0.0,0.0,0.0,0.0,1
-0.8089570409360749,-0.2113454041947514,-0.10566182785651512,0.4545855923465314,-1.0075283371329782,0.008198545109136179,0.0,0.0,1.0,0.0,0.0,0.0,0.0,1.0,0.0,0.0,0.0,0.0,0.0,1.0,1.0,0.0,0
-2.7116531890741546,-0.0397190782629625,-1.4749886529332292,0.5838649287742069,-1.0075283371329782,-0.14339242763297752,1.0,0.0,1.0,0.0,0.0,1.0,0.0,1.0,0.0,0.0,0.0,1.0,1.0,0.0,1.0,1.0,0
0.48423120361043276,-0.12961858232247128,1.5085783998614541,1.2231359781961009,-1.0075283371329782,-1.911953776290972,0.0,0.0,0.0,0.0,0.0,0.0,1.0,0.0,0.0,0.0,0.0,1.0,0.0,0.0,0.0,0.0,1
-0.8869565573771552,0.013717689884297354,2.049744440749179,1.0348156849746821,0.9925279152401798,0.9177443815618189,0.0,1.0,1.0,0.0,0.0,0.0,1.0,0.0,0.0,1.0,1.0,0.0,1.0,0.0,0.0,0.0,0
-0.03989638817589137,0.7448584117109279,-0.010557997964893711,-0.10426760213216323,-1.0075283371329782,0.058728869356507264,0.0,0.0,0.0,1.0,0.0,0.0,1.0,0.0,1.0,0.0,0.0,0.0,0.0,1.0,1.0,1.0,0
0.05268247713268022,1.6029900413698717,-0.0576890995041047,-0.4116877564719907,0.9925279152401798,1.675699245272388,0.0,0.0,1.0,0.0,0.0,0.0,1.0,0.0,0.0,0.0,1.0,0.0,0.0,0.0,0.0,1.0,0
-0.28993222125337237,-1.070105701714251,-1.5591513342532484,0.16650644109430734,0.9925279152401798,-0.39604404886983385,0.0,0.0,1.0,0.0,0.0,0.0,0.0,1.0,0.0,0.0,0.0,1.0,0.0,1.0,0.0,0.0,0
-0.46342647277652355,0.26078415908280583,-0.413697241487786,-0.46869281820387954,0.9925279152401798,-1.8614234520436008,0.0,0.0,1.0,0.0,0.0,0.0,0.0,1.0,0.0,0.0,0.0,0.0,0.0,0.0,0.0,0.0,1
-0.5042486496054992,-0.20443005772863543,-0.5542489192922184,0.6032059318618118,0.9925279152401798,-0.29498340037509146,0.0,0.0,0.0,1.0,0.0,0.0,0.0,1.0,0.0,0.0,0.0,1.0,1.0,0.0,0.0,0.0,0
1.6768219409712484,1.1101144386939654,-0.44147092632339224,-0.5877926793222898,-1.0075283371329782,0.4629714633354778,1.0,0.0,1.0,0.0,0.0,0.0,1.0,1.0,0.0,0.0,1.0,0.0,0.0,0.0,1.0,1.0,0
0.7874816600542596,0.5009352818151992,0.37490708248079446,0.3130908855477364,-1.0075283371329782,1.9283508665092448,0.0,1.0,1.0,0.0,0.0,1.0,0.0,0.0,1.0,0.0,1.0,0.0,0.0,0.0,0.0,0.0,1
-0.06978405335424898,-0.20317272200752368,-0.3547833645637729,0.31818062320236906,-1.0075283371329782,0.4629714633354778,0.0,1.0,1.0,0.0,0.0,0.0,0.0,0.0,1.0,0.0,1.0,0.0,1.0,0.0,1.0,0.0,0
1.0557416792161052,-1.099653091160383,-1.12908003270795,0.09219627133666787,0.9925279152401798,-0.39604404886983385,0.0,1.0,1.0,0.0,0.0,0.0,0.0,1.0,0.0,0.0,1.0,0.0,0.0,0.0,1.0,0.0,0
-0.5355942496706068,-0.800407189535726,0.5238750284172283,0.30901909542402944,0.9925279152401798,0.21031984209862142,0.0,1.0,1.0,0.0,0.0,0.0,1.0,0.0,1.0,0.0,0.0,1.0,0.0,0.0,1.0,1.0,0
1.571850629125309,0.8819080053121369,0.09632860731153045,0.3202165182642218,-1.0075283371329782,-0.14339242763297752,1.0,0.0,0.0,1.0,0.0,1.0,0.0,0.0,0.0,1.0,0.0,1.0,1.0,0.0,1.0,1.0,0
-0.3635579330342055,-0.24969414368866752,-0.962437923694312,-0.6844976947603154,0.9925279152401798,0.4629714633354778,1.0,0.0,0.0,0.0,0.0,0.0,0.0,0.0,1.0,0.0,0.0,1.0,0.0,0.0,1.0,1.0,0
-0.21484857458579038,1.3722689365458185,-0.09303742565851295,1.9580940955250932,0.9925279152401798,-1.356120209569888,0.0,0.0,0.0,0.0,0.0,0.0,0.0,0.0,0.0,1.0,0.0,0.0,0.0,0.0,1.0,0.0,1
0.8552756322880951,1.823652460425028,-0.2133900599461399,-0.1714521391733173,0.9925279152401798,-0.24445307612772016,0.0,1.0,1.0,0.0,0.0,0.0,1.0,0.0,0.0,1.0,0.0,0.0,0.0,0.0,0.0,1.0,0
-1.8863709222437068,0.5480853713568994,-0.16541733159372948,0.5441649750680702,0.9925279152401798,-0.4971046973645765,0.0,1.0,0.0,1.0,0.0,0.0,1.0,0.0,1.0,0.0,1.0,0.0,0.0,0.0,0.0,0.0,0
-0.39636146798606187,-0.32261961551316404,-0.49533504236820464,-0.5888106268532155,-1.0075283371329782,-2.1646053975278283,0.0,1.0,0.0,1.0,0.0,1.0,0.0,0.0,0.0,0.0,0.0,0.0,0.0,1.0,0.0,1.0,0
-0.9605822691579878,-0.38925840873210044,0.7435396266624785,1.0063131541087378,-1.0075283371329782,0.21031984209862142,0.0,0.0,0.0,0.0,0.0,1.0,0.0,0.0,0.0,0.0,1.0,0.0,1.0,0.0,0.0,1.0,0
0.4273717430272153,-1.083307726785927,0.3706989484147937,-1.129340765775231,-1.0075283371329782,0.058728869356507264,1.0,0.0,0.0,0.0,0.0,0.0,0.0,1.0,0.0,0.0,0.0,1.0,0.0,0.0,0.0,0.0,0
0.6343984969455968,0.5688314107552473,-0.9851618476507169,-0.9929357966310686,0.9925279152401798,-0.8508169670961755,1.0,0.0,1.0,0.0,0.0,1.0,0.0,0.0,1.0,0.0,1.0,0.0,1.0,0.0,1.0,1.0,0
-0.22068031413278794,0.3594850131900987,0.3058936837983792,0.230637135542683,-1.0075283371329782,-0.19392275188034908,1.0,0.0,0.0,1.0,0.0,0.0,1.0,0.0,0.0,1.0,0.0,0.0,0.0,1.0,1.0,0.0,0
1.2664132703513593,1.8645158713611683,-0.9186733294079017,0.006688678738834601,-1.0075283371329782,1.3725172997881605,0.0,0.0,1.0,0.0,0.0,0.0,1.0,0.0,0.0,1.0,0.0,1.0,0.0,1.0,0.0,0.0,0
0.6023239294371153,1.1434338353034337,-0.6055881548974301,0.8607466571862372,-1.0075283371329782,1.0693353543039326,0.0,0.0,1.0,0.0,0.0,0.0,0.0,0.0,1.0,0.0,0.0,0.0,1.0,0.0,1.0,1.0,0
0.35155912891625934,0.6335842003925157,-0.7006919847890521,-0.285462262637095,0.9925279152401798,0.5135017875828488,0.0,0.0,0.0,1.0,0.0,1.0,0.0,0.0,1.0,0.0,1.0,0.0,1.0,0.0,0.0,0.0,1
1.3640949077635534,0.4456125100862713,-1.0179852933655245,1.4012767961082526,-1.0075283371329782,1.1198656785513041,1.0,0.0,0.0,1.0,0.0,0.0,0.0,0.0,0.0,1.0,0.0,1.0,0.0,1.0,1.0,0.0,0
0.9412937906062963,0.09230117245379765,1.1475204969985722,-0.055406120647686866,-1.0075283371329782,-0.44657437311720516,0.0,1.0,0.0,0.0,0.0,1.0,0.0,0.0,0.0,0.0,0.0,1.0,0.0,0.0,0.0,0.0,1
1.7854380900340618,0.16774131572051812,0.16197549874114558,0.563505978155675,-1.0075283371329782,-0.29498340037509146,0.0,1.0,1.0,0.0,0.0,0.0,1.0,0.0,0.0,0.0,0.0,1.0,0.0,0.0,1.0,0.0,0
-0.45686576578615207,0.40663510273179887,0.6475941699576565,-0.1205547626269882,0.9925279152401798,-0.09286210338560645,0.0,1.0,1.0,0.0,0.0,0.0,0.0,0.0,1.0,0.0,0.0,1.0,1.0,0.0,0.0,1.0,0
-0.7681348641070982,-0.8494432826590942,0.2200477488519587,-0.9165897318115749,0.9925279152401798,-0.4971046973645765,1.0,0.0,0.0,1.0,0.0,1.0,0.0,0.0,1.0,0.0,1.0,0.0,0.0,0.0,1.0,1.0,0
1.2153855493151384,-0.9160820758780301,1.22495016381299,-0.879943620698218,-1.0075283371329782,-0.29498340037509146,0.0,1.0,1.0,0.0,0.0,1.0,0.0,0.0,0.0,1.0,1.0,0.0,0.0,1.0,1.0,0.0,1
0.30271831021016227,0.2450674625689058,0.027315208629115205,-0.6997669077242133,-1.0075283371329782,-0.14339242763297752,0.0,0.0,1.0,0.0,0.0,0.0,0.0,0.0,0.0,0.0,0.0,0.0,0.0,0.0,0.0,1.0,0
0.8734998183724596,-0.17802600758528364,0.9202812574345198,-0.3842031731369734,0.9925279152401798,-0.9013472913435465,0.0,1.0,0.0,1.0,0.0,0.0,0.0,0.0,1.0,0.0,0.0,0.0,1.0,0.0,1.0,0.0,0
-0.9110124830085162,0.986266870164433,0.806661637652493,0.28051656455808505,-1.0075283371329782,1.675699245272388,0.0,0.0,1.0,0.0,0.0,0.0,0.0,0.0,0.0,0.0,1.0,0.0,0.0,0.0,0.0,1.0,0
-0.3300254306389752,-0.0013703387690463826,-0.5357331294018143,-2.5381801485776214,-1.0075283371329782,-0.19392275188034908,0.0,1.0,0.0,1.0,0.0,0.0,1.0,1.0,0.0,0.0,0.0,0.0,0.0,1.0,0.0,1.0,0
1.2088248423247678,-0.11704522511135104,-0.730990550064259,-1.181256089852487,-1.0075283371329782,0.7156230845723341,0.0,0.0,0.0,1.0,0.0,1.0,0.0,0.0,0.0,1.0,1.0,0.0,0.0,0.0,0.0,1.0,0
0.568791427041885,1.0283876168216852,-0.37414078126737704,0.9503260399077761,0.9925279152401798,0.008198545109136179,0.0,0.0,0.0,1.0,0.0,0.0,1.0,0.0,1.0,0.0,0.0,1.0,0.0,1.0,0.0,1.0,0
-0.5516315334248475,-1.2052692917337915,0.413621915888004,1.1528975985621668,-1.0075283371329782,0.5135017875828488,0.0,1.0,1.0,0.0,0.0,1.0,0.0,0.0,1.0,0.0,0.0,1.0,1.0,0.0,1.0,0.0,1
1.2263200609657574,0.31987893797507083,1.2274750442525895,1.5987586171080095,0.9925279152401798,1.4230476240355316,0.0,0.0,1.0,0.0,0.0,0.0,0.0,0.0,0.0,0.0,0.0,1.0,1.0,0.0,1.0,1.0,0
-2.5949272772038,-0.4232064732021245,-0.28661159269455705,-1.4245455497439403,0.9925279152401798,-1.2045292368277742,1.0,0.0,1.0,0.0,0.0,0.0,0.0,0.0,1.0,0.0,0.0,0.0,1.0,0.0,1.0,1.0,0
1.9363343508125996,-1.0242129478936626,0.5575401009452364,1.3391819967217313,-1.0075283371329782,-1.3055898853225167,1.0,0.0,1.0,0.0,0.0,1.0,0.0,1.0,0.0,0.0,0.0,0.0,0.0,0.0,1.0,0.0,1
-0.1835029745206839,0.4594432030185033,1.277131026231401,-1.6108299479035049,0.9925279152401798,-0.4971046973645765,0.0,0.0,1.0,0.0,0.0,1.0,0.0,1.0,0.0,0.0,1.0,0.0,0.0,1.0,1.0,0.0,1
-0.9605822691579878,-0.6998203318467655,1.2384161928241928,0.9024825059542267,-1.0075283371329782,0.2608501663459925,1.0,0.0,1.0,0.0,0.0,0.0,1.0,0.0,0.0,1.0,1.0,0.0,0.0,1.0,1.0,1.0,0
-1.1829173393872356,-0.508076634377185,0.6215037387484516,-0.39132880585345875,0.9925279152401798,-0.09286210338560645,1.0,0.0,0.0,1.0,0.0,1.0,0.0,1.0,0.0,0.0,0.0,1.0,0.0,0.0,1.0,1.0,0
-0.4874823984078846,-1.371237606920576,0.36059942665639105,0.9798465183046475,-1.0075283371329782,0.2608501663459925,0.0,1.0,0.0,1.0,0.0,0.0,1.0,0.0,0.0,0.0,0.0,1.0,1.0,0.0,0.0,0.0,0
-1.163964185859496,0.5040786211179791,1.0869233664481583,0.18177565405820664,0.9925279152401798,0.5135017875828488,0.0,1.0,1.0,0.0,0.0,0.0,1.0,0.0,0.0,0.0,1.0,0.0,0.0,0.0,0.0,1.0,0
0.3085500497571588,1.0893683992956176,-0.5382580098414149,1.2597820893094578,-1.0075283371329782,-0.6992259943540615,0.0,1.0,0.0,1.0,0.0,0.0,0.0,0.0,1.0,0.0,0.0,1.0,1.0,0.0,1.0,0.0,0
-0.11935383950372103,1.983334097006253,1.1071224099649626,-0.389292910791606,0.9925279152401798,-0.5476350216119478,0.0,1.0,0.0,1.0,0.0,1.0,0.0,0.0,1.0,0.0,0.0,0.0,1.0,0.0,1.0,0.0,1
0.919424767305058,0.45378519227349906,-0.5626651874242204,0.7355391108822672,0.9925279152401798,0.3619108148407351,0.0,1.0,0.0,1.0,0.0,0.0,1.0,0.0,1.0,0.0,0.0,0.0,0.0,1.0,0.0,1.0,0
-0.28045564448950316,-1.1260571413037352,0.29326928160037585,0.7681134318719186,0.9925279152401798,0.5135017875828488,0.0,0.0,0.0,1.0,0.0,0.0,1.0,1.0,0.0,0.0,0.0,1.0,0.0,1.0,1.0,1.0,0
1.7730456434966937,-0.5011612879110685,2.2441602345984233,0.003634836146054738,0.9925279152401798,0.9682747058091904,0.0,1.0,0.0,1.0,0.0,0.0,1.0,1.0,0.0,0.0,1.0,0.0,0.0,0.0,1.0,1.0,0
0.49297881293092805,-1.344204888916668,-0.059372353130504756,-0.13785987065274027,-1.0075283371329782,-1.3055898853225167,0.0,1.0,0.0,0.0,0.0,1.0,0.0,0.0,0.0,0.0,0.0,0.0,0.0,1.0,1.0,1.0,0
0.4499697337718275,-0.3232482833737199,-0.0442230704929019,-1.8846578337227553,0.9925279152401798,0.56403211183022,0.0,0.0,0.0,1.0,0.0,0.0,0.0,1.0,0.0,0.0,1.0,0.0,0.0,1.0,1.0,0.0,0
0.46309114775257043,-0.11138721436634681,0.4767439268780185,-0.5949183120387752,0.9925279152401798,0.56403211183022,1.0,0.0,0.0,1.0,0.0,1.0,0.0,1.0,0.0,0.0,0.0,0.0,1.0,0.0,1.0,1.0,0
1.0717789629703458,0.6907929757031117,0.6576936917160592,-1.5019095620943606,-1.0075283371329782,0.9177443815618189,1.0,0.0,0.0,0.0,0.0,0.0,1.0,0.0,0.0,0.0,0.0,1.0,0.0,1.0,0.0,0.0,0
-1.0502452646930616,0.34251098095508686,0.31935971280958203,-1.534483883084011,0.9925279152401798,-0.9013472913435465,1.0,0.0,0.0,0.0,0.0,0.0,1.0,0.0,0.0,0.0,0.0,1.0,1.0,0.0,0.0,1.0,0
0.39311027318861,0.31547826295117837,0.675367854793264,0.2988396201147642,-1.0075283371329782,-0.5476350216119478,1.0,0.0,0.0,0.0,0.0,1.0,0.0,1.0,0.0,0.0,1.0,0.0,0.0,0.0,0.0,1.0,0
1.1242646188933156,-1.1078257733476111,0.5003094776476228,-0.6763541145129015,-1.0075283371329782,-0.4971046973645765,1.0,0.0,0.0,0.0,0.0,0.0,0.0,1.0,0.0,0.0,0.0,1.0,0.0,1.0,0.0,0.0,0
2.0522401743091585,1.0761663742239418,-0.6678685390742445,-0.8361718768683757,-1.0075283371329782,0.8672140573144478,1.0,0.0,0.0,1.0,0.0,1.0,0.0,0.0,1.0,0.0,0.0,0.0,0.0,1.0,1.0,1.0,0
-0.19881129083154966,0.9083120554554891,1.3006965770010066,-1.2504765219554947,-1.0075283371329782,0.56403211183022,0.0,0.0,0.0,1.0,0.0,0.0,1.0,1.0,0.0,0.0,0.0,1.0,1.0,0.0,0.0,1.0,0
-2.005192615513763,-0.14344927525470325,0.5903635466600441,-0.9593435281104915,0.9925279152401798,0.9177443815618189,0.0,1.0,1.0,0.0,0.0,1.0,0.0,0.0,0.0,1.0,0.0,1.0,0.0,1.0,0.0,1.0,0
0.7845657902807608,0.2626701626644739,1.159303272383375,1.321876888695979,-1.0075283371329782,0.9682747058091904,0.0,1.0,0.0,1.0,0.0,1.0,0.0,0.0,1.0,0.0,0.0,0.0,0.0,0.0,1.0,0.0,1
0.4740256594031886,0.047037086493765555,1.1635114064493757,0.7935621201450832,-1.0075283371329782,0.9177443815618189,0.0,1.0,1.0,0.0,0.0,0.0,1.0,0.0,0.0,0.0,1.0,0.0,1.0,0.0,0.0,0.0,0
0.6628282272372055,-0.7545144357151375,0.6534855576500586,-0.5949183120387752,0.9925279152401798,0.21031984209862142,0.0,1.0,1.0,0.0,0.0,0.0,1.0,0.0,1.0,0.0,1.0,0.0,0.0,1.0,1.0,0.0,0
1.3589921356599308,0.1268779047843776,-1.8907522986541248,-0.8046155034096514,-1.0075283371329782,-0.44657437311720516,1.0,0.0,1.0,0.0,0.0,0.0,1.0,0.0,1.0,0.0,0.0,1.0,0.0,1.0,1.0,1.0,0
0.8027899763651253,-0.7771464786951536,0.5036759849004241,1.1020002220158378,0.9925279152401798,-0.6992259943540615,1.0,0.0,1.0,0.0,0.0,0.0,0.0,0.0,0.0,1.0,0.0,1.0,1.0,0.0,1.0,0.0,0
-0.21120373736891768,0.10173119036213805,-0.2133900599461399,0.008724573800687361,-1.0075283371329782,1.0693353543039326,1.0,0.0,0.0,0.0,0.0,1.0,0.0,0.0,0.0,0.0,0.0,0.0,0.0,1.0,1.0,0.0,1
0.5855576782394997,-1.378152953386692,0.06518841522312413,0.10746548430056574,-1.0075283371329782,-1.3055898853225167,1.0,0.0,0.0,1.0,0.0,0.0,1.0,0.0,1.0,0.0,0.0,0.0,0.0,0.0,0.0,1.0,1
0.355932933576507,-0.05229243547408272,1.0094936996337405,-0.38725701572975324,-1.0075283371329782,-0.34551372462246277,0.0,0.0,0.0,1.0,0.0,0.0,0.0,0.0,0.0,0.0,0.0,1.0,1.0,0.0,0.0,0.0,0
2.0522401743091585,0.14636660846161384,-0.44483743357619293,-0.3139647935030394,-1.0075283371329782,-0.6992259943540615,0.0,0.0,0.0,0.0,0.0,1.0,0.0,1.0,0.0,0.0,0.0,0.0,0.0,0.0,0.0,1.0,0
-1.8309693965472387,-0.603634149181697,-0.09724555972451367,-0.7313232811829377,-1.0075283371329782,0.7156230845723341,1.0,0.0,0.0,0.0,0.0,1.0,0.0,1.0,0.0,0.0,1.0,0.0,0.0,1.0,1.0,0.0,1
-1.0910674415220378,0.8152692120932005,0.1560841110487448,1.0134387868252246,-1.0075283371329782,-1.558241506559373,0.0,0.0,0.0,0.0,0.0,1.0,0.0,1.0,0.0,0.0,0.0,1.0,1.0,0.0,1.0,1.0,0
-0.8512371526518006,0.2953608914133867,-1.9808063676665448,-1.6983734355631908,-1.0075283371329782,-0.5476350216119478,0.0,0.0,0.0,0.0,0.0,0.0,0.0,0.0,0.0,0.0,1.0,0.0,1.0,0.0,1.0,1.0,0
0.08038323998091504,-0.17488266828250337,1.3638185879910212,-1.2138304108421378,0.9925279152401798,1.0693353543039326,1.0,0.0,1.0,0.0,0.0,1.0,0.0,0.0,0.0,1.0,1.0,0.0,1.0,0.0,0.0,0.0,1
0.18243868205335587,0.8259565657226526,-0.3320594406073668,0.4963214411145209,-1.0075283371329782,0.7156230845723341,0.0,1.0,0.0,1.0,0.0,0.0,1.0,0.0,1.0,0.0,0.0,1.0,1.0,0.0,0.0,1.0,0
-0.557463272971844,-0.7865764966034939,1.7551750561291113,1.6028304072317163,-1.0075283371329782,-0.29498340037509146,0.0,1.0,0.0,1.0,0.0,0.0,0.0,1.0,0.0,0.0,0.0,0.0,1.0,0.0,1.0,0.0,0
0.17223313784611166,-0.4420665090188044,-1.8251054072245096,-1.2942482657853378,0.9925279152401798,1.5241082725302741,1.0,0.0,0.0,1.0,0.0,0.0,0.0,1.0,0.0,0.0,1.0,0.0,0.0,0.0,0.0,1.0,0
0.7364539390180386,0.31799293439340276,-1.3075049171063906,-0.1572008737403451,0.9925279152401798,1.0693353543039326,1.0,0.0,1.0,0.0,0.0,0.0,1.0,0.0,0.0,0.0,0.0,0.0,0.0,1.0,1.0,0.0,0
1.3130671867273325,2.061288911715197,-0.6863843289646486,-0.7394668614303501,-1.0075283371329782,-0.04233177913823491,1.0,0.0,1.0,0.0,0.0,0.0,1.0,0.0,0.0,1.0,0.0,0.0,1.0,0.0,1.0,0.0,0
0.59357632011662,-0.537624023823317,1.83681285700953,0.7986518577997158,0.9925279152401798,-0.7497563186014329,0.0,1.0,0.0,1.0,0.0,1.0,0.0,0.0,0.0,1.0,0.0,0.0,0.0,0.0,0.0,0.0,1
-0.7083595337503824,-0.9978088977503108,-0.47513599885140045,-0.027921537312669546,-1.0075283371329782,1.0693353543039326,1.0,0.0,0.0,1.0,0.0,0.0,0.0,0.0,1.0,0.0,0.0,1.0,0.0,0.0,1.0,0.0,0
1.1621709259487947,-0.9915222191447507,0.581105651714842,-0.672282324389196,0.9925279152401798,-0.5981653458593191,0.0,0.0,0.0,1.0,0.0,1.0,0.0,1.0,0.0,0.0,0.0,0.0,0.0,0.0,0.0,1.0,0
-0.9911989017797204,0.8573899587504528,0.39763100643719934,-0.7282694385901578,0.9925279152401798,1.7262295695197594,0.0,1.0,0.0,1.0,0.0,0.0,1.0,1.0,0.0,0.0,0.0,1.0,1.0,0.0,0.0,1.0,0
-0.09238204409886118,-1.8659992131781498,0.5062008653400247,1.1528975985621668,0.9925279152401798,-0.6992259943540615,1.0,0.0,0.0,1.0,0.0,1.0,0.0,1.0,0.0,0.0,0.0,0.0,0.0,1.0,0.0,0.0,1
1.5390470941734524,-0.8752186649418902,0.6332865141332543,1.2434949288146326,0.9925279152401798,0.56403211183022,0.0,0.0,1.0,0.0,0.0,0.0,0.0,1.0,0.0,0.0,1.0,0.0,1.0,0.0,0.0,0.0,0
1.3480576240093127,-0.3144469333259358,0.4439204811632109,-0.35570064227102893,0.9925279152401798,1.5746385967776453,1.0,0.0,0.0,0.0,0.0,0.0,0.0,0.0,0.0,1.0,1.0,0.0,1.0,0.0,0.0,1.0,0
-0.03770948584576754,0.4072637705923552,0.5322912965492309,0.14411159541392263,0.9925279152401798,-1.3055898853225167,0.0,1.0,0.0,1.0,0.0,0.0,1.0,0.0,0.0,1.0,1.0,0.0,1.0,0.0,1.0,1.0,0
-1.2521692465078205,0.6147241645758358,0.22509750973116005,0.5594341880319695,0.9925279152401798,-1.5077111823120017,0.0,0.0,1.0,0.0,0.0,0.0,0.0,0.0,0.0,1.0,0.0,1.0,1.0,0.0,0.0,1.0,0
0.2772044496920523,0.3481689917000902,-0.324484799288566,-0.13887781818366737,0.9925279152401798,-0.09286210338560645,0.0,0.0,0.0,0.0,0.0,0.0,0.0,0.0,0.0,0.0,0.0,1.0,0.0,0.0,0.0,0.0,0
0.44924076632845356,-1.051874333758127,0.009641045551910487,-1.7960963985321428,0.9925279152401798,-0.9518776155909179,1.0,0.0,1.0,0.0,0.0,1.0,0.0,0.0,0.0,0.0,1.0,0.0,0.0,1.0,0.0,0.0,1
1.2372545726163755,0.0432650793304294,2.312332006467638,1.441994697345315,-1.0075283371329782,-0.9518776155909179,1.0,0.0,1.0,0.0,0.0,0.0,1.0,1.0,0.0,0.0,1.0,0.0,0.0,0.0,0.0,0.0,0
-0.219951346689413,-0.27044018308701595,0.4237214376464055,-1.553824886171616,0.9925279152401798,-0.24445307612772016,0.0,1.0,0.0,1.0,0.0,0.0,0.0,0.0,0.0,1.0,0.0,1.0,0.0,0.0,1.0,0.0,0
-0.8242653572469412,0.3462829881184221,-0.2798785781889557,0.6357802528514632,-1.0075283371329782,-0.8002866428488041,0.0,1.0,1.0,0.0,0.0,0.0,0.0,0.0,0.0,0.0,0.0,1.0,0.0,0.0,1.0,1.0,0
1.0768817350739683,-1.4975998468923324,0.23435540467636212,1.079605376335453,0.9925279152401798,0.008198545109136179,1.0,0.0,0.0,0.0,0.0,0.0,1.0,0.0,0.0,0.0,0.0,1.0,0.0,0.0,0.0,1.0,0
2.0522401743091585,-0.5024186236321807,0.17291664731274892,-0.27324689226597554,0.9925279152401798,-0.09286210338560645,1.0,0.0,1.0,0.0,0.0,1.0,0.0,0.0,0.0,1.0,1.0,0.0,0.0,0.0,1.0,0.0,1
0.59357632011662,1.747583649297752,0.5053592385268242,1.357505052278409,-1.0075283371329782,-1.0024079398382892,1.0,0.0,1.0,0.0,0.0,1.0,0.0,0.0,1.0,0.0,0.0,1.0,0.0,0.0,1.0,0.0,1
-0.6821167057888975,-0.0566931104979752,0.5920468002864441,0.8973927682995941,0.9925279152401798,-0.39604404886983385,0.0,0.0,0.0,1.0,0.0,0.0,0.0,1.0,0.0,0.0,1.0,0.0,1.0,0.0,1.0,1.0,0
-0.5851640358200783,-0.8953360364796822,0.06266353478352345,0.3334498361662669,0.9925279152401798,0.21031984209862142,0.0,1.0,1.0,0.0,0.0,0.0,1.0,0.0,0.0,0.0,0.0,0.0,0.0,1.0,0.0,0.0,0
-0.36574483536432933,-0.5357380202416488,0.24445492643476482,1.0602643732478467,0.9925279152401798,-1.9624841005383433,1.0,0.0,1.0,0.0,0.0,0.0,1.0,1.0,0.0,0.0,0.0,0.0,0.0,1.0,1.0,0.0,0
1.545607801163824,-0.7897198359062738,1.671012374809092,-1.8520835127331046,0.9925279152401798,-1.0529382640856604,1.0,0.0,0.0,1.0,0.0,1.0,0.0,0.0,1.0,0.0,0.0,1.0,0.0,0.0,1.0,0.0,1
-0.42916500293791826,-1.119770462698175,0.6055128292976469,-1.0550305960175914,0.9925279152401798,-0.44657437311720516,0.0,1.0,0.0,0.0,0.0,0.0,1.0,0.0,1.0,0.0,1.0,0.0,0.0,1.0,1.0,1.0,0
0.8771446555893323,1.4671977834897754,1.4715468200806459,0.2733909318415996,0.9925279152401798,-2.0130144247857147,0.0,1.0,1.0,0.0,0.0,0.0,1.0,1.0,0.0,0.0,0.0,0.0,0.0,0.0,1.0,1.0,1
-2.0372671830222453,-1.149317852144307,0.5550152205056358,-0.20911619781760132,-1.0075283371329782,-0.44657437311720516,0.0,0.0,0.0,0.0,0.0,0.0,1.0,0.0,0.0,0.0,1.0,0.0,0.0,1.0,0.0,1.0,0
-1.327981860618777,0.7322850544998076,-0.8858498836930941,0.355844681846653,0.9925279152401798,0.8672140573144478,0.0,1.0,0.0,0.0,0.0,0.0,0.0,1.0,0.0,0.0,0.0,1.0,0.0,0.0,1.0,0.0,0
-0.738976166372115,0.5858054429902592,0.27980325258917305,1.8542634473705821,0.9925279152401798,-0.9518776155909179,0.0,0.0,0.0,1.0,0.0,0.0,0.0,0.0,1.0,0.0,0.0,1.0,1.0,0.0,0.0,0.0,0
-0.07415785801449663,-1.602587379605185,0.00879941873871106,-0.27935457745153525,-1.0075283371329782,0.9177443815618189,0.0,0.0,0.0,1.0,0.0,0.0,1.0,0.0,0.0,1.0,0.0,0.0,0.0,1.0,0.0,0.0,0
-2.7116531890741546,-2.49026639871026,0.0912788464323291,1.7931865955149864,0.9925279152401798,1.4230476240355316,0.0,0.0,0.0,0.0,0.0,0.0,0.0,0.0,1.0,0.0,0.0,0.0,0.0,0.0,1.0,0.0,1
-0.28628738403649967,-0.7589151107390296,0.906815228423317,1.1182873825106627,0.9925279152401798,-0.4971046973645765,1.0,0.0,0.0,0.0,0.0,1.0,0.0,1.0,0.0,0.0,0.0,0.0,1.0,0.0,1.0,1.0,0
-0.9474608551772453,-0.508076634377185,0.12410229214713667,0.5696136633412348,-1.0075283371329782,0.21031984209862142,1.0,0.0,0.0,0.0,0.0,0.0,1.0,1.0,0.0,0.0,0.0,0.0,0.0,1.0,0.0,1.0,0
-1.483251926057563,-1.6931155515252492,0.4270879448992068,1.485766441175159,0.9925279152401798,1.1198656785513041,0.0,0.0,1.0,0.0,0.0,1.0,0.0,0.0,0.0,1.0,0.0,0.0,0.0,0.0,1.0,1.0,0
-0.5232018031332387,1.2974574611396543,0.946371688643726,0.05860400281609082,-1.0075283371329782,-2.265666046022571,1.0,0.0,1.0,0.0,0.0,1.0,0.0,0.0,0.0,1.0,0.0,0.0,1.0,0.0,1.0,1.0,0
2.0522401743091585,1.8286818033094767,0.39005636511839853,-0.2925878953535804,0.9925279152401798,0.8166837330670763,0.0,1.0,0.0,0.0,0.0,0.0,0.0,1.0,0.0,0.0,1.0,0.0,0.0,1.0,0.0,0.0,0
0.9646207487942824,1.2917994503946502,1.346986051727017,-1.556878728764396,-1.0075283371329782,-0.8508169670961755,0.0,1.0,0.0,0.0,0.0,0.0,1.0,0.0,0.0,0.0,1.0,0.0,1.0,0.0,0.0,0.0,0
1.7489897178653326,0.2048327194933216,-0.683859448525048,-0.9522178953940061,-1.0075283371329782,1.7262295695197594,1.0,0.0,1.0,0.0,0.0,1.0,0.0,0.0,1.0,0.0,1.0,0.0,0.0,1.0,1.0,1.0,0
-0.4831085937476369,-1.1285718127459592,-1.3756766889756065,-0.20504440769389434,-1.0075283371329782,-1.0529382640856604,0.0,0.0,1.0,0.0,0.0,1.0,0.0,0.0,1.0,0.0,0.0,1.0,0.0,0.0,1.0,1.0,0
-0.5494446310947236,-0.3282776262581678,-1.0836321847951396,0.46476506765579667,-1.0075283371329782,-0.8002866428488041,0.0,0.0,0.0,1.0,0.0,1.0,0.0,0.0,0.0,0.0,0.0,1.0,0.0,0.0,0.0,0.0,1
0.4346614174609617,0.7253697080336917,-1.5751422437040525,-0.3241442688123047,0.9925279152401798,0.3113804905933636,0.0,0.0,0.0,1.0,0.0,0.0,1.0,1.0,0.0,0.0,1.0,0.0,0.0,0.0,1.0,1.0,0
0.48933397571405535,-0.35971101928596794,1.2990133233746066,-0.4198313367194032,-1.0075283371329782,0.5135017875828488,0.0,1.0,1.0,0.0,0.0,1.0,0.0,0.0,0.0,0.0,0.0,0.0,0.0,1.0,0.0,1.0,0
1.669532266537503,0.20043204446943,0.21752286841235802,1.4022947436391784,-1.0075283371329782,-2.265666046022571,1.0,0.0,1.0,0.0,0.0,0.0,1.0,1.0,0.0,0.0,0.0,1.0,1.0,0.0,1.0,0.0,0
1.0725079304137208,-1.7805003841425335,1.721509983601103,0.28662424974364475,0.9925279152401798,0.3113804905933636,0.0,1.0,1.0,0.0,0.0,1.0,0.0,0.0,0.0,0.0,0.0,0.0,0.0,0.0,0.0,1.0,0
0.6788655109914462,0.6750762791892116,-0.21591494038574058,0.8434415491604852,0.9925279152401798,0.7661534088197052,0.0,0.0,0.0,1.0,0.0,0.0,0.0,0.0,1.0,0.0,0.0,0.0,0.0,1.0,0.0,1.0,0
0.6066977340973629,-0.7299963891534534,-0.8563929452310873,-0.5195901947502086,-1.0075283371329782,-0.19392275188034908,1.0,0.0,1.0,0.0,0.0,0.0,1.0,1.0,0.0,0.0,0.0,0.0,1.0,0.0,1.0,1.0,0
-0.1674656907664432,0.9762081843955372,-0.7402484450094611,0.7131442652018826,0.9925279152401798,0.3113804905933636,1.0,0.0,0.0,0.0,0.0,0.0,0.0,0.0,0.0,1.0,0.0,1.0,0.0,0.0,1.0,1.0,0
-0.7316864919383691,-1.3957556534822602,0.5743726372092406,0.6072777219855188,0.9925279152401798,1.0188050300565614,0.0,0.0,1.0,0.0,0.0,0.0,1.0,0.0,0.0,0.0,0.0,1.0,0.0,1.0,0.0,1.0,0
-0.22942792345328222,-1.070105701714251,0.02058219412351381,-0.618331105250087,-1.0075283371329782,0.7156230845723341,0.0,0.0,1.0,0.0,0.0,1.0,0.0,0.0,0.0,0.0,0.0,0.0,0.0,1.0,0.0,0.0,1
-0.0530178021566333,1.6312800950948918,-0.9371891192983058,1.037869527567462,0.9925279152401798,-1.5077111823120017,1.0,0.0,1.0,0.0,0.0,0.0,0.0,0.0,1.0,0.0,0.0,1.0,1.0,0.0,0.0,0.0,0
0.29542863577641687,-0.08372582850188284,0.1830161690711504,-0.1124111823795757,0.9925279152401798,0.3619108148407351,1.0,0.0,1.0,0.0,0.0,1.0,0.0,0.0,0.0,0.0,0.0,0.0,0.0,1.0,0.0,0.0,1
0.9675366185677812,1.2880274432313141,1.8957267339335435,0.6062597744545917,0.9925279152401798,-0.14339242763297752,0.0,1.0,0.0,0.0,0.0,0.0,1.0,0.0,0.0,1.0,1.0,0.0,0.0,1.0,1.0,1.0,0
0.6110715387576107,-0.4464671840426964,0.49862622402122275,0.970684990526308,0.9925279152401798,-1.3055898853225167,0.0,1.0,0.0,0.0,0.0,0.0,0.0,0.0,1.0,0.0,1.0,0.0,0.0,1.0,0.0,1.0,0
0.19847596580759658,-2.2507439438384234,0.7889874745752895,0.5309316571660251,-1.0075283371329782,0.41244113908810626,1.0,0.0,1.0,0.0,0.0,0.0,0.0,1.0,0.0,0.0,0.0,0.0,0.0,1.0,1.0,1.0,0
0.5177637060056641,-0.10195719645800731,-0.2369556107157454,0.39147284542908284,-1.0075283371329782,0.3113804905933636,0.0,0.0,1.0,0.0,0.0,0.0,1.0,0.0,1.0,0.0,1.0,0.0,0.0,1.0,0.0,1.0,0
1.79637260168468,1.78718972451278,0.2865362670947745,-1.3563430651718593,-1.0075283371329782,0.6145624360775915,0.0,0.0,1.0,0.0,0.0,0.0,1.0,0.0,0.0,1.0,0.0,0.0,1.0,0.0,1.0,1.0,0
0.1109998726026476,-0.4797865806521646,-1.3933508520528106,1.5946868269843024,0.9925279152401798,0.008198545109136179,1.0,0.0,0.0,0.0,0.0,1.0,0.0,1.0,0.0,0.0,0.0,1.0,1.0,0.0,0.0,1.0,0
0.5155768036755403,-0.3534243406804083,0.38079847017319646,-0.738448913899423,0.9925279152401798,-1.4066505338172592,0.0,1.0,1.0,0.0,0.0,1.0,0.0,0.0,0.0,1.0,0.0,0.0,0.0,0.0,1.0,0.0,1
2.0522401743091585,-1.115998455534839,0.9059736016101164,-0.5613260435181981,0.9925279152401798,-1.0529382640856604,0.0,0.0,1.0,0.0,0.0,0.0,0.0,0.0,0.0,0.0,0.0,1.0,0.0,1.0,1.0,0.0,0
0.046121770142309775,-0.21511741135808757,-1.2107178335883686,-0.03097537990544941,-1.0075283371329782,0.008198545109136179,0.0,1.0,0.0,0.0,0.0,1.0,0.0,0.0,0.0,1.0,1.0,0.0,0.0,1.0,0.0,1.0,0
-0.11935383950372103,0.3500549952817583,0.9244893915005206,-1.2158663059039907,0.9925279152401798,-2.114075073280457,0.0,0.0,0.0,0.0,0.0,1.0,0.0,0.0,0.0,1.0,0.0,0.0,0.0,1.0,1.0,1.0,0
1.0929190188282092,1.6268794200709993,1.3082712183198086,-0.351628852147322,0.9925279152401798,-0.8002866428488041,0.0,1.0,1.0,0.0,0.0,0.0,1.0,0.0,1.0,0.0,0.0,0.0,0.0,0.0,0.0,0.0,0
-0.6026592544610684,-0.6658722673767414,-0.2941862340133591,-1.062156228734077,-1.0075283371329782,-0.14339242763297752,1.0,0.0,0.0,0.0,0.0,0.0,0.0,0.0,1.0,0.0,0.0,1.0,0.0,1.0,0.0,1.0,0
1.057199614102854,0.4594432030185033,0.28232813302877374,-0.08390865151363129,-1.0075283371329782,0.7156230845723341,1.0,0.0,1.0,0.0,0.0,0.0,0.0,1.0,0.0,0.0,1.0,0.0,1.0,0.0,1.0,0.0,0
0.03591622593506559,-1.0933664125548228,0.36059942665639105,2.1291092807207583,0.9925279152401798,-1.709832479301487,1.0,0.0,1.0,0.0,0.0,0.0,1.0,1.0,0.0,0.0,1.0,0.0,1.0,0.0,0.0,1.0,0
1.2562077261441151,0.10927520468880947,1.770324338766714,1.5967227220461566,0.9925279152401798,0.21031984209862142,0.0,0.0,1.0,0.0,0.0,0.0,1.0,0.0,1.0,0.0,0.0,1.0,0.0,1.0,0.0,0.0,0
-1.1967677208113525,-0.6784456245878612,-0.4372627922573915,-1.7451990219858138,-1.0075283371329782,0.5135017875828488,1.0,0.0,1.0,0.0,0.0,0.0,1.0,0.0,0.0,1.0,0.0,0.0,1.0,0.0,0.0,1.0,0
0.6001370271069915,2.0594029081335288,0.34713339764518825,-0.8585667225487604,-1.0075283371329782,-0.14339242763297752,0.0,1.0,1.0,0.0,0.0,1.0,0.0,1.0,0.0,0.0,0.0,1.0,1.0,0.0,0.0,1.0,0
0.4455959291115798,-1.2888821171877396,-0.05684747269090408,-0.19995467003926173,0.9925279152401798,0.3113804905933636,0.0,1.0,0.0,0.0,0.0,1.0,0.0,0.0,1.0,0.0,0.0,1.0,0.0,1.0,0.0,1.0,0
0.5746231665888816,0.007431011278737687,0.49694297039482266,-0.8076693460024312,0.9925279152401798,-0.9013472913435465,0.0,1.0,1.0,0.0,0.0,1.0,0.0,0.0,1.0,0.0,0.0,0.0,0.0,0.0,1.0,1.0,0
-0.9715167808086064,-0.07240980701187527,0.6980917787496689,-0.45138771017812745,-1.0075283371329782,-0.8508169670961755,0.0,0.0,0.0,1.0,0.0,0.0,1.0,0.0,0.0,1.0,0.0,0.0,1.0,0.0,0.0,1.0,0
0.7371829064614125,-0.5175066522855248,-0.007191490712092415,1.131520700412708,0.9925279152401798,-1.0024079398382892,0.0,0.0,0.0,0.0,0.0,0.0,0.0,0.0,0.0,1.0,0.0,0.0,1.0,0.0,0.0,1.0,0
0.6096136038708607,-2.115580353818883,-0.8395604089670838,0.39961642567649536,-1.0075283371329782,0.058728869356507264,1.0,0.0,0.0,0.0,0.0,0.0,1.0,0.0,0.0,0.0,0.0,1.0,1.0,0.0,1.0,1.0,0
-0.26296042584851353,-0.11955989655357545,-0.40191446610298326,0.8587107621243845,-1.0075283371329782,1.7262295695197594,0.0,0.0,0.0,1.0,0.0,0.0,0.0,0.0,0.0,0.0,1.0,0.0,0.0,1.0,1.0,1.0,0
-1.106375757832904,0.8536179515871165,-0.1351187663185226,-0.7465924941468369,0.9925279152401798,-1.0529382640856604,1.0,0.0,0.0,1.0,0.0,1.0,0.0,0.0,0.0,1.0,0.0,0.0,0.0,1.0,0.0,1.0,0
-0.676284966241901,0.024405043513749503,1.1045975295253618,1.5672022436492852,-1.0075283371329782,-1.2550595610751456,0.0,0.0,0.0,1.0,0.0,1.0,0.0,0.0,0.0,1.0,0.0,0.0,0.0,1.0,1.0,0.0,1
0.205765640241343,0.3355956344889709,1.0229597286449432,-1.3095174787492363,0.9925279152401798,-1.1034685883330317,0.0,1.0,1.0,0.0,0.0,0.0,0.0,0.0,0.0,0.0,0.0,1.0,0.0,0.0,0.0,1.0,0
0.7291642645842922,-1.7666696912103015,-1.4716221456804284,-0.6651566916727092,0.9925279152401798,1.2209263270460469,0.0,0.0,1.0,0.0,0.0,1.0,0.0,0.0,1.0,0.0,0.0,1.0,0.0,0.0,1.0,0.0,1
-1.2667485953753124,0.7354283938025884,-1.7114857874424836,0.9126619812634935,-1.0075283371329782,-0.9518776155909179,0.0,0.0,1.0,0.0,0.0,0.0,0.0,0.0,0.0,0.0,0.0,0.0,0.0,0.0,0.0,0.0,0
-0.4094828819668038,-0.4144051231543404,0.43466258621800885,-0.26815715461134293,0.9925279152401798,1.321986975540789,0.0,1.0,1.0,0.0,0.0,0.0,1.0,0.0,1.0,0.0,0.0,1.0,0.0,0.0,0.0,0.0,0
1.6600556897736338,0.9535761414155212,-2.092742733822171,0.12273469726446505,-1.0075283371329782,-1.2045292368277742,1.0,0.0,0.0,1.0,0.0,0.0,1.0,0.0,1.0,0.0,1.0,0.0,0.0,1.0,0.0,0.0,0
0.30344727765353724,0.5405413570302271,-1.456472863042825,0.5441649750680702,0.9925279152401798,-0.8002866428488041,0.0,1.0,0.0,1.0,0.0,0.0,0.0,1.0,0.0,0.0,0.0,0.0,0.0,0.0,1.0,1.0,0
-1.019628632071329,1.3477508899841344,0.8655755145765067,0.15836286084689485,0.9925279152401798,-2.114075073280457,0.0,0.0,0.0,0.0,0.0,1.0,0.0,0.0,1.0,0.0,0.0,0.0,0.0,1.0,1.0,1.0,0
-0.7506396454661086,-0.1937427040991837,0.6417027822652558,-0.8952128336621173,0.9925279152401798,-0.8002866428488041,0.0,1.0,1.0,0.0,0.0,1.0,0.0,0.0,1.0,0.0,0.0,1.0,0.0,0.0,1.0,1.0,0
0.7109400784999276,-0.3282776262581678,-0.29166135357375844,0.8271543886656603,0.9925279152401798,-0.29498340037509146,0.0,0.0,0.0,0.0,0.0,0.0,1.0,1.0,0.0,0.0,0.0,1.0,0.0,0.0,1.0,0.0,0
-0.19297955128455313,1.553325280385947,1.1399458556797701,-0.12768039534347358,0.9925279152401798,-1.2550595610751456,1.0,0.0,1.0,0.0,0.0,0.0,0.0,1.0,0.0,0.0,1.0,0.0,0.0,1.0,1.0,0.0,0
0.21378428211846337,0.16145463711495756,-1.0743742898499375,-1.237243204053449,0.9925279152401798,-1.3055898853225167,1.0,0.0,1.0,0.0,0.0,0.0,1.0,0.0,1.0,0.0,0.0,0.0,1.0,0.0,0.0,1.0,0
1.1053114653655771,-0.3836003979870962,-1.320129319304394,-0.40863391387921083,-1.0075283371329782,-0.5981653458593191,0.0,1.0,1.0,0.0,0.0,1.0,0.0,0.0,1.0,0.0,0.0,0.0,0.0,0.0,0.0,0.0,1
-0.32492265853535257,-0.20443005772863543,0.6837841229252654,1.462353647963847,-1.0075283371329782,-0.6486956701066902,0.0,0.0,1.0,0.0,0.0,0.0,0.0,0.0,0.0,0.0,0.0,1.0,1.0,0.0,0.0,1.0,0
0.3347928777186437,0.11744788687603812,0.5188252675380282,1.289302567706328,-1.0075283371329782,-0.29498340037509146,0.0,1.0,0.0,1.0,0.0,1.0,0.0,1.0,0.0,0.0,0.0,1.0,1.0,0.0,1.0,0.0,1
-0.015111495101155342,0.08664316170879342,-0.858917825670688,0.10848343183149284,0.9925279152401798,-0.24445307612772016,0.0,1.0,0.0,0.0,0.0,0.0,1.0,0.0,0.0,1.0,0.0,1.0,0.0,0.0,0.0,1.0,0
-0.0034480160071622824,-0.4502391912060326,0.4759023000648179,-2.1472882967018134,0.9925279152401798,-0.19392275188034908,0.0,0.0,0.0,0.0,0.0,0.0,1.0,1.0,0.0,0.0,0.0,1.0,0.0,1.0,1.0,1.0,0
0.08621497952791156,-1.0022095727742029,-1.2132427140279693,0.47189070037228203,-1.0075283371329782,1.1198656785513041,0.0,0.0,1.0,0.0,0.0,0.0,0.0,0.0,1.0,0.0,1.0,0.0,0.0,1.0,0.0,0.0,0
-0.1958954210580519,0.4833325817196311,0.9017654675441157,0.8220646510110275,-1.0075283371329782,-0.8002866428488041,0.0,0.0,1.0,0.0,0.0,0.0,1.0,1.0,0.0,0.0,1.0,0.0,0.0,1.0,0.0,0.0,0
0.06799079344354703,-0.8035505288385058,0.9295391523797218,-0.47887229351314475,0.9925279152401798,1.1198656785513041,0.0,0.0,1.0,0.0,0.0,0.0,1.0,0.0,0.0,1.0,1.0,0.0,0.0,0.0,1.0,0.0,0
0.2546064589474401,-1.5447499364340327,-0.05348096543810398,-0.1663624015186847,-1.0075283371329782,-0.7497563186014329,0.0,1.0,1.0,0.0,0.0,0.0,0.0,0.0,0.0,0.0,0.0,0.0,1.0,0.0,0.0,1.0,0
1.2241331586356337,0.3349669666284146,-0.9052073003966989,0.5176983392639786,0.9925279152401798,0.2608501663459925,0.0,0.0,0.0,1.0,0.0,0.0,1.0,0.0,0.0,1.0,0.0,1.0,0.0,0.0,0.0,1.0,0
1.5383181267300785,0.7561744332009364,1.1332128411741687,-0.351628852147322,0.9925279152401798,0.9177443815618189,1.0,0.0,1.0,0.0,0.0,0.0,1.0,0.0,0.0,1.0,0.0,1.0,0.0,1.0,0.0,0.0,0
-1.126057878804018,-1.9697294101698906,-0.48944365467580325,0.7233237405111492,-1.0075283371329782,0.7156230845723341,0.0,1.0,0.0,0.0,0.0,0.0,0.0,0.0,0.0,1.0,1.0,0.0,1.0,0.0,1.0,0.0,0
-0.13539112325796174,0.5625447321496877,0.07949607104752635,1.3167871510413465,0.9925279152401798,0.8166837330670763,0.0,1.0,1.0,0.0,0.0,0.0,1.0,0.0,0.0,1.0,0.0,0.0,1.0,0.0,1.0,0.0,0
0.1109998726026476,1.1710952211678975,-1.0659580217179354,2.068032428865164,-1.0075283371329782,1.0693353543039326,0.0,0.0,1.0,0.0,0.0,0.0,0.0,0.0,0.0,0.0,0.0,1.0,1.0,0.0,0.0,0.0,0
-0.042812257949389115,-0.016458367422391013,-0.10818670829611579,-0.19079314226092214,0.9925279152401798,0.8672140573144478,1.0,0.0,1.0,0.0,0.0,1.0,0.0,0.0,0.0,1.0,0.0,1.0,0.0,0.0,1.0,0.0,1
-0.3744924446848246,-1.0619330195270227,0.7645802969924834,1.3839716880825006,-1.0075283371329782,0.6650927603249626,0.0,0.0,0.0,0.0,0.0,0.0,0.0,0.0,0.0,1.0,1.0,0.0,0.0,1.0,0.0,1.0,0
1.2000772330042726,-1.0022095727742029,0.46243627105361507,1.5488791880926074,-1.0075283371329782,-0.29498340037509146,0.0,1.0,0.0,0.0,0.0,0.0,1.0,1.0,0.0,0.0,1.0,0.0,1.0,0.0,0.0,0.0,0
1.6228783501615298,-0.09755652143411482,-0.3859235566521798,-1.2922123707234843,-1.0075283371329782,-0.34551372462246277,0.0,1.0,0.0,1.0,0.0,0.0,0.0,0.0,1.0,0.0,1.0,0.0,0.0,1.0,1.0,0.0,0
1.2153855493151384,-2.734896779949114,0.00038315060670841264,0.230637135542683,-1.0075283371329782,0.3113804905933636,1.0,0.0,0.0,1.0,0.0,1.0,0.0,1.0,0.0,0.0,0.0,1.0,0.0,0.0,1.0,0.0,1
0.5629596874948875,-0.37982839082376,-0.8732254814950914,1.9377351449065612,-1.0075283371329782,-0.5981653458593191,0.0,1.0,1.0,0.0,0.0,1.0,0.0,0.0,0.0,0.0,0.0,0.0,1.0,0.0,0.0,1.0,0
-0.7105464360805063,-2.3984808910690845,0.25623770181956756,-0.5735414138893177,-1.0075283371329782,0.3113804905933636,0.0,0.0,0.0,1.0,0.0,0.0,1.0,1.0,0.0,0.0,0.0,1.0,0.0,1.0,1.0,1.0,0
1.8022043412316764,1.1830399105184615,2.4116439704252612,-0.06558559595695211,0.9925279152401798,1.6251689210250169,0.0,1.0,1.0,0.0,0.0,0.0,1.0,0.0,0.0,0.0,1.0,0.0,0.0,0.0,1.0,1.0,0
1.7409710759882124,0.0457797507726538,0.724182209958875,-1.072335704043342,-1.0075283371329782,-0.6992259943540615,0.0,1.0,1.0,0.0,0.0,0.0,0.0,1.0,0.0,0.0,0.0,0.0,0.0,1.0,1.0,0.0,0
0.5046422920249212,0.16082596925440212,-0.5189005931378101,-1.2993380034399704,0.9925279152401798,-1.1034685883330317,1.0,0.0,1.0,0.0,0.0,0.0,0.0,1.0,0.0,0.0,1.0,0.0,1.0,0.0,0.0,1.0,0
0.6759496412179484,0.24883946973224194,0.2099482270935572,0.7324852682894873,0.9925279152401798,-1.0024079398382892,0.0,1.0,1.0,0.0,0.0,0.0,0.0,0.0,1.0,0.0,0.0,0.0,0.0,1.0,1.0,1.0,0
-0.43791261225841255,1.4621684406053264,0.21836449522555865,-0.12564450028162083,0.9925279152401798,0.8672140573144478,1.0,0.0,0.0,1.0,0.0,0.0,1.0,0.0,0.0,0.0,1.0,0.0,1.0,0.0,0.0,0.0,0
-1.5226161679997905,0.495277271070195,0.25287119456676627,-1.2128124633112107,0.9925279152401798,-1.1539989125804029,1.0,0.0,0.0,1.0,0.0,1.0,0.0,0.0,0.0,0.0,0.0,0.0,0.0,1.0,0.0,0.0,1
0.669388934227577,-0.332049633421504,-1.010410652046723,1.7687558547727489,0.9925279152401798,1.9788811907566157,1.0,0.0,0.0,1.0,0.0,0.0,1.0,0.0,0.0,0.0,0.0,0.0,1.0,0.0,0.0,0.0,0
0.49224984548755313,-0.5093339700982967,-1.3394867360079983,-0.8483872472394952,0.9925279152401798,-0.44657437311720516,1.0,0.0,0.0,1.0,0.0,0.0,0.0,0.0,0.0,1.0,0.0,0.0,0.0,1.0,1.0,0.0,0
-1.0254603716183257,-0.2597528294575638,-0.4507288212685943,-1.5680761516045882,-1.0075283371329782,-0.14339242763297752,1.0,0.0,0.0,0.0,0.0,0.0,0.0,0.0,0.0,0.0,1.0,0.0,1.0,0.0,1.0,0.0,0
-0.8672744364060413,-0.4948746093055088,0.5221917747908282,0.7894903300213763,-1.0075283371329782,0.7661534088197052,0.0,1.0,1.0,0.0,0.0,1.0,0.0,0.0,0.0,1.0,0.0,0.0,0.0,0.0,1.0,1.0,0
-1.696110419522941,0.1809433407921938,0.6080377097372476,1.0368515800365363,0.9925279152401798,1.8272902180145016,1.0,0.0,1.0,0.0,0.0,1.0,0.0,0.0,1.0,0.0,0.0,0.0,0.0,1.0,0.0,0.0,1
1.1534233166282992,0.001773000533733451,2.6826478042757236,-0.04522664533842162,-1.0075283371329782,-1.3055898853225167,0.0,0.0,1.0,0.0,0.0,1.0,0.0,0.0,0.0,1.0,1.0,0.0,0.0,1.0,0.0,0.0,1
-0.482379626304262,1.1585218639567774,0.30757693742477926,-2.080103759660659,-1.0075283371329782,2.029411515003987,0.0,1.0,0.0,1.0,0.0,0.0,0.0,0.0,1.0,0.0,0.0,0.0,1.0,0.0,0.0,1.0,0
-0.2170354769159142,1.7029482311982762,-1.050808739080332,0.24997813863028784,0.9925279152401798,-1.0529382640856604,0.0,0.0,1.0,0.0,0.0,1.0,0.0,1.0,0.0,0.0,1.0,0.0,1.0,0.0,1.0,0.0,1
-0.2687921653955101,-0.2597528294575638,1.375601363375824,0.22656534541897605,0.9925279152401798,0.058728869356507264,0.0,1.0,0.0,0.0,0.0,0.0,1.0,0.0,0.0,1.0,0.0,0.0,1.0,0.0,1.0,1.0,0
-2.662721249437636,0.21363406954110567,0.9160731233685191,-0.547074778085226,0.9925279152401798,0.5135017875828488,0.0,1.0,0.0,1.0,0.0,0.0,0.0,0.0,0.0,0.0,0.0,0.0,0.0,1.0,1.0,1.0,0
-1.6028025867709945,-0.3659976978915281,1.0734573374369543,1.0236182621344898,0.9925279152401798,-0.9518776155909179,0.0,0.0,1.0,0.0,0.0,0.0,0.0,0.0,1.0,0.0,0.0,0.0,0.0,1.0,0.0,0.0,0
1.1140590746860715,0.6065514823886072,0.9152314965553184,-0.3363596391834241,0.9925279152401798,1.8778205422618728,0.0,0.0,1.0,0.0,0.0,0.0,1.0,1.0,0.0,0.0,1.0,0.0,0.0,0.0,1.0,1.0,0
1.3422258844623163,0.0005156648126208029,-0.18477474829733306,2.0161171047879076,-1.0075283371329782,0.56403211183022,0.0,0.0,0.0,1.0,0.0,0.0,0.0,1.0,0.0,0.0,0.0,0.0,0.0,1.0,0.0,0.0,0
1.2860953913224726,2.1493024121930375,-1.3352786019419975,-0.5073748243790892,-1.0075283371329782,0.3619108148407351,0.0,1.0,1.0,0.0,0.0,0.0,0.0,1.0,0.0,0.0,1.0,0.0,0.0,0.0,0.0,1.0,0
-0.009279755554158811,-0.43955183757658045,-1.1408628080927528,-0.951199947863079,-1.0075283371329782,-0.6992259943540615,0.0,0.0,1.0,0.0,0.0,0.0,0.0,0.0,1.0,0.0,0.0,1.0,0.0,1.0,0.0,0.0,0
0.9012005812206935,1.5904166841587513,0.0643467884099235,0.20926023739322397,0.9925279152401798,-0.34551372462246277,1.0,0.0,0.0,1.0,0.0,1.0,0.0,1.0,0.0,0.0,0.0,0.0,1.0,0.0,0.0,1.0,0
0.6292957248419752,-2.086032964372751,-0.724257535558657,-0.019777957065257062,0.9925279152401798,1.8272902180145016,0.0,0.0,0.0,0.0,0.0,0.0,0.0,0.0,0.0,0.0,0.0,0.0,0.0,1.0,0.0,1.0,0
-0.4094828819668038,0.6191248395997274,0.5684812495168386,-0.5572542533944926,0.9925279152401798,1.0693353543039326,0.0,1.0,0.0,1.0,0.0,1.0,0.0,0.0,0.0,0.0,1.0,0.0,0.0,1.0,1.0,0.0,1
1.0776107025173423,-0.2899288867642517,0.9379554205117233,-0.5287517225285483,-1.0075283371329782,-0.14339242763297752,0.0,1.0,0.0,0.0,0.0,0.0,1.0,0.0,0.0,0.0,0.0,0.0,1.0,0.0,0.0,1.0,0
-0.36938967258120203,0.9284294269932807,0.3791152165467952,1.0002054689231794,0.9925279152401798,2.181002487746101,0.0,1.0,1.0,0.0,0.0,0.0,1.0,0.0,1.0,0.0,1.0,0.0,1.0,0.0,1.0,1.0,0
-2.1313039832175664,1.4539957584180987,1.3537190662326184,-1.7309477565528415,0.9925279152401798,-0.6486956701066902,0.0,0.0,0.0,1.0,0.0,1.0,0.0,0.0,0.0,1.0,0.0,0.0,0.0,1.0,0.0,1.0,0
0.7371829064614125,-1.9980194638949105,1.2392578196373922,-0.19486493238462912,0.9925279152401798,0.1092591936038788,0.0,0.0,0.0,1.0,0.0,0.0,1.0,0.0,1.0,0.0,0.0,1.0,0.0,0.0,1.0,1.0,0
-1.4985602423684292,0.1482526120432819,1.234208058758192,-1.26370983985754,-1.0075283371329782,1.321986975540789,0.0,1.0,1.0,0.0,0.0,1.0,0.0,0.0,0.0,1.0,0.0,1.0,1.0,0.0,1.0,1.0,0
-0.26733423050876015,-0.09755652143411482,-0.7259407891850577,0.9574516726242629,0.9925279152401798,-0.09286210338560645,0.0,0.0,1.0,0.0,0.0,0.0,1.0,1.0,0.0,0.0,0.0,1.0,0.0,0.0,1.0,0.0,0
0.3595777707933797,-0.9890075477025267,0.34965827808478894,0.5024291263000806,-1.0075283371329782,-0.14339242763297752,0.0,1.0,1.0,0.0,0.0,0.0,0.0,0.0,1.0,0.0,0.0,1.0,0.0,0.0,0.0,1.0,0
1.532486387183082,-0.27861286527424367,1.100389395459361,0.9625414102788955,0.9925279152401798,0.21031984209862142,0.0,1.0,1.0,0.0,0.0,0.0,0.0,0.0,1.0,0.0,1.0,0.0,0.0,0.0,1.0,1.0,0
0.8385093810904795,0.7838358190654003,0.9547879567757274,0.5238060244495383,0.9925279152401798,0.21031984209862142,0.0,1.0,0.0,0.0,0.0,1.0,0.0,1.0,0.0,0.0,0.0,0.0,0.0,1.0,0.0,0.0,1
0.6395012690492193,0.8171552156748685,-0.021499146536495838,0.49326759852174107,0.9925279152401798,1.1703960027986753,0.0,0.0,1.0,0.0,0.0,1.0,0.0,0.0,0.0,1.0,1.0,0.0,0.0,0.0,1.0,1.0,0
1.8867645646631288,1.8060497603294605,0.526399908856829,0.40674205839298216,0.9925279152401798,0.9682747058091904,0.0,1.0,1.0,0.0,0.0,1.0,0.0,0.0,0.0,1.0,1.0,0.0,0.0,0.0,0.0,1.0,0
1.8022043412316764,-1.185780588056555,0.39089799193159797,0.8057774905162012,0.9925279152401798,1.9283508665092448,0.0,1.0,1.0,0.0,0.0,0.0,1.0,0.0,0.0,0.0,0.0,1.0,0.0,1.0,1.0,1.0,0
0.057785249236302835,1.7400396349710796,-0.09387905247171237,-1.041797278115545,0.9925279152401798,-0.8508169670961755,1.0,0.0,0.0,0.0,0.0,0.0,0.0,1.0,0.0,0.0,0.0,1.0,0.0,1.0,1.0,1.0,0
0.6161743108612322,-1.1505751878654193,-0.5121675786322087,0.09525011392944772,-1.0075283371329782,-0.19392275188034908,0.0,0.0,0.0,1.0,0.0,1.0,0.0,0.0,1.0,0.0,1.0,0.0,0.0,0.0,1.0,0.0,1
0.19556009603409882,-1.3794102891078042,-0.5601403069846197,-0.7527001793323952,0.9925279152401798,0.6650927603249626,0.0,0.0,0.0,0.0,0.0,0.0,0.0,0.0,0.0,0.0,0.0,1.0,1.0,0.0,1.0,1.0,0
0.9303592789556772,1.0925117385983973,-2.654107818226699,-0.5796490990748774,0.9925279152401798,2.4336541089829575,1.0,0.0,1.0,0.0,0.0,0.0,0.0,0.0,0.0,0.0,0.0,1.0,0.0,1.0,0.0,1.0,0
-0.5975564823574463,1.1289744745106454,-1.2931972612819878,0.480034280619696,0.9925279152401798,-0.19392275188034908,1.0,0.0,0.0,0.0,0.0,1.0,0.0,0.0,0.0,1.0,0.0,1.0,1.0,0.0,0.0,1.0,0
-1.1603193486426233,-0.9349421116947105,0.8302271884220985,-0.4106698089410636,0.9925279152401798,0.3619108148407351,0.0,0.0,0.0,1.0,0.0,1.0,0.0,0.0,1.0,0.0,1.0,0.0,0.0,0.0,0.0,0.0,1
-0.9729747156953558,-0.4659558877199327,-1.139179554466352,0.31410883307866205,0.9925279152401798,0.4629714633354778,0.0,1.0,1.0,0.0,0.0,0.0,1.0,0.0,0.0,0.0,1.0,0.0,0.0,0.0,0.0,1.0,0
0.2859520590125466,1.3194608362591143,0.7847793405092888,-1.2097586207184317,0.9925279152401798,0.3619108148407351,1.0,0.0,0.0,0.0,0.0,0.0,1.0,0.0,0.0,1.0,0.0,1.0,1.0,0.0,1.0,1.0,0
-2.533694011960335,0.2148914052622183,-0.8942661518250962,1.3656486325258215,-1.0075283371329782,0.8166837330670763,1.0,0.0,0.0,0.0,0.0,1.0,0.0,1.0,0.0,0.0,0.0,0.0,0.0,1.0,1.0,1.0,0
0.19191525881722613,0.5889487822930399,0.6863090033648661,-1.0448511207083249,0.9925279152401798,1.9788811907566157,0.0,1.0,1.0,0.0,0.0,0.0,0.0,0.0,0.0,0.0,1.0,0.0,1.0,0.0,1.0,1.0,0
-0.7849011153047138,-1.4177590286017203,0.6955668983100681,0.12782443491909767,-1.0075283371329782,1.3725172997881605,1.0,0.0,0.0,0.0,0.0,0.0,1.0,0.0,1.0,0.0,0.0,1.0,1.0,0.0,1.0,1.0,0
0.19556009603409882,0.6951936507270042,0.8159195325976951,-0.09612402188475073,0.9925279152401798,0.1092591936038788,1.0,0.0,0.0,1.0,0.0,0.0,1.0,1.0,0.0,0.0,1.0,0.0,1.0,0.0,0.0,0.0,0
0.9245275394086806,1.6055047128120952,-0.8378771553406832,-1.449994238017105,0.9925279152401798,-0.24445307612772016,0.0,0.0,0.0,0.0,0.0,1.0,0.0,0.0,1.0,0.0,0.0,0.0,0.0,1.0,1.0,1.0,0
-0.7222099151744998,-0.46721322344104443,0.6720013475404627,1.2882846201754021,-1.0075283371329782,0.5135017875828488,1.0,0.0,0.0,1.0,0.0,0.0,0.0,1.0,0.0,0.0,0.0,1.0,0.0,1.0,0.0,1.0,0
-0.9846381947893489,1.411246343900291,-2.281267139979014,1.1925975522683037,-1.0075283371329782,0.6145624360775915,0.0,1.0,1.0,0.0,0.0,1.0,0.0,0.0,1.0,0.0,1.0,0.0,1.0,0.0,0.0,1.0,0
-0.751368612909483,1.365982257940259,-1.1652699856755582,0.442370221975412,0.9925279152401798,-0.9518776155909179,0.0,1.0,1.0,0.0,0.0,0.0,1.0,0.0,0.0,0.0,0.0,0.0,0.0,1.0,0.0,1.0,0
-0.613593766111687,0.4003484241262392,-1.4690972652408278,1.037869527567462,0.9925279152401798,-1.2550595610751456,1.0,0.0,0.0,1.0,0.0,0.0,0.0,0.0,0.0,1.0,0.0,0.0,0.0,0.0,1.0,1.0,0
-1.5634383448287672,-0.7564004392968057,0.33282574182078484,-0.9328768923064014,0.9925279152401798,0.7156230845723341,1.0,0.0,0.0,0.0,0.0,0.0,0.0,0.0,1.0,0.0,0.0,0.0,0.0,1.0,1.0,0.0,0
-0.21411960714241646,0.4493845172496066,0.6206621119352509,0.6734443114957458,-1.0075283371329782,0.6145624360775915,0.0,0.0,0.0,1.0,0.0,0.0,0.0,0.0,0.0,0.0,0.0,1.0,0.0,1.0,0.0,0.0,0
0.9835739023220219,0.5065932925602035,1.734976012612306,-0.6610849015490037,-1.0075283371329782,0.56403211183022,0.0,0.0,1.0,0.0,0.0,0.0,1.0,0.0,0.0,0.0,0.0,1.0,0.0,1.0,1.0,1.0,0
1.4151226287997745,-0.034061067517959155,1.4749133273334472,-1.2189201484967704,-1.0075283371329782,-0.8508169670961755,1.0,0.0,0.0,1.0,0.0,0.0,0.0,0.0,0.0,1.0,0.0,0.0,0.0,0.0,1.0,1.0,0
-1.364430232787506,-1.4793684789362085,-1.8983269399729263,0.4393163793826321,0.9925279152401798,-1.3055898853225167,0.0,0.0,1.0,0.0,0.0,0.0,1.0,1.0,0.0,0.0,0.0,1.0,0.0,0.0,1.0,0.0,1
0.38582059875486463,-1.3995276606455964,0.5028343580872234,-1.766575920135272,0.9925279152401798,-0.8508169670961755,0.0,1.0,1.0,0.0,0.0,0.0,1.0,0.0,0.0,0.0,0.0,0.0,1.0,0.0,1.0,1.0,0
0.48714707338393154,-0.26038149731811966,2.1280157343767963,0.15021928059948236,-1.0075283371329782,-0.5476350216119478,0.0,1.0,1.0,0.0,0.0,0.0,0.0,0.0,0.0,1.0,0.0,1.0,1.0,0.0,1.0,0.0,0
1.7817932528171891,-0.5294513416360888,-0.9178317025947017,1.4012767961082526,0.9925279152401798,0.9682747058091904,1.0,0.0,0.0,1.0,0.0,1.0,0.0,1.0,0.0,0.0,0.0,1.0,0.0,0.0,1.0,1.0,0
-0.0493729649397606,-0.7714884679501498,0.893349199412113,0.2906960398673517,0.9925279152401798,-1.1034685883330317,1.0,0.0,1.0,0.0,0.0,0.0,1.0,0.0,1.0,0.0,1.0,0.0,0.0,1.0,1.0,1.0,0
0.49443674781767694,2.1493024121930375,-0.6392532274254377,1.3432537868454368,-1.0075283371329782,0.3619108148407351,0.0,1.0,0.0,0.0,0.0,1.0,0.0,0.0,0.0,1.0,1.0,0.0,1.0,0.0,0.0,0.0,1
-1.1712538602932419,-0.5608847346638889,0.1863826763239517,-1.1588612441721025,0.9925279152401798,0.1092591936038788,1.0,0.0,0.0,0.0,0.0,0.0,1.0,0.0,0.0,1.0,0.0,1.0,0.0,1.0,0.0,1.0,0
-0.6529580080539144,1.6979188883138274,-0.4330546581913908,-0.9593435281104915,-1.0075283371329782,-0.04233177913823491,1.0,0.0,1.0,0.0,0.0,1.0,0.0,0.0,0.0,1.0,0.0,0.0,0.0,0.0,0.0,0.0,1
2.0522401743091585,0.20168938019054175,-0.3329010674205674,-0.2345648860907659,0.9925279152401798,-0.39604404886983385,1.0,0.0,1.0,0.0,0.0,1.0,0.0,1.0,0.0,0.0,1.0,0.0,0.0,1.0,0.0,1.0,0
0.580454906135878,0.6147241645758358,-0.2941862340133591,1.5101971819173963,-1.0075283371329782,0.41244113908810626,0.0,1.0,0.0,1.0,0.0,1.0,0.0,0.0,0.0,1.0,0.0,0.0,0.0,1.0,0.0,0.0,1
0.8676680788254632,-0.9217400866230344,1.8342879765699291,-0.7404848089612772,0.9925279152401798,0.1597895178512499,0.0,0.0,0.0,1.0,0.0,0.0,1.0,0.0,0.0,0.0,1.0,0.0,0.0,1.0,0.0,1.0,0
1.106040432808951,0.9655208307660851,1.482487968652248,-0.7130002256262584,0.9925279152401798,1.2209263270460469,0.0,1.0,0.0,1.0,0.0,0.0,0.0,0.0,0.0,0.0,0.0,0.0,0.0,0.0,1.0,0.0,0
-1.1632352184161217,0.30667691290339427,-0.8151532313842783,-1.1588612441721025,-1.0075283371329782,0.3619108148407351,1.0,0.0,1.0,0.0,0.0,0.0,0.0,0.0,0.0,0.0,0.0,1.0,0.0,0.0,0.0,0.0,0
-2.7116531890741546,-1.0958810839970468,-0.8681757206158901,0.1573449133159692,0.9925279152401798,-2.265666046022571,1.0,0.0,1.0,0.0,0.0,0.0,0.0,1.0,0.0,0.0,0.0,1.0,0.0,0.0,1.0,0.0,1
-0.6646214871479079,0.19288803014275768,-1.5313776494176423,0.5085368114856404,0.9925279152401798,-1.709832479301487,1.0,0.0,0.0,1.0,0.0,0.0,0.0,0.0,0.0,1.0,0.0,1.0,1.0,0.0,1.0,1.0,0
-1.0079651529773355,-1.576811997322389,0.21499798797275854,-1.2525124170173476,0.9925279152401798,0.6650927603249626,0.0,1.0,0.0,1.0,0.0,0.0,0.0,1.0,0.0,0.0,1.0,0.0,1.0,0.0,1.0,1.0,0
-2.0554913691066097,-1.393869649900592,1.162669779636175,-0.4065980188173581,0.9925279152401798,-0.04233177913823491,1.0,0.0,0.0,0.0,0.0,0.0,1.0,0.0,1.0,0.0,0.0,1.0,0.0,1.0,0.0,1.0,0
-0.13903596047483444,-0.4892165985605046,-0.0778881430209089,-0.8626385126724674,0.9925279152401798,0.1092591936038788,0.0,1.0,1.0,0.0,0.0,0.0,1.0,1.0,0.0,0.0,0.0,1.0,1.0,0.0,0.0,1.0,0
-0.28337151426300194,-0.8984793757824621,-2.0212044547001544,0.023993786764586675,0.9925279152401798,0.6145624360775915,1.0,0.0,1.0,0.0,0.0,0.0,1.0,0.0,1.0,0.0,1.0,0.0,0.0,1.0,0.0,1.0,0
0.11537367726289526,-0.6444975601178371,-0.05348096543810398,-0.6529413213015912,0.9925279152401798,0.058728869356507264,1.0,0.0,0.0,0.0,0.0,0.0,1.0,1.0,0.0,0.0,1.0,0.0,0.0,1.0,0.0,0.0,0
-0.4860244635211347,0.8586472944715645,0.7612137897396833,-1.836814299769206,-1.0075283371329782,-1.356120209569888,0.0,0.0,1.0,0.0,0.0,0.0,1.0,1.0,0.0,0.0,0.0,0.0,1.0,0.0,0.0,1.0,0
0.17223313784611166,0.7385717331053683,-1.7350513382120891,0.47189070037228203,-1.0075283371329782,-0.44657437311720516,0.0,1.0,1.0,0.0,0.0,0.0,0.0,1.0,0.0,0.0,1.0,0.0,0.0,1.0,1.0,1.0,0
-1.0327500460520715,-0.5784874347594571,0.2368802851159628,-0.2264213058433534,-1.0075283371329782,-1.8108931277962295,1.0,0.0,0.0,1.0,0.0,1.0,0.0,0.0,1.0,0.0,1.0,0.0,0.0,1.0,0.0,1.0,0
-0.5625660450754666,-0.8211532289340739,1.2855472943634039,-1.0784433892289018,0.9925279152401798,0.2608501663459925,0.0,0.0,0.0,1.0,0.0,0.0,1.0,0.0,1.0,0.0,0.0,1.0,0.0,1.0,0.0,1.0,0
0.20649460768471797,-0.887163354292454,-0.09387905247171237,0.29782167258383707,0.9925279152401798,1.2209263270460469,1.0,0.0,1.0,0.0,0.0,0.0,1.0,0.0,0.0,0.0,0.0,0.0,1.0,0.0,0.0,0.0,0
-0.5253887054633626,-0.902880050806354,0.765421923805684,-1.7217862287745018,-1.0075283371329782,0.3619108148407351,0.0,0.0,0.0,1.0,0.0,1.0,0.0,0.0,0.0,0.0,0.0,1.0,0.0,0.0,1.0,0.0,1
0.14234547266775407,0.387775066915119,0.2166812415991586,0.39961642567649536,0.9925279152401798,0.3619108148407351,0.0,1.0,1.0,0.0,0.0,0.0,1.0,0.0,1.0,0.0,0.0,0.0,0.0,0.0,0.0,0.0,0
-0.49477207284163,-1.5271472363384644,-0.23779723752894602,-0.14702139843107986,0.9925279152401798,-1.0529382640856604,0.0,1.0,0.0,1.0,0.0,0.0,0.0,0.0,0.0,1.0,0.0,0.0,0.0,1.0,1.0,1.0,0
1.0331436884714928,2.0694615939024255,0.5634314886376373,-0.38623906819882614,0.9925279152401798,-1.1034685883330317,0.0,0.0,1.0,0.0,0.0,0.0,0.0,0.0,0.0,0.0,0.0,0.0,1.0,0.0,1.0,1.0,0
-0.1995402582749246,2.1493024121930375,1.3410946640346162,-0.480908188574999,0.9925279152401798,-0.9013472913435465,1.0,0.0,0.0,1.0,0.0,0.0,0.0,0.0,1.0,0.0,0.0,0.0,0.0,0.0,1.0,0.0,0
-0.8104149758228243,1.2622520609485182,-0.6695517927006446,1.466425438087554,0.9925279152401798,-2.0130144247857147,1.0,0.0,1.0,0.0,0.0,0.0,1.0,0.0,0.0,1.0,0.0,1.0,1.0,0.0,1.0,1.0,0
-0.6347338219695499,-0.6765596210061936,-1.8175307659057076,0.5421290800062174,0.9925279152401798,0.8672140573144478,1.0,0.0,0.0,0.0,0.0,0.0,0.0,1.0,0.0,0.0,0.0,1.0,1.0,0.0,0.0,1.0,0
-0.34824961672333976,0.07218380091600511,0.9446884350173247,-0.9634153182341985,0.9925279152401798,1.1198656785513041,0.0,0.0,1.0,0.0,0.0,1.0,0.0,0.0,0.0,1.0,1.0,0.0,0.0,0.0,0.0,0.0,1
0.4740256594031886,1.4313637154380827,0.15776736467514485,0.4372804843207793,-1.0075283371329782,1.5241082725302741,1.0,0.0,0.0,0.0,0.0,0.0,1.0,0.0,0.0,1.0,0.0,0.0,0.0,1.0,0.0,0.0,0
0.5396327293069013,-1.7672983590708575,1.6844784038202947,0.18584744418191362,0.9925279152401798,-2.114075073280457,0.0,1.0,1.0,0.0,0.0,0.0,0.0,1.0,0.0,0.0,0.0,0.0,0.0,1.0,0.0,1.0,0
-1.569999051819138,1.8299391390305884,1.3739181097494237,1.2567282467166778,-1.0075283371329782,1.321986975540789,0.0,1.0,1.0,0.0,0.0,0.0,0.0,1.0,0.0,0.0,1.0,0.0,0.0,0.0,0.0,1.0,0
0.37415711966087156,0.8341292479098803,0.25371282137996687,-0.2834263675752408,0.9925279152401798,-0.4971046973645765,0.0,1.0,1.0,0.0,0.0,0.0,1.0,0.0,1.0,0.0,0.0,0.0,0.0,1.0,0.0,0.0,0
0.3887364685283634,-1.1304578163276273,-1.5094953522744374,0.19602691949117887,-1.0075283371329782,1.0693353543039326,0.0,0.0,1.0,0.0,0.0,1.0,0.0,0.0,0.0,1.0,1.0,0.0,0.0,0.0,0.0,1.0,0
-1.5357375819805328,1.2471640322951745,-1.360527406338003,-0.5409670928996663,-1.0075283371329782,-0.04233177913823491,0.0,0.0,0.0,1.0,0.0,0.0,1.0,1.0,0.0,0.0,0.0,0.0,0.0,0.0,1.0,0.0,0
-0.023859104421650654,-0.017087035282946444,-0.9413972533643072,1.3004999905465202,0.9925279152401798,-1.5077111823120017,1.0,0.0,1.0,0.0,0.0,1.0,0.0,0.0,0.0,1.0,1.0,0.0,0.0,0.0,1.0,1.0,1
0.24804575195706863,0.4349251564568192,-2.258543216022609,0.4413522744444849,0.9925279152401798,0.3113804905933636,0.0,1.0,0.0,1.0,0.0,0.0,0.0,0.0,1.0,0.0,1.0,0.0,0.0,0.0,0.0,1.0,0
1.3050485448502123,0.7938945048342961,-0.684701075338248,-1.7513067071713735,-1.0075283371329782,0.8672140573144478,0.0,1.0,0.0,1.0,0.0,0.0,1.0,1.0,0.0,0.0,0.0,0.0,1.0,0.0,0.0,1.0,0
-0.3139881468847334,0.7102816793803479,1.6230396464566803,-0.8361718768683757,0.9925279152401798,1.321986975540789,0.0,0.0,0.0,1.0,0.0,0.0,0.0,0.0,0.0,0.0,1.0,0.0,0.0,0.0,0.0,0.0,0
1.1249935863366907,1.3534089007291388,-0.6173709302822329,0.5024291263000806,0.9925279152401798,0.058728869356507264,1.0,0.0,1.0,0.0,0.0,0.0,1.0,0.0,1.0,0.0,0.0,0.0,0.0,1.0,0.0,0.0,0
0.5753521340322555,-0.6702729424006334,0.10053674137753117,-1.5690940991355147,-1.0075283371329782,1.4230476240355316,0.0,0.0,0.0,1.0,0.0,0.0,0.0,0.0,1.0,0.0,0.0,1.0,1.0,0.0,1.0,1.0,0
0.019149974737449917,-1.1537185271681991,-0.819361365450279,2.237011718998976,0.9925279152401798,-0.5981653458593191,1.0,0.0,1.0,0.0,0.0,0.0,0.0,1.0,0.0,0.0,0.0,1.0,0.0,1.0,0.0,0.0,0
-0.16090498377607168,-0.3836003979870962,-0.12922737862612063,1.1528975985621668,0.9925279152401798,0.1597895178512499,0.0,0.0,0.0,1.0,0.0,0.0,1.0,0.0,0.0,1.0,0.0,0.0,1.0,0.0,0.0,1.0,0
-0.42697810060779445,-1.091480408973155,-1.4766719065596299,0.9930798362066927,-1.0075283371329782,0.8672140573144478,0.0,0.0,1.0,0.0,0.0,0.0,1.0,0.0,0.0,0.0,0.0,1.0,0.0,1.0,1.0,1.0,0
0.9617048790207846,-1.115998455534839,0.4270879448992068,2.265514249864921,0.9925279152401798,-1.8108931277962295,1.0,0.0,1.0,0.0,0.0,0.0,1.0,1.0,0.0,0.0,1.0,0.0,0.0,1.0,1.0,1.0,0
0.24002711007994829,0.4600718708790587,-0.6215790643482335,0.8699081849645769,-1.0075283371329782,-0.6486956701066902,0.0,0.0,1.0,0.0,0.0,0.0,0.0,0.0,0.0,1.0,0.0,0.0,1.0,0.0,1.0,0.0,0
-1.1362634230112623,-0.5149919808433009,0.168708513246747,0.05249631763053109,0.9925279152401798,0.5135017875828488,0.0,1.0,1.0,0.0,0.0,1.0,0.0,0.0,1.0,0.0,0.0,1.0,0.0,1.0,0.0,1.0,0
0.5214085432225368,-0.592318127691689,-1.1442293153455534,0.35075494419201897,0.9925279152401798,2.3325934604882144,1.0,0.0,1.0,0.0,0.0,0.0,1.0,0.0,0.0,1.0,1.0,0.0,0.0,1.0,0.0,0.0,0
-0.7746955710974697,0.6581022469541998,-0.10818670829611579,1.8451019195922427,-1.0075283371329782,0.8672140573144478,0.0,1.0,0.0,1.0,0.0,1.0,0.0,0.0,0.0,0.0,1.0,0.0,0.0,0.0,0.0,1.0,0
0.36832538011387506,-0.20380138986807955,0.6433860358916558,0.010760468862541566,0.9925279152401798,0.7661534088197052,1.0,0.0,1.0,0.0,0.0,1.0,0.0,1.0,0.0,0.0,0.0,1.0,1.0,0.0,1.0,0.0,1
-0.9737036831387302,0.9812375272799851,-0.050956084998503307,0.7100904226091027,0.9925279152401798,-0.29498340037509146,1.0,0.0,1.0,0.0,0.0,1.0,0.0,0.0,0.0,1.0,1.0,0.0,0.0,1.0,1.0,1.0,0
1.8525030948245234,0.15202461920661806,0.32356784687558277,1.0470310553458018,-1.0075283371329782,-1.4066505338172592,0.0,0.0,1.0,0.0,0.0,0.0,1.0,0.0,0.0,1.0,0.0,0.0,1.0,0.0,1.0,1.0,0
-1.0524321670231855,2.1493024121930375,-0.6981671043494514,-0.7954539756313118,0.9925279152401798,-1.1034685883330317,0.0,0.0,0.0,1.0,0.0,0.0,1.0,1.0,0.0,0.0,0.0,0.0,0.0,1.0,1.0,0.0,0
0.8457990555242259,-1.403299667808932,0.15355923060914414,1.0999643269539836,-1.0075283371329782,-0.4971046973645765,1.0,0.0,1.0,0.0,0.0,0.0,1.0,0.0,0.0,1.0,0.0,0.0,0.0,0.0,0.0,0.0,0
-1.9359407083931783,-0.021487710306838926,0.001224777419909036,1.5855252992059643,-1.0075283371329782,-2.114075073280457,0.0,1.0,1.0,0.0,0.0,0.0,0.0,0.0,1.0,0.0,0.0,0.0,0.0,1.0,1.0,0.0,0
-0.22286721646291072,0.22809343033389398,-0.04169819005330123,0.2571037713467732,0.9925279152401798,0.7661534088197052,0.0,1.0,1.0,0.0,0.0,0.0,1.0,0.0,0.0,1.0,0.0,1.0,0.0,0.0,0.0,0.0,0
1.4646924149492455,-1.090223073252043,1.2299999246921902,-0.7323412287138648,-1.0075283371329782,-0.8002866428488041,0.0,0.0,0.0,0.0,0.0,0.0,0.0,1.0,0.0,0.0,0.0,0.0,0.0,0.0,1.0,0.0,0
-1.2725803349223088,0.8762499945671326,-0.5315249953358129,-0.688569484884021,-1.0075283371329782,-0.24445307612772016,0.0,0.0,1.0,0.0,0.0,0.0,1.0,0.0,1.0,0.0,0.0,0.0,1.0,0.0,0.0,0.0,0
1.8022043412316764,0.3123349236483985,-0.9136235685287004,1.0409233701602418,0.9925279152401798,1.0693353543039326,0.0,0.0,1.0,0.0,0.0,1.0,0.0,1.0,0.0,0.0,0.0,1.0,0.0,1.0,1.0,1.0,0
0.02425274684107253,-0.5325946809388686,1.0583080547993515,1.873604450458187,-1.0075283371329782,1.4230476240355316,0.0,0.0,0.0,1.0,0.0,0.0,1.0,0.0,1.0,0.0,1.0,0.0,1.0,0.0,0.0,1.0,0
-1.6793441683253254,1.506175190844247,0.43802909347080893,0.6642827837174061,0.9925279152401798,-1.4571808580646306,0.0,0.0,1.0,0.0,0.0,0.0,0.0,0.0,0.0,0.0,0.0,0.0,1.0,0.0,0.0,0.0,0
-0.601201319574319,-1.2580773920204957,0.3850066042391972,-0.8117411361261383,-1.0075283371329782,0.058728869356507264,0.0,1.0,0.0,1.0,0.0,0.0,1.0,0.0,0.0,0.0,0.0,1.0,1.0,0.0,1.0,0.0,0
-0.4123987517403026,1.0409609740328056,2.6826478042757236,1.291338462768182,0.9925279152401798,-1.1539989125804029,0.0,1.0,1.0,0.0,0.0,0.0,0.0,0.0,0.0,0.0,0.0,1.0,0.0,1.0,1.0,1.0,0
1.8459423878341519,1.1710952211678975,0.317676459183182,-0.8453334046467152,0.9925279152401798,0.6145624360775915,0.0,0.0,1.0,0.0,0.0,0.0,0.0,1.0,0.0,0.0,1.0,0.0,0.0,1.0,1.0,0.0,0
-0.6391076266297975,0.6279261896475115,-0.21759819401214062,-0.13277013299810764,-1.0075283371329782,0.3113804905933636,0.0,0.0,1.0,0.0,0.0,1.0,0.0,0.0,0.0,0.0,0.0,1.0,0.0,0.0,0.0,1.0,0
0.7182297529336741,-0.00011300304793462783,2.499173158998081,-0.15211113608571247,-1.0075283371329782,0.058728869356507264,0.0,1.0,0.0,0.0,0.0,1.0,0.0,0.0,0.0,0.0,1.0,0.0,1.0,0.0,0.0,0.0,1
0.4645490826393193,-0.6551849137472893,0.11316114357553454,-0.22336746325057352,-1.0075283371329782,-0.6992259943540615,0.0,0.0,1.0,0.0,0.0,0.0,0.0,0.0,1.0,0.0,1.0,0.0,1.0,0.0,1.0,1.0,0
-0.7112754035238807,-0.7312537248745656,-0.27567044412295494,-1.247422679362715,-1.0075283371329782,1.5746385967776453,0.0,1.0,1.0,0.0,0.0,0.0,1.0,0.0,0.0,0.0,1.0,0.0,0.0,0.0,0.0,0.0,0
0.3960261429621088,-1.83770915945313,0.5726893835828405,-0.28749815769894776,-1.0075283371329782,-0.39604404886983385,0.0,0.0,0.0,0.0,0.0,0.0,1.0,0.0,0.0,0.0,0.0,0.0,0.0,0.0,1.0,1.0,0
1.9341474484824759,-0.32953496197928,0.28232813302877374,0.48817786086710846,0.9925279152401798,0.7661534088197052,0.0,0.0,1.0,0.0,0.0,0.0,0.0,0.0,1.0,0.0,1.0,0.0,1.0,0.0,1.0,0.0,0
0.44851179888507864,1.8211377889828044,0.7140826882004723,0.18584744418191362,0.9925279152401798,1.9283508665092448,1.0,0.0,1.0,0.0,0.0,1.0,0.0,0.0,0.0,1.0,0.0,0.0,1.0,0.0,1.0,1.0,0
-1.4118131166068542,0.13316458338993817,-0.723415908745457,0.7233237405111492,-1.0075283371329782,0.3619108148407351,0.0,0.0,1.0,0.0,0.0,1.0,0.0,1.0,0.0,0.0,0.0,1.0,0.0,0.0,0.0,1.0,0
0.6650151295673293,-1.4403910715817365,-0.8841666300666942,-1.0468870157701775,-1.0075283371329782,-1.3055898853225167,0.0,0.0,1.0,0.0,0.0,1.0,0.0,0.0,1.0,0.0,0.0,0.0,0.0,0.0,0.0,1.0,1
-1.403065507286359,0.9127127304793806,-0.24116374478174613,-0.2701930496731957,-1.0075283371329782,-0.9013472913435465,0.0,1.0,0.0,1.0,0.0,1.0,0.0,0.0,1.0,0.0,0.0,0.0,1.0,0.0,0.0,1.0,0
2.0522401743091585,0.7480017510137077,0.14177645522434137,-0.888087200945632,0.9925279152401798,0.6650927603249626,1.0,0.0,0.0,1.0,0.0,1.0,0.0,0.0,0.0,1.0,0.0,0.0,0.0,1.0,1.0,1.0,0
0.03883209570856334,-0.15099328958137556,-0.25883790785895083,0.6805699442122326,0.9925279152401798,-0.6486956701066902,0.0,1.0,0.0,0.0,0.0,1.0,0.0,0.0,0.0,0.0,1.0,0.0,1.0,0.0,1.0,0.0,1
1.996109681169316,-0.565285409687781,1.3638185879910212,0.26321145653233297,0.9925279152401798,-0.34551372462246277,0.0,1.0,1.0,0.0,0.0,0.0,0.0,0.0,0.0,1.0,1.0,0.0,1.0,0.0,1.0,1.0,0
-0.024588071865024572,0.6417568825797435,-2.709129171139661,1.1335565954745606,-1.0075283371329782,1.1703960027986753,0.0,0.0,0.0,0.0,0.0,1.0,0.0,1.0,0.0,0.0,0.0,0.0,1.0,0.0,0.0,0.0,1
-1.390673060748991,-0.5332233487994249,-0.34805035005817087,-0.7058745929097731,0.9925279152401798,-0.44657437311720516,0.0,0.0,1.0,0.0,0.0,0.0,1.0,0.0,0.0,1.0,0.0,1.0,1.0,0.0,1.0,1.0,0
0.9711814557846539,-0.7413124106434614,-1.0625915144651348,0.35279083925387317,-1.0075283371329782,-1.1034685883330317,0.0,1.0,1.0,0.0,0.0,0.0,1.0,0.0,0.0,1.0,0.0,1.0,0.0,0.0,1.0,1.0,0
-0.11206416506997459,1.4489664155336508,0.03404822313471661,0.9116440337325664,0.9925279152401798,0.1092591936038788,0.0,0.0,1.0,0.0,0.0,1.0,0.0,0.0,1.0,0.0,1.0,0.0,1.0,0.0,0.0,0.0,1
-1.0786749949846703,-0.02966039249406667,0.6038295756712468,-0.39845443856994556,0.9925279152401798,-0.04233177913823491,1.0,0.0,0.0,1.0,0.0,0.0,0.0,0.0,0.0,1.0,1.0,0.0,1.0,0.0,1.0,0.0,0
0.9719104232280288,-0.3521670049592961,0.852109485565304,-0.36893396017307406,0.9925279152401798,0.56403211183022,1.0,0.0,0.0,1.0,0.0,1.0,0.0,1.0,0.0,0.0,0.0,1.0,1.0,0.0,0.0,0.0,1
0.9106771579845637,-0.5231646630305287,1.3444611712874164,-1.1629330342958086,0.9925279152401798,-1.3055898853225167,0.0,0.0,0.0,1.0,0.0,1.0,0.0,0.0,1.0,0.0,1.0,0.0,0.0,0.0,0.0,0.0,1
-0.6653504545912824,0.14196593343772135,-0.6055881548974301,-0.36893396017307406,-1.0075283371329782,0.2608501663459925,0.0,0.0,1.0,0.0,0.0,1.0,0.0,0.0,0.0,0.0,0.0,0.0,1.0,0.0,1.0,0.0,1
-0.6544159429406637,-0.14973595386026337,-1.6500470300788692,0.12986032998095043,-1.0075283371329782,0.8672140573144478,0.0,0.0,0.0,1.0,0.0,1.0,0.0,0.0,1.0,0.0,0.0,0.0,1.0,0.0,1.0,0.0,1
-1.910426847875068,2.101523654790781,0.6139290974296495,-1.3400559046770335,0.9925279152401798,0.21031984209862142,0.0,0.0,0.0,1.0,0.0,0.0,1.0,0.0,0.0,0.0,1.0,0.0,0.0,0.0,0.0,1.0,0
-1.9920712015330209,-0.7350257320379018,0.34965827808478894,1.1946334473301563,0.9925279152401798,0.9177443815618189,0.0,0.0,0.0,1.0,0.0,0.0,1.0,0.0,0.0,1.0,1.0,0.0,0.0,1.0,0.0,0.0,0
1.281721586662226,-0.7683451286473695,-0.45830346258739635,1.221100083134248,0.9925279152401798,-0.5981653458593191,0.0,0.0,0.0,0.0,0.0,1.0,0.0,1.0,0.0,0.0,1.0,0.0,0.0,1.0,1.0,0.0,1
-0.16236291866282057,-0.592318127691689,0.015532433244312457,-1.140538188615424,0.9925279152401798,1.0693353543039326,0.0,1.0,1.0,0.0,0.0,1.0,0.0,0.0,1.0,0.0,1.0,0.0,0.0,1.0,1.0,0.0,1
0.23492433797632567,-0.0755531463146551,0.33619224907358614,0.9523619349696303,-1.0075283371329782,-0.29498340037509146,0.0,0.0,0.0,1.0,0.0,0.0,0.0,0.0,1.0,0.0,1.0,0.0,0.0,0.0,0.0,0.0,0
0.22617672865583138,0.09921651891991365,1.1761358086473777,1.4226536942577104,-1.0075283371329782,-0.9518776155909179,0.0,1.0,0.0,1.0,0.0,0.0,1.0,1.0,0.0,0.0,0.0,0.0,0.0,0.0,1.0,1.0,0
1.4894773080239814,1.9959074542173731,0.05172238621192013,0.3253062559188544,-1.0075283371329782,0.5135017875828488,0.0,0.0,1.0,0.0,0.0,1.0,0.0,0.0,0.0,1.0,0.0,1.0,0.0,1.0,0.0,0.0,1
-0.5538184357549712,-1.0304996264992226,-0.44483743357619293,0.986972151021133,-1.0075283371329782,-0.34551372462246277,0.0,0.0,0.0,0.0,0.0,1.0,0.0,0.0,0.0,1.0,0.0,0.0,1.0,0.0,0.0,1.0,0
-0.9241338969892587,-1.4397624037211805,-0.9481302678699086,-0.1582188212712722,-1.0075283371329782,-0.09286210338560645,0.0,1.0,1.0,0.0,0.0,0.0,1.0,0.0,0.0,0.0,0.0,0.0,0.0,1.0,1.0,1.0,0
0.1795228122798581,-2.734896779949114,-1.177894387873561,-0.30174942313192,0.9925279152401798,-0.9518776155909179,0.0,1.0,0.0,0.0,0.0,1.0,0.0,0.0,0.0,0.0,0.0,1.0,0.0,0.0,1.0,0.0,1
-1.1894780463776065,-1.0757637124592547,1.1542535115041734,0.155309018254115,0.9925279152401798,0.7661534088197052,0.0,0.0,0.0,0.0,0.0,0.0,0.0,0.0,0.0,1.0,0.0,1.0,0.0,0.0,1.0,0.0,0
0.9857608046521457,1.3798129508724908,-0.019815892910095785,-1.6831042225992923,-1.0075283371329782,-1.709832479301487,0.0,1.0,0.0,1.0,0.0,1.0,0.0,1.0,0.0,0.0,0.0,1.0,1.0,0.0,0.0,1.0,0
-0.9022648736880214,0.1545392906488416,-0.06610536763610615,2.0222247899734676,-1.0075283371329782,0.2608501663459925,0.0,0.0,0.0,0.0,0.0,0.0,0.0,0.0,1.0,0.0,1.0,0.0,1.0,0.0,0.0,1.0,0
-2.7116531890741546,-1.403299667808932,-0.06273886038330605,-0.1897751947299965,-1.0075283371329782,0.8166837330670763,0.0,1.0,1.0,0.0,0.0,0.0,0.0,0.0,1.0,0.0,1.0,0.0,0.0,1.0,1.0,1.0,1
-0.182045039633935,-1.916921309883186,0.44644536160281156,-0.9053923089713826,-1.0075283371329782,-0.19392275188034908,0.0,0.0,1.0,0.0,0.0,0.0,0.0,1.0,0.0,0.0,0.0,1.0,1.0,0.0,1.0,1.0,0
-1.0400397204858174,-0.7771464786951536,-0.1393269003845233,1.0500848979385815,-1.0075283371329782,0.7661534088197052,1.0,0.0,1.0,0.0,0.0,0.0,1.0,0.0,0.0,1.0,0.0,0.0,0.0,1.0,0.0,0.0,0
-0.9131993853386401,-1.4617657788406402,-0.4170637487405867,-1.0865869694763144,-1.0075283371329782,0.008198545109136179,0.0,1.0,1.0,0.0,0.0,1.0,0.0,0.0,0.0,0.0,0.0,0.0,1.0,0.0,0.0,1.0,0
1.2306938656260051,-1.7509529946964015,0.024790328189514533,-0.04828048793120148,-1.0075283371329782,-0.29498340037509146,0.0,0.0,1.0,0.0,0.0,1.0,0.0,0.0,1.0,0.0,0.0,1.0,1.0,0.0,0.0,0.0,1
-2.1531730065188035,-0.22831943642976368,-2.1651226397573877,-1.0326357503372054,0.9925279152401798,-0.6992259943540615,1.0,0.0,1.0,0.0,0.0,0.0,0.0,0.0,0.0,0.0,0.0,1.0,0.0,1.0,1.0,0.0,0
-0.7783404083143424,-1.2668787420682799,0.45654488336121307,-0.5043209817863094,-1.0075283371329782,-1.1034685883330317,0.0,1.0,0.0,0.0,0.0,0.0,1.0,1.0,0.0,0.0,1.0,0.0,1.0,0.0,0.0,1.0,0
0.5753521340322555,1.1547498567934422,1.862903288218736,0.24896019109936074,-1.0075283371329782,0.7156230845723341,0.0,0.0,0.0,1.0,0.0,0.0,0.0,1.0,0.0,0.0,1.0,0.0,0.0,1.0,1.0,0.0,0
1.3662818100936773,0.45378519227349906,-0.6594522709422425,0.14003980529021712,0.9925279152401798,-1.3055898853225167,0.0,1.0,0.0,0.0,0.0,0.0,1.0,0.0,0.0,0.0,0.0,0.0,1.0,0.0,1.0,1.0,0
-0.5837061009333289,-1.3354035388688839,-0.0677886212625074,0.19093718183654623,-1.0075283371329782,-0.8002866428488041,0.0,0.0,0.0,0.0,0.0,1.0,0.0,1.0,0.0,0.0,0.0,1.0,0.0,0.0,0.0,0.0,1
0.6518937155865874,-1.0839363946464828,0.23435540467636212,0.6602109935937006,-1.0075283371329782,1.1703960027986753,0.0,0.0,1.0,0.0,0.0,1.0,0.0,0.0,1.0,0.0,0.0,0.0,1.0,0.0,1.0,1.0,0
0.9872187395388946,0.4091497741740224,-0.9304561047927045,1.7331276911903177,0.9925279152401798,-0.19392275188034908,0.0,1.0,0.0,0.0,0.0,0.0,1.0,0.0,0.0,1.0,0.0,0.0,1.0,0.0,1.0,1.0,0
-1.2434216371873257,-0.775260475113486,-0.5071178177530073,0.983918308428353,-1.0075283371329782,1.8778205422618728,0.0,1.0,0.0,0.0,0.0,1.0,0.0,0.0,0.0,0.0,1.0,0.0,0.0,0.0,0.0,0.0,1
2.0522401743091585,-0.2647821723420117,0.9211228842477193,-1.143592031208203,-1.0075283371329782,0.8672140573144478,0.0,0.0,0.0,0.0,0.0,0.0,1.0,1.0,0.0,0.0,0.0,0.0,0.0,0.0,1.0,0.0,0
-1.1420951625582587,0.3387389737917507,-0.47766087929100054,2.063960638741457,0.9925279152401798,-0.5981653458593191,0.0,1.0,0.0,1.0,0.0,1.0,0.0,0.0,1.0,0.0,0.0,1.0,0.0,0.0,1.0,1.0,0
-1.7493250428892853,0.08915783315101783,0.8209692934768965,1.129484805350855,0.9925279152401798,-0.6992259943540615,0.0,1.0,0.0,1.0,0.0,1.0,0.0,0.0,0.0,0.0,0.0,0.0,0.0,1.0,1.0,0.0,1
-0.7907328548517104,-1.2316733418771435,0.31010181786437996,0.8383518115058526,-1.0075283371329782,0.6145624360775915,0.0,1.0,1.0,0.0,0.0,0.0,0.0,0.0,0.0,1.0,0.0,0.0,1.0,0.0,0.0,0.0,0
1.0171064047172522,-1.4812544825178764,-2.26275135008861,0.051478370099603994,-1.0075283371329782,0.9682747058091904,1.0,0.0,0.0,0.0,0.0,0.0,0.0,0.0,0.0,0.0,0.0,0.0,0.0,0.0,0.0,1.0,0
0.15911172386536973,-1.8798299061103823,-1.3361202287551974,-0.987846058976436,-1.0075283371329782,-0.29498340037509146,0.0,0.0,0.0,0.0,0.0,0.0,0.0,0.0,0.0,1.0,0.0,0.0,0.0,0.0,1.0,1.0,0
0.20941047745821573,-1.163148545076539,0.46159464424041446,0.4097959009857606,-1.0075283371329782,0.6145624360775915,1.0,0.0,1.0,0.0,0.0,1.0,0.0,1.0,0.0,0.0,1.0,0.0,0.0,0.0,1.0,0.0,1
0.12266335169664065,-0.15727996818693524,0.36649081434879305,0.05656810775423662,-1.0075283371329782,0.7661534088197052,1.0,0.0,1.0,0.0,0.0,0.0,1.0,0.0,0.0,0.0,1.0,0.0,0.0,1.0,1.0,0.0,0
1.0535547768859812,0.4217231313851426,1.1736109282077771,1.182418076959037,0.9925279152401798,0.3619108148407351,0.0,0.0,1.0,0.0,0.0,1.0,0.0,0.0,0.0,0.0,0.0,1.0,0.0,1.0,0.0,0.0,1
0.7233325250372956,0.5065932925602035,-0.3497336036845715,1.479658755989599,-1.0075283371329782,0.8672140573144478,0.0,0.0,1.0,0.0,0.0,1.0,0.0,0.0,1.0,0.0,0.0,1.0,0.0,1.0,1.0,0.0,1
0.8909950370134493,-0.6639862637950733,-0.31438527753016327,-0.6712643768582689,0.9925279152401798,0.1092591936038788,0.0,1.0,1.0,0.0,0.0,0.0,1.0,0.0,0.0,1.0,0.0,1.0,1.0,0.0,0.0,1.0,0
-1.2004125580282252,-2.393451548184636,-0.8092618436918769,-0.7852745003220466,-1.0075283371329782,1.5746385967776453,0.0,0.0,0.0,1.0,0.0,0.0,1.0,1.0,0.0,0.0,1.0,0.0,1.0,0.0,0.0,1.0,0
-0.10404552319285423,-0.08246849278077109,0.637494648199255,-0.0014549015085778844,-1.0075283371329782,-1.709832479301487,0.0,1.0,1.0,0.0,0.0,0.0,0.0,0.0,0.0,1.0,0.0,0.0,1.0,0.0,0.0,0.0,0
-0.9875540645628477,-0.2666681759236798,0.8824080508405109,1.3849896356134277,-1.0075283371329782,-0.7497563186014329,0.0,1.0,0.0,1.0,0.0,1.0,0.0,0.0,0.0,0.0,0.0,1.0,1.0,0.0,0.0,0.0,1
-0.6092199614514394,-2.711557485625973,-0.645144615117839,0.36907799974869815,0.9925279152401798,0.9682747058091904,0.0,1.0,1.0,0.0,0.0,0.0,0.0,0.0,1.0,0.0,0.0,1.0,0.0,0.0,0.0,1.0,0
-1.3724488746646264,-0.42634981250490434,-0.8858498836930941,1.5071433393246165,-1.0075283371329782,-0.09286210338560645,1.0,0.0,0.0,0.0,0.0,1.0,0.0,1.0,0.0,0.0,0.0,1.0,0.0,1.0,0.0,0.0,1
-0.40146424008968346,-0.025888385330730512,1.1752941818341782,0.738592953475047,0.9925279152401798,0.2608501663459925,0.0,0.0,0.0,1.0,0.0,1.0,0.0,0.0,0.0,1.0,0.0,0.0,0.0,0.0,1.0,1.0,0
-0.5611081101887168,-0.6168361742533731,0.0710798029155249,1.320858941165052,0.9925279152401798,-0.39604404886983385,0.0,0.0,0.0,0.0,0.0,1.0,0.0,0.0,0.0,1.0,0.0,1.0,0.0,1.0,1.0,1.0,0
0.4302876128007141,-0.6193508456955971,0.5609066081980377,0.005670731207907498,0.9925279152401798,-0.04233177913823491,0.0,0.0,1.0,0.0,0.0,0.0,0.0,0.0,0.0,1.0,1.0,0.0,0.0,1.0,0.0,1.0,0
0.7991451391482526,0.9089407233160445,-0.8277776335822811,-0.9685050558888312,0.9925279152401798,0.4629714633354778,0.0,1.0,0.0,1.0,0.0,1.0,0.0,1.0,0.0,0.0,1.0,0.0,0.0,1.0,0.0,0.0,1
-0.04718606260963677,-1.904347952672066,0.1931156908295531,-1.3431097472698135,-1.0075283371329782,1.4230476240355316,1.0,0.0,0.0,1.0,0.0,1.0,0.0,0.0,1.0,0.0,0.0,0.0,0.0,0.0,0.0,0.0,1
1.4180384985732721,1.6960328847321602,-0.9801120867715162,0.8078133855780554,-1.0075283371329782,0.21031984209862142,0.0,1.0,0.0,1.0,0.0,0.0,1.0,1.0,0.0,0.0,0.0,0.0,0.0,1.0,1.0,0.0,0
-0.47217408209701783,-0.6250088564406013,-0.1931910164293357,-0.8870692534147048,0.9925279152401798,0.1597895178512499,0.0,1.0,1.0,0.0,0.0,0.0,0.0,0.0,1.0,0.0,1.0,0.0,1.0,0.0,1.0,1.0,0
0.4332034825742129,0.4330391528751511,0.17375827412594833,-0.654977216363444,0.9925279152401798,-0.34551372462246277,1.0,0.0,1.0,0.0,0.0,0.0,0.0,0.0,0.0,1.0,0.0,0.0,1.0,0.0,0.0,1.0,0
-0.5086224542657469,-0.9261407616469265,-2.369637955365034,0.4362625367898522,-1.0075283371329782,-1.2550595610751456,0.0,0.0,1.0,0.0,0.0,0.0,0.0,0.0,0.0,0.0,1.0,0.0,0.0,0.0,0.0,1.0,0
-0.0267749741951484,0.33748163807063897,-0.0812546502737102,-2.1116601331193836,0.9925279152401798,0.56403211183022,0.0,1.0,0.0,1.0,0.0,0.0,1.0,1.0,0.0,0.0,0.0,1.0,1.0,0.0,1.0,1.0,0
0.11901851447976795,0.7039950007747883,-1.1080393623779452,0.2204576602334163,-1.0075283371329782,-1.2045292368277742,0.0,1.0,0.0,0.0,0.0,0.0,0.0,1.0,0.0,0.0,1.0,0.0,1.0,0.0,0.0,0.0,0
0.6438750737094671,-0.3439943227720679,0.47085253918561654,-0.17654187682794995,-1.0075283371329782,-0.39604404886983385,0.0,1.0,0.0,1.0,0.0,0.0,0.0,0.0,1.0,0.0,1.0,0.0,0.0,0.0,1.0,0.0,0
1.6527660153398873,0.4493845172496066,1.7888401286571183,0.2611755614704802,0.9925279152401798,-0.5476350216119478,1.0,0.0,1.0,0.0,0.0,0.0,0.0,1.0,0.0,0.0,0.0,1.0,0.0,0.0,0.0,0.0,0
1.4333468148841388,0.545570699914675,1.1769774354605784,-0.09612402188475073,0.9925279152401798,-0.8508169670961755,1.0,0.0,0.0,0.0,0.0,1.0,0.0,0.0,1.0,0.0,0.0,0.0,1.0,0.0,0.0,0.0,1
-0.6923222499961418,1.1126291101361898,-0.7949541878674735,0.14105775282114277,-1.0075283371329782,0.2608501663459925,0.0,0.0,0.0,0.0,0.0,0.0,1.0,0.0,0.0,0.0,1.0,0.0,1.0,0.0,1.0,1.0,0
1.394711540385286,0.6694182684442074,-0.21423168675934054,0.5909905614906924,0.9925279152401798,0.9682747058091904,1.0,0.0,0.0,0.0,0.0,1.0,0.0,0.0,0.0,0.0,1.0,0.0,1.0,0.0,1.0,0.0,1
0.5950342550033699,0.835386583630992,0.8159195325976951,1.3167871510413465,-1.0075283371329782,-1.1539989125804029,1.0,0.0,0.0,1.0,0.0,1.0,0.0,0.0,0.0,0.0,0.0,1.0,1.0,0.0,0.0,1.0,0
1.1074983676957009,2.0059661399862687,0.14430133566394207,-0.022831799658036923,-1.0075283371329782,1.2714566512934178,0.0,0.0,1.0,0.0,0.0,0.0,0.0,0.0,1.0,0.0,1.0,0.0,0.0,0.0,0.0,1.0,0
-0.927049766762757,-1.5799553366251688,-1.0735326630367374,1.4898382312988645,0.9925279152401798,-2.265666046022571,0.0,0.0,0.0,0.0,0.0,0.0,0.0,0.0,0.0,0.0,1.0,0.0,0.0,1.0,0.0,1.0,0
0.9901346093123934,-0.0566931104979752,-0.5811809773146246,0.29680372505291,-1.0075283371329782,1.2209263270460469,1.0,0.0,0.0,1.0,0.0,0.0,0.0,0.0,0.0,0.0,0.0,1.0,0.0,1.0,0.0,0.0,0
-1.0786749949846703,-1.5284045720595767,0.11147788994913449,0.29273193492920446,0.9925279152401798,1.8778205422618728,1.0,0.0,0.0,1.0,0.0,1.0,0.0,0.0,1.0,0.0,1.0,0.0,0.0,0.0,1.0,0.0,1
-1.82805352677374,-1.0323856300808907,0.5331329233624303,-0.44629797252349485,0.9925279152401798,-1.2550595610751456,0.0,1.0,0.0,0.0,0.0,0.0,1.0,0.0,1.0,0.0,1.0,0.0,1.0,0.0,1.0,1.0,1
-0.6004723521309445,-0.6118068313689252,0.9488965690833266,-2.1075883429956774,0.9925279152401798,-0.44657437311720516,0.0,1.0,0.0,1.0,0.0,1.0,0.0,1.0,0.0,0.0,1.0,0.0,0.0,1.0,0.0,1.0,0
-0.1835029745206839,-0.2201467542425355,0.5550152205056358,-1.2626918923266135,-1.0075283371329782,-1.2045292368277742,0.0,0.0,1.0,0.0,0.0,0.0,1.0,0.0,0.0,0.0,0.0,1.0,0.0,0.0,0.0,0.0,0
-0.28628738403649967,0.02629104709541758,-0.094720679284913,-0.15923676880219786,0.9925279152401798,0.2608501663459925,0.0,0.0,1.0,0.0,0.0,0.0,0.0,0.0,0.0,1.0,1.0,0.0,1.0,0.0,0.0,0.0,0
-0.5625660450754666,0.566316739313023,-0.20749867225373914,0.6561392034699937,-1.0075283371329782,-0.29498340037509146,1.0,0.0,0.0,1.0,0.0,0.0,1.0,0.0,1.0,0.0,0.0,0.0,0.0,0.0,0.0,0.0,0
-0.8497792177650516,0.42800980999070315,0.7224989563324737,-1.3298764293677683,0.9925279152401798,0.058728869356507264,0.0,1.0,1.0,0.0,0.0,0.0,1.0,0.0,0.0,0.0,0.0,0.0,1.0,0.0,1.0,1.0,0
-0.8344709014541853,-2.655606046036489,0.812553025344895,1.4307972745051227,-1.0075283371329782,0.7156230845723341,0.0,1.0,0.0,1.0,0.0,0.0,1.0,0.0,0.0,0.0,1.0,0.0,1.0,0.0,0.0,0.0,0
0.5133899013454164,0.17465666218663412,1.2182171493073874,-0.18366750954443675,-1.0075283371329782,-0.8508169670961755,1.0,0.0,1.0,0.0,0.0,1.0,0.0,0.0,0.0,0.0,0.0,1.0,0.0,0.0,1.0,1.0,0
0.6577254551335839,2.0920936368824417,0.13756832115834067,1.1549334936240196,0.9925279152401798,0.3113804905933636,0.0,1.0,1.0,0.0,0.0,0.0,1.0,0.0,0.0,0.0,0.0,1.0,1.0,0.0,0.0,1.0,0
1.7504476527520816,1.1842972462395742,0.4759023000648179,0.21027818492415107,-1.0075283371329782,-0.5476350216119478,0.0,1.0,1.0,0.0,0.0,1.0,0.0,1.0,0.0,0.0,0.0,0.0,1.0,0.0,0.0,1.0,0
-0.3839690214486939,1.2477927001557299,0.2856946402815738,-0.7537181268633223,0.9925279152401798,1.0188050300565614,0.0,1.0,0.0,0.0,0.0,0.0,0.0,0.0,0.0,1.0,0.0,0.0,0.0,0.0,0.0,0.0,0
-0.889143459707279,-0.5187639880066366,0.8361185761145005,0.48105222815062165,-1.0075283371329782,-0.09286210338560645,0.0,0.0,0.0,0.0,0.0,0.0,1.0,1.0,0.0,0.0,0.0,1.0,0.0,0.0,0.0,0.0,0
-0.2163065094725403,-1.1757219022876593,0.42792957171240625,0.07590911084184289,0.9925279152401798,0.21031984209862142,0.0,0.0,1.0,0.0,0.0,0.0,1.0,0.0,0.0,1.0,0.0,0.0,0.0,0.0,0.0,1.0,0
0.280849286908925,-0.9223687544835903,-1.3049800366667905,-0.5572542533944926,0.9925279152401798,0.7661534088197052,1.0,0.0,1.0,0.0,0.0,1.0,0.0,1.0,0.0,0.0,0.0,1.0,0.0,0.0,0.0,0.0,1
-0.4087539145234299,0.29473222355283035,0.9396386741381245,-1.7553784972950797,0.9925279152401798,0.4629714633354778,0.0,0.0,1.0,0.0,0.0,0.0,1.0,1.0,0.0,0.0,0.0,0.0,1.0,0.0,1.0,0.0,0
0.0884018818580354,0.7894938298104046,-0.5895972454466266,1.55396892574724,-1.0075283371329782,0.8166837330670763,1.0,0.0,0.0,0.0,0.0,0.0,0.0,0.0,0.0,1.0,0.0,0.0,0.0,1.0,0.0,1.0,0
1.5849720431060519,-1.0204409407303268,1.2645066240333989,-1.1619150867648815,0.9925279152401798,0.8166837330670763,0.0,0.0,1.0,0.0,0.0,0.0,0.0,0.0,0.0,1.0,0.0,1.0,0.0,0.0,1.0,0.0,0
-0.8825827527169076,-2.195421172109495,1.249357341395795,-0.6641387441417835,-1.0075283371329782,1.2209263270460469,0.0,1.0,1.0,0.0,0.0,0.0,1.0,0.0,0.0,1.0,1.0,0.0,1.0,0.0,1.0,1.0,0
-0.17621330008693745,0.4091497741740224,1.159303272383375,1.1131976448560301,0.9925279152401798,-1.1034685883330317,1.0,0.0,0.0,0.0,0.0,0.0,1.0,1.0,0.0,0.0,1.0,0.0,0.0,1.0,0.0,0.0,0
2.0522401743091585,-2.406024905395756,-0.8698589742422908,2.1433605461537306,-1.0075283371329782,-0.6486956701066902,1.0,0.0,1.0,0.0,0.0,0.0,0.0,1.0,0.0,0.0,0.0,1.0,0.0,1.0,1.0,0.0,0
1.1351991305439348,-0.5244219987516409,-0.037490055987299306,0.40063437320742246,-1.0075283371329782,1.6251689210250169,0.0,1.0,1.0,0.0,0.0,0.0,1.0,0.0,0.0,0.0,0.0,0.0,0.0,1.0,0.0,0.0,0
1.1599840236186707,-0.28741421532202777,1.1130137976573633,2.1616836017104095,-1.0075283371329782,-1.3055898853225167,0.0,1.0,0.0,1.0,0.0,0.0,1.0,0.0,1.0,0.0,1.0,0.0,1.0,0.0,0.0,1.0,0
1.0688630931968481,-0.47790057707049655,0.013007552804711784,1.30660767573208,0.9925279152401798,-1.2550595610751456,0.0,1.0,1.0,0.0,0.0,1.0,0.0,1.0,0.0,0.0,0.0,1.0,0.0,0.0,1.0,1.0,0
1.0141905349437543,-1.2587060598810518,-0.7663388762186666,0.563505978155675,-1.0075283371329782,0.41244113908810626,0.0,0.0,1.0,0.0,0.0,1.0,0.0,0.0,1.0,0.0,0.0,0.0,0.0,0.0,1.0,0.0,1
1.1957034283440249,1.1157724494389696,0.447286988416011,0.230637135542683,0.9925279152401798,-1.3055898853225167,0.0,0.0,1.0,0.0,0.0,0.0,1.0,1.0,0.0,0.0,0.0,0.0,1.0,0.0,1.0,1.0,0
-0.5844350683767039,-0.36788370147319616,-0.675443180393046,-1.1283228182443046,-1.0075283371329782,1.7262295695197594,0.0,0.0,0.0,0.0,0.0,1.0,0.0,0.0,0.0,1.0,0.0,0.0,0.0,1.0,0.0,1.0,0
-0.9627691714881116,0.2909602163894942,-0.7814881588562701,0.07590911084184289,-1.0075283371329782,-0.6486956701066902,1.0,0.0,0.0,1.0,0.0,1.0,0.0,0.0,1.0,0.0,0.0,1.0,1.0,0.0,1.0,0.0,1
0.2983445055499146,0.1451092727405021,0.32693435412838406,0.4413522744444849,0.9925279152401798,-0.8508169670961755,0.0,1.0,0.0,0.0,0.0,0.0,0.0,0.0,0.0,1.0,0.0,1.0,0.0,1.0,1.0,0.0,0
1.4508420335251284,-0.0007416709084909519,-0.013082878404494387,-0.22133156818871932,-1.0075283371329782,0.9682747058091904,0.0,0.0,1.0,0.0,0.0,1.0,0.0,0.0,0.0,0.0,1.0,0.0,0.0,0.0,0.0,0.0,1
0.21159737978833953,-0.8349839218663059,0.2065817198407559,0.17465002134172128,-1.0075283371329782,-0.8002866428488041,0.0,0.0,0.0,1.0,0.0,0.0,1.0,1.0,0.0,0.0,0.0,1.0,0.0,0.0,0.0,1.0,0
0.3253163009547745,0.6210108431813954,2.1541061655860023,-0.5562363058635655,0.9925279152401798,0.058728869356507264,1.0,0.0,0.0,0.0,0.0,0.0,1.0,0.0,0.0,0.0,0.0,0.0,1.0,0.0,1.0,0.0,0
0.5789969712491292,-0.08686916780466268,-2.0573944076677626,0.5573982929701153,-1.0075283371329782,0.9682747058091904,1.0,0.0,0.0,1.0,0.0,0.0,0.0,1.0,0.0,0.0,1.0,0.0,1.0,0.0,0.0,1.0,0
0.20139183558109536,-1.8729145596442658,-0.5424661439074157,-1.3196969540585024,-1.0075283371329782,-0.9518776155909179,1.0,0.0,0.0,0.0,0.0,0.0,0.0,0.0,1.0,0.0,0.0,1.0,1.0,0.0,1.0,0.0,0
0.18827042160035343,0.04640841863320923,0.36059942665639105,1.9122864566333966,-1.0075283371329782,0.2608501663459925,0.0,0.0,1.0,0.0,0.0,0.0,1.0,0.0,0.0,0.0,1.0,0.0,1.0,0.0,0.0,0.0,0
0.743743613451784,1.32951952202801,-0.5399412634678149,-0.6132413675954544,0.9925279152401798,-0.39604404886983385,0.0,1.0,1.0,0.0,0.0,1.0,0.0,0.0,1.0,0.0,1.0,0.0,1.0,0.0,0.0,1.0,0
-0.6289020824225533,-0.4426951768793603,0.22846401698396135,0.338539573820901,-1.0075283371329782,0.9177443815618189,1.0,0.0,0.0,0.0,0.0,0.0,1.0,0.0,1.0,0.0,1.0,0.0,0.0,1.0,0.0,1.0,0
-1.4074393119466067,1.0761663742239418,-0.9472886410567086,1.481694651051452,0.9925279152401798,0.2608501663459925,1.0,0.0,1.0,0.0,0.0,0.0,0.0,1.0,0.0,0.0,0.0,1.0,0.0,1.0,0.0,0.0,0
1.0914610839414591,1.3584382436135867,-2.04561163228296,1.1875078146136695,0.9925279152401798,-0.09286210338560645,1.0,0.0,0.0,1.0,0.0,0.0,1.0,1.0,0.0,0.0,0.0,1.0,1.0,0.0,1.0,1.0,0
0.28012031946555005,-1.8069044342858858,0.17796640819194906,-0.5328235126522538,0.9925279152401798,0.1092591936038788,0.0,1.0,0.0,1.0,0.0,1.0,0.0,1.0,0.0,0.0,0.0,0.0,0.0,0.0,0.0,1.0,0
0.9121350928713126,-1.2216146561082473,0.47169416599881714,-0.5175542996883559,0.9925279152401798,0.5135017875828488,0.0,1.0,0.0,1.0,0.0,0.0,1.0,0.0,1.0,0.0,0.0,0.0,0.0,1.0,0.0,1.0,0
0.3945682080753599,-0.43075048752879636,-0.2680958028041529,-0.0391189601528619,-1.0075283371329782,-1.6593021550541156,1.0,0.0,1.0,0.0,0.0,1.0,0.0,0.0,1.0,0.0,0.0,0.0,0.0,0.0,1.0,0.0,1
0.7867526926108845,-0.25535215443367176,-0.45577858214779565,0.013814311455319982,-1.0075283371329782,0.1597895178512499,0.0,0.0,0.0,1.0,0.0,0.0,0.0,0.0,1.0,0.0,0.0,1.0,0.0,1.0,1.0,1.0,0
2.0522401743091585,-1.109083109068723,0.04162286445351863,-0.15923676880219786,0.9925279152401798,-0.39604404886983385,0.0,0.0,0.0,0.0,0.0,1.0,0.0,1.0,0.0,0.0,0.0,1.0,0.0,0.0,1.0,1.0,0
1.1038535304788273,-1.874171895365378,-1.4514231021636237,0.7131442652018826,0.9925279152401798,0.1597895178512499,0.0,1.0,1.0,0.0,0.0,0.0,1.0,0.0,0.0,1.0,0.0,0.0,0.0,1.0,0.0,0.0,0
-0.9802643901291017,-1.3115141601677556,-1.3529527650192015,-1.5578966762953221,-1.0075283371329782,0.058728869356507264,1.0,0.0,1.0,0.0,0.0,0.0,1.0,0.0,0.0,0.0,0.0,1.0,0.0,0.0,1.0,1.0,0
0.09131775163153313,-0.045377089007966734,-0.5374163830282143,-2.5381801485776214,-1.0075283371329782,0.1092591936038788,0.0,1.0,0.0,0.0,0.0,0.0,0.0,0.0,1.0,0.0,1.0,0.0,1.0,0.0,0.0,1.0,0
-0.7900038874083359,-0.5439107024288771,1.617989885577479,-0.23761872868354575,0.9925279152401798,-0.5981653458593191,0.0,1.0,1.0,0.0,0.0,0.0,1.0,0.0,0.0,0.0,1.0,0.0,0.0,1.0,0.0,0.0,0
1.2642263680212353,-0.3766850515209802,-0.318593411596164,-0.850423142301348,-1.0075283371329782,0.5135017875828488,1.0,0.0,1.0,0.0,0.0,0.0,0.0,1.0,0.0,0.0,0.0,0.0,0.0,1.0,1.0,1.0,0
0.08402807719778774,-0.544539370289433,-0.2925029803869578,-0.6397080033995446,0.9925279152401798,-0.34551372462246277,1.0,0.0,0.0,0.0,0.0,0.0,0.0,1.0,0.0,0.0,0.0,0.0,0.0,1.0,0.0,0.0,0
0.31219488697403147,1.0648503527339332,0.6231869923748516,-0.3770775404204865,-1.0075283371329782,0.4629714633354778,1.0,0.0,1.0,0.0,0.0,0.0,0.0,0.0,0.0,0.0,0.0,0.0,0.0,0.0,0.0,0.0,0
-1.3899440933056164,-0.7828044894401578,1.4420898816186396,-1.7116067534652366,0.9925279152401798,-0.6486956701066902,1.0,0.0,1.0,0.0,0.0,1.0,0.0,0.0,0.0,1.0,0.0,1.0,0.0,1.0,0.0,1.0,0
-1.4336821399080915,1.046618984777809,1.409266435903832,-0.12157271015791529,0.9925279152401798,1.7262295695197594,1.0,0.0,0.0,0.0,0.0,0.0,0.0,0.0,1.0,0.0,0.0,1.0,1.0,0.0,0.0,1.0,0
-1.5160554610094195,-1.303341477980528,1.3385697835950154,1.3340922590670987,0.9925279152401798,0.3113804905933636,0.0,0.0,0.0,0.0,0.0,1.0,0.0,0.0,0.0,1.0,0.0,0.0,0.0,0.0,1.0,1.0,0
1.1512364142981755,0.4852185853012992,-0.8639675865498894,-1.3003559509708975,-1.0075283371329782,0.41244113908810626,0.0,0.0,0.0,0.0,0.0,0.0,1.0,0.0,1.0,0.0,0.0,0.0,1.0,0.0,1.0,1.0,0
1.1373860328740586,-0.41629112673600854,-1.544002051615645,0.010760468862541566,0.9925279152401798,1.6251689210250169,0.0,0.0,0.0,0.0,0.0,1.0,0.0,0.0,0.0,0.0,0.0,1.0,0.0,0.0,0.0,0.0,1
0.130681993573761,1.1000557529250696,-1.2974053953479885,0.09321421886759353,0.9925279152401798,1.321986975540789,0.0,1.0,1.0,0.0,0.0,1.0,0.0,0.0,1.0,0.0,0.0,1.0,1.0,0.0,0.0,1.0,0
2.0165207695838046,-0.025259717470175084,-1.2898307540291871,-1.247422679362715,0.9925279152401798,-0.14339242763297752,0.0,1.0,1.0,0.0,0.0,0.0,0.0,1.0,0.0,0.0,0.0,1.0,0.0,0.0,0.0,0.0,0
-1.5765597588095095,1.0246156096583492,-0.2706206832437536,-0.971558898481611,-1.0075283371329782,-0.39604404886983385,1.0,0.0,1.0,0.0,0.0,0.0,1.0,1.0,0.0,0.0,0.0,0.0,0.0,1.0,0.0,1.0,0
2.009960062593433,-1.0688483659931387,-0.8513431843518866,-0.41881338918847755,-1.0075283371329782,0.21031984209862142,0.0,0.0,1.0,0.0,0.0,1.0,0.0,0.0,0.0,1.0,1.0,0.0,1.0,0.0,0.0,1.0,0
0.9434806929364201,-0.09692785357355939,0.4161467963276035,0.6897314719905707,0.9925279152401798,-0.34551372462246277,0.0,0.0,1.0,0.0,0.0,1.0,0.0,1.0,0.0,0.0,0.0,0.0,0.0,0.0,1.0,1.0,0
-1.5350086145371584,1.7532416600427563,2.127174107563597,-0.7272514910592306,-1.0075283371329782,-0.8508169670961755,0.0,0.0,1.0,0.0,0.0,0.0,0.0,0.0,1.0,0.0,0.0,0.0,0.0,0.0,1.0,1.0,0
-0.23307276067015492,-0.347766329935404,0.8226525471032977,-1.6892119077848513,-1.0075283371329782,1.7767598937671305,1.0,0.0,0.0,0.0,0.0,1.0,0.0,0.0,0.0,1.0,0.0,0.0,0.0,0.0,1.0,1.0,0
0.4113344592729746,-1.5422352649918087,0.6240286191880522,0.07896295343462131,-1.0075283371329782,0.6650927603249626,0.0,0.0,1.0,0.0,0.0,0.0,1.0,0.0,0.0,1.0,0.0,0.0,0.0,0.0,1.0,0.0,0
1.8029333086750514,0.033835061422089,-1.4581561166692256,-0.00043695397765078126,-1.0075283371329782,0.9682747058091904,0.0,1.0,0.0,0.0,0.0,0.0,0.0,0.0,1.0,0.0,0.0,0.0,0.0,1.0,1.0,1.0,0
-0.3584551609305829,0.19288803014275768,1.2729228921654003,0.7508083238461666,-1.0075283371329782,0.8166837330670763,1.0,0.0,0.0,1.0,0.0,0.0,0.0,1.0,0.0,0.0,0.0,0.0,0.0,0.0,1.0,0.0,0
0.857462534618219,-0.29935890467259213,0.00879941873871106,0.05555016022331096,0.9925279152401798,1.9283508665092448,0.0,0.0,0.0,0.0,0.0,1.0,0.0,0.0,0.0,0.0,0.0,0.0,0.0,1.0,1.0,1.0,0
-0.49550104028500497,0.6518155683486402,0.5045176117136247,-0.9359307348991812,-1.0075283371329782,0.058728869356507264,0.0,1.0,0.0,0.0,0.0,1.0,0.0,0.0,0.0,1.0,0.0,1.0,0.0,1.0,0.0,0.0,1
0.34645635681263676,-1.4517070930717444,0.9749870002925316,1.3473255769691437,-1.0075283371329782,-1.4066505338172592,0.0,1.0,0.0,1.0,0.0,1.0,0.0,1.0,0.0,0.0,1.0,0.0,0.0,0.0,1.0,0.0,1
-0.008550788110783858,-0.530708677357201,0.6905171374308668,-1.1680227719504415,-1.0075283371329782,2.7873663787145557,0.0,1.0,1.0,0.0,0.0,1.0,0.0,0.0,0.0,0.0,0.0,0.0,1.0,0.0,1.0,0.0,1
0.6147163759744834,-0.3854864015687643,-0.6661852854478438,0.6693725213720403,-1.0075283371329782,0.3619108148407351,1.0,0.0,0.0,0.0,0.0,1.0,0.0,0.0,0.0,1.0,1.0,0.0,0.0,1.0,0.0,1.0,0
-1.1318896183510145,-0.2597528294575638,-0.6687101658874446,0.5044650213619334,0.9925279152401798,-0.34551372462246277,1.0,0.0,1.0,0.0,0.0,1.0,0.0,0.0,0.0,1.0,0.0,1.0,1.0,0.0,0.0,1.0,0
-1.103459888059406,0.06841179375266986,0.04498937170631873,0.44440611703726474,0.9925279152401798,-0.6992259943540615,1.0,0.0,0.0,0.0,0.0,0.0,1.0,0.0,0.0,0.0,0.0,0.0,0.0,1.0,0.0,1.0,0
0.9806580325485231,-0.26541084020256756,-2.3477556582218297,0.5482367651917758,-1.0075283371329782,0.3619108148407351,0.0,1.0,0.0,0.0,0.0,0.0,1.0,0.0,0.0,1.0,0.0,0.0,1.0,0.0,1.0,1.0,0
-0.8629006317457941,0.09733051533824558,0.2806448794023725,-0.5216260898120614,0.9925279152401798,1.5241082725302741,1.0,0.0,1.0,0.0,0.0,1.0,0.0,0.0,0.0,0.0,1.0,0.0,1.0,0.0,1.0,0.0,1
-0.3045115701208642,0.538655353448559,-1.097939840619543,2.2868911480143796,-1.0075283371329782,-1.2045292368277742,1.0,0.0,1.0,0.0,0.0,1.0,0.0,1.0,0.0,0.0,1.0,0.0,1.0,0.0,1.0,1.0,0
-0.5902668079237003,-0.2327201114536557,1.2813391602974018,-1.2331714139297427,-1.0075283371329782,0.4629714633354778,0.0,1.0,0.0,1.0,0.0,1.0,0.0,0.0,0.0,0.0,0.0,0.0,0.0,1.0,0.0,0.0,1
-1.8973054338943254,0.4292671457118149,-1.0078857716071223,-1.5273582503675251,-1.0075283371329782,-0.7497563186014329,1.0,0.0,1.0,0.0,0.0,0.0,0.0,1.0,0.0,0.0,1.0,0.0,0.0,1.0,0.0,0.0,0
0.3362508126053926,-0.7809184858584898,-0.762972368965866,0.6123674596401514,-1.0075283371329782,1.1198656785513041,0.0,1.0,1.0,0.0,0.0,0.0,1.0,1.0,0.0,0.0,0.0,0.0,0.0,1.0,0.0,1.0,0
1.4092908892527778,0.3054195771822825,0.12746879939993797,-1.8490296701403248,0.9925279152401798,-1.9624841005383433,0.0,0.0,0.0,0.0,0.0,0.0,1.0,0.0,0.0,0.0,0.0,0.0,0.0,0.0,0.0,1.0,1
-0.8701903061795401,0.053952432959881544,1.2375745660109922,1.9418069350302682,0.9925279152401798,0.7661534088197052,1.0,0.0,0.0,0.0,0.0,0.0,1.0,1.0,0.0,0.0,0.0,0.0,0.0,1.0,0.0,0.0,0
-0.6777429011286504,0.8014385191609684,1.1761358086473777,1.220082135603321,0.9925279152401798,0.2608501663459925,1.0,0.0,1.0,0.0,0.0,1.0,0.0,0.0,0.0,0.0,1.0,0.0,0.0,1.0,0.0,0.0,1
0.5906604503431223,0.641128214719188,-0.32869293335456673,-0.3780954879514136,0.9925279152401798,0.8166837330670763,1.0,0.0,1.0,0.0,0.0,1.0,0.0,1.0,0.0,0.0,0.0,1.0,1.0,0.0,1.0,1.0,0
0.029355518944694105,0.5135086390263195,2.2475267418512237,-0.04929843546212714,-1.0075283371329782,0.058728869356507264,1.0,0.0,1.0,0.0,0.0,1.0,0.0,0.0,1.0,0.0,0.0,1.0,1.0,0.0,1.0,1.0,0
-1.0247314041749511,-0.8444139397746458,-1.12992165952115,0.8067954380471283,0.9925279152401798,1.1198656785513041,1.0,0.0,1.0,0.0,0.0,0.0,1.0,0.0,0.0,1.0,1.0,0.0,1.0,0.0,0.0,1.0,0
-1.38411235375862,-0.14470661097581544,2.49496502493208,-0.5501286206780058,0.9925279152401798,1.2714566512934178,0.0,0.0,1.0,0.0,0.0,0.0,0.0,1.0,0.0,0.0,0.0,0.0,0.0,0.0,0.0,1.0,0
-0.15142840701220245,-0.22894810429031956,1.1172219317233651,-0.6977310126623606,0.9925279152401798,1.321986975540789,0.0,0.0,0.0,0.0,0.0,0.0,0.0,1.0,0.0,0.0,1.0,0.0,0.0,0.0,1.0,0.0,0
2.0522401743091585,-0.9751768547702947,-0.33374269423376807,2.2176707159113715,0.9925279152401798,-0.5476350216119478,0.0,1.0,1.0,0.0,0.0,1.0,0.0,1.0,0.0,0.0,1.0,0.0,1.0,0.0,1.0,0.0,1
-0.44374435180540905,-0.5885461205283529,-1.136654674026752,-1.5507710435788362,0.9925279152401798,-1.356120209569888,1.0,0.0,1.0,0.0,0.0,0.0,0.0,0.0,1.0,0.0,1.0,0.0,0.0,1.0,0.0,1.0,0
1.7307655317809683,0.2570121519194706,0.5659563690772379,-2.0627986516349073,-1.0075283371329782,-0.6486956701066902,1.0,0.0,0.0,1.0,0.0,1.0,0.0,0.0,0.0,1.0,0.0,1.0,1.0,0.0,1.0,1.0,0
0.9493124324834166,0.3796023847278903,-0.1788833606049323,0.4973393886454466,0.9925279152401798,0.6145624360775915,0.0,0.0,0.0,0.0,0.0,0.0,0.0,0.0,1.0,0.0,1.0,0.0,1.0,0.0,1.0,1.0,0
0.7029214366228073,2.0814062832529894,0.4733774196252172,0.27237298431067253,-1.0075283371329782,-1.0024079398382892,1.0,0.0,0.0,1.0,0.0,0.0,1.0,0.0,0.0,0.0,0.0,1.0,0.0,1.0,1.0,0.0,0
-1.9811366898824023,0.4298958135723712,0.30673531061157866,-0.24169051880725126,-1.0075283371329782,0.21031984209862142,0.0,0.0,0.0,0.0,0.0,0.0,1.0,0.0,0.0,1.0,1.0,0.0,1.0,0.0,1.0,1.0,0
-0.22432515134966063,-0.3062742511387081,-0.34215896236576954,-2.5381801485776214,-1.0075283371329782,0.7661534088197052,0.0,1.0,0.0,1.0,0.0,0.0,0.0,0.0,0.0,0.0,0.0,0.0,0.0,1.0,1.0,0.0,0
0.8406962834206033,-0.49110260214217266,-0.558457053358219,0.6988929997689103,-1.0075283371329782,2.282063136240843,1.0,0.0,1.0,0.0,0.0,0.0,1.0,0.0,0.0,0.0,0.0,0.0,0.0,0.0,1.0,1.0,0
0.34572738936926284,0.4833325817196311,-0.07031350170210687,-0.8005437132859459,-1.0075283371329782,0.7156230845723341,0.0,0.0,1.0,0.0,0.0,0.0,0.0,0.0,1.0,0.0,1.0,0.0,0.0,0.0,1.0,1.0,0
0.9048454184375672,-0.17928334330639542,1.134054467987368,0.8617646047171643,0.9925279152401798,-0.44657437311720516,0.0,1.0,1.0,0.0,0.0,0.0,1.0,0.0,0.0,1.0,0.0,1.0,1.0,0.0,1.0,0.0,0
0.8756867207025835,0.29850423071616655,0.2856946402815738,0.6082956695164444,-1.0075283371329782,0.3619108148407351,1.0,0.0,0.0,1.0,0.0,0.0,1.0,0.0,0.0,1.0,1.0,0.0,0.0,0.0,1.0,0.0,0
-1.7128766707205563,1.6224787450471079,-1.3150795584251926,-0.9196435744043547,0.9925279152401798,2.029411515003987,0.0,0.0,1.0,0.0,0.0,0.0,0.0,0.0,1.0,0.0,1.0,0.0,0.0,0.0,1.0,0.0,0
-1.234674027866831,-2.104893000189431,1.5632841427194673,0.7497903763152395,-1.0075283371329782,0.4629714633354778,0.0,1.0,1.0,0.0,0.0,0.0,0.0,0.0,0.0,1.0,0.0,1.0,1.0,0.0,0.0,1.0,0
0.08038323998091504,-0.582888109783349,2.5227387097676863,0.18482949665098652,0.9925279152401798,-0.5981653458593191,1.0,0.0,0.0,0.0,0.0,0.0,1.0,0.0,0.0,0.0,1.0,0.0,1.0,0.0,1.0,0.0,0
0.9485834650400417,-1.7276922838558295,0.7612137897396833,-0.3058212132556255,-1.0075283371329782,-0.14339242763297752,0.0,1.0,1.0,0.0,0.0,1.0,0.0,1.0,0.0,0.0,0.0,1.0,0.0,1.0,0.0,0.0,1
-0.23525966300027873,-1.1581192021920912,0.7469061339152798,1.0785874288045258,-1.0075283371329782,1.0188050300565614,0.0,1.0,1.0,0.0,0.0,0.0,0.0,0.0,0.0,1.0,1.0,0.0,0.0,1.0,0.0,1.0,0
-2.6328335842592785,-0.2245474292664275,1.426098972167835,0.02093994417180681,-1.0075283371329782,-0.14339242763297752,0.0,0.0,1.0,0.0,0.0,1.0,0.0,0.0,1.0,0.0,1.0,0.0,0.0,0.0,1.0,0.0,1
1.1607129910620446,-0.7991498538146138,-2.2568599623962085,0.8780517652119894,0.9925279152401798,1.2714566512934178,0.0,1.0,1.0,0.0,0.0,1.0,0.0,0.0,0.0,0.0,1.0,0.0,1.0,0.0,1.0,1.0,0
0.42372690581034256,0.02377637565319318,-0.10061206697731377,1.5275022899431485,-1.0075283371329782,0.3619108148407351,1.0,0.0,0.0,1.0,0.0,0.0,0.0,0.0,0.0,0.0,1.0,0.0,1.0,0.0,0.0,0.0,0
1.1133301072426975,-0.5244219987516409,0.25371282137996687,1.6700149442728704,0.9925279152401798,1.6251689210250169,0.0,1.0,1.0,0.0,0.0,0.0,0.0,0.0,1.0,0.0,0.0,0.0,0.0,1.0,1.0,1.0,0
0.32021352885115184,1.1905839248451338,-1.0390259636955292,-1.1507176639246892,-1.0075283371329782,-2.0635447490330856,0.0,0.0,1.0,0.0,0.0,0.0,1.0,1.0,0.0,0.0,1.0,0.0,1.0,0.0,1.0,0.0,0
0.37561505454762045,-0.32136227979205184,1.3890673923870267,2.417188431972982,0.9925279152401798,-0.44657437311720516,0.0,1.0,1.0,0.0,0.0,0.0,1.0,0.0,1.0,0.0,0.0,0.0,0.0,0.0,0.0,0.0,0
-2.7116531890741546,-1.1725785629848795,-1.1837857755659624,-1.129340765775231,0.9925279152401798,0.6650927603249626,0.0,1.0,0.0,1.0,0.0,0.0,1.0,1.0,0.0,0.0,1.0,0.0,1.0,0.0,0.0,0.0,0
-0.24182036999065024,-0.34650899421429227,-0.3211182920357647,1.0673900059643335,0.9925279152401798,-0.7497563186014329,0.0,1.0,1.0,0.0,0.0,0.0,0.0,0.0,1.0,0.0,0.0,0.0,0.0,1.0,0.0,1.0,0
-0.12591454649409148,-0.1491072859997075,0.02058219412351381,-0.2539058891783707,-1.0075283371329782,1.0188050300565614,0.0,1.0,0.0,0.0,0.0,0.0,1.0,0.0,0.0,0.0,0.0,0.0,0.0,1.0,0.0,0.0,0
1.2285069632958814,-1.5717826544379407,0.3084185642379799,1.2760692498042827,-1.0075283371329782,0.56403211183022,0.0,1.0,0.0,0.0,0.0,0.0,0.0,0.0,0.0,1.0,0.0,0.0,0.0,0.0,1.0,0.0,0
1.782522220260563,0.4933912674885269,0.940480300951324,2.2543168270247285,0.9925279152401798,-0.44657437311720516,0.0,1.0,0.0,1.0,0.0,0.0,0.0,0.0,0.0,0.0,0.0,1.0,1.0,0.0,0.0,1.0,0
-1.2696644651488107,-0.9808348655152985,0.9194396306213192,-0.06965738608065908,-1.0075283371329782,-0.24445307612772016,0.0,1.0,0.0,1.0,0.0,1.0,0.0,0.0,1.0,0.0,1.0,0.0,0.0,1.0,0.0,1.0,0
-0.17402639775681467,2.1493024121930375,0.43971234709720897,-0.024867694719889685,0.9925279152401798,0.6145624360775915,0.0,1.0,1.0,0.0,0.0,1.0,0.0,1.0,0.0,0.0,0.0,1.0,0.0,0.0,1.0,1.0,0
1.3794032240744192,1.687231534684376,0.0946453536851304,0.5288957621041709,0.9925279152401798,0.6145624360775915,0.0,0.0,0.0,0.0,0.0,1.0,0.0,0.0,0.0,1.0,0.0,0.0,0.0,1.0,0.0,0.0,1
-1.5838494332432556,1.1956132677295817,0.5465989523736343,-0.7486283892086897,-1.0075283371329782,0.56403211183022,0.0,1.0,1.0,0.0,0.0,0.0,1.0,0.0,0.0,0.0,0.0,1.0,1.0,0.0,0.0,1.0,0
-1.096899181069035,0.2934748878317186,-0.9220398366607024,-1.2657457349193932,0.9925279152401798,-0.4971046973645765,0.0,1.0,0.0,0.0,0.0,1.0,0.0,0.0,1.0,0.0,0.0,1.0,0.0,0.0,0.0,1.0,0
-1.2470664744041984,-0.4747572377677167,-0.3379508282997688,-0.7934180805694591,-1.0075283371329782,-1.6593021550541156,1.0,0.0,0.0,1.0,0.0,1.0,0.0,1.0,0.0,0.0,0.0,1.0,1.0,0.0,0.0,1.0,0
-1.0225445018448274,-2.105521668049987,-1.0945733333667422,0.30291141023846974,-1.0075283371329782,-1.1539989125804029,0.0,1.0,1.0,0.0,0.0,0.0,0.0,0.0,1.0,0.0,0.0,0.0,0.0,1.0,0.0,1.0,0
0.806434813581998,-0.10635787148189889,0.8209692934768965,-0.12360860521976806,0.9925279152401798,-0.24445307612772016,0.0,1.0,1.0,0.0,0.0,0.0,1.0,1.0,0.0,0.0,0.0,1.0,0.0,0.0,0.0,1.0,0
-1.2558140837246936,-0.82806857540019,-0.5433077707206156,-0.024867694719889685,0.9925279152401798,0.4629714633354778,0.0,1.0,1.0,0.0,0.0,0.0,0.0,1.0,0.0,0.0,0.0,1.0,0.0,1.0,1.0,1.0,0
-0.9059097109048941,-0.10635787148189889,0.24277167280836476,0.8424236016295581,0.9925279152401798,1.0188050300565614,0.0,1.0,1.0,0.0,0.0,0.0,1.0,1.0,0.0,0.0,0.0,0.0,0.0,0.0,0.0,0.0,0
0.5286982176562822,0.7316563866392523,0.4674860319328164,-0.42797491696681567,-1.0075283371329782,-2.0130144247857147,0.0,1.0,0.0,0.0,0.0,0.0,0.0,0.0,1.0,0.0,0.0,1.0,1.0,0.0,0.0,0.0,0
0.9245275394086806,-1.300826806538304,0.867258768202908,-2.5381801485776214,-1.0075283371329782,-1.9624841005383433,1.0,0.0,0.0,1.0,0.0,0.0,1.0,0.0,0.0,1.0,1.0,0.0,1.0,0.0,1.0,0.0,0
0.4725677245164397,-0.6614715923528494,-2.709129171139661,0.7324852682894873,-1.0075283371329782,-1.6593021550541156,0.0,1.0,1.0,0.0,0.0,1.0,0.0,0.0,0.0,1.0,0.0,1.0,0.0,1.0,1.0,1.0,0
0.670117901670952,1.6928895454293795,-0.5592986801714197,0.896374820768667,0.9925279152401798,-0.29498340037509146,0.0,0.0,1.0,0.0,0.0,1.0,0.0,0.0,0.0,1.0,0.0,1.0,0.0,0.0,0.0,1.0,0
0.8479859578543497,1.2125872999645935,-0.04253981686650066,0.31512678060958915,-1.0075283371329782,-2.265666046022571,1.0,0.0,1.0,0.0,0.0,0.0,0.0,1.0,0.0,0.0,0.0,1.0,0.0,0.0,1.0,1.0,1
0.3661384777837512,-0.2201467542425355,-1.503603964582036,-0.15312908361663813,-1.0075283371329782,-0.5476350216119478,0.0,1.0,0.0,0.0,0.0,1.0,0.0,0.0,0.0,1.0,1.0,0.0,1.0,0.0,0.0,1.0,0
1.2897402285393464,0.2406667875450142,-0.014766132030894438,-0.5083927719100163,0.9925279152401798,-1.6087718308067445,0.0,1.0,0.0,0.0,0.0,0.0,1.0,0.0,0.0,0.0,0.0,1.0,0.0,1.0,0.0,0.0,0
0.057785249236302835,-0.6092921599267013,0.7123994345740723,0.9269132466964657,0.9925279152401798,-0.04233177913823491,1.0,0.0,1.0,0.0,0.0,0.0,1.0,1.0,0.0,0.0,0.0,0.0,0.0,0.0,1.0,0.0,0
1.7854380900340618,-2.734896779949114,-0.4768192524778005,-0.1124111823795757,0.9925279152401798,-0.14339242763297752,1.0,0.0,1.0,0.0,0.0,0.0,1.0,0.0,1.0,0.0,0.0,0.0,0.0,0.0,1.0,1.0,0
1.22996489818263,0.2218067517283343,-0.3867651834653798,-0.5877926793222898,-1.0075283371329782,1.4735779482829032,0.0,0.0,1.0,0.0,0.0,0.0,0.0,0.0,0.0,1.0,0.0,0.0,0.0,1.0,0.0,0.0,0
0.8764156881459584,-1.0242129478936626,0.12746879939993797,-0.48905176882241147,0.9925279152401798,1.321986975540789,1.0,0.0,1.0,0.0,0.0,0.0,1.0,0.0,1.0,0.0,1.0,0.0,0.0,0.0,1.0,1.0,0
-0.0056349183372861105,1.0447329811961417,1.3006965770010066,-0.5419850404305934,-1.0075283371329782,0.8672140573144478,1.0,0.0,1.0,0.0,0.0,0.0,1.0,1.0,0.0,0.0,0.0,0.0,0.0,0.0,0.0,1.0,0
1.897699076313747,0.014346357744853678,0.34629177083198764,0.8190108084182477,-1.0075283371329782,-2.265666046022571,0.0,1.0,0.0,1.0,0.0,1.0,0.0,0.0,0.0,0.0,0.0,1.0,1.0,0.0,1.0,1.0,0
-0.22796998856653333,0.08035648310323376,-0.5996967672050287,-0.6101875250026746,0.9925279152401798,-0.7497563186014329,0.0,1.0,1.0,0.0,0.0,1.0,0.0,1.0,0.0,0.0,0.0,1.0,0.0,1.0,0.0,0.0,1
-0.5122672914826206,-0.848185946937982,-1.8402546898621133,0.26321145653233297,0.9925279152401798,-2.0130144247857147,0.0,1.0,1.0,0.0,0.0,0.0,1.0,0.0,0.0,1.0,0.0,0.0,1.0,0.0,0.0,0.0,0
-1.432953172464717,-0.8727039934996662,-0.8782752423742928,-0.3791134354823408,0.9925279152401798,-0.24445307612772016,0.0,0.0,0.0,1.0,0.0,0.0,1.0,0.0,1.0,0.0,0.0,1.0,1.0,0.0,1.0,1.0,0
1.4807296987034861,0.1381939262743861,-0.1822498678577336,0.39961642567649536,0.9925279152401798,0.6650927603249626,1.0,0.0,0.0,0.0,0.0,1.0,0.0,0.0,0.0,0.0,0.0,0.0,0.0,1.0,1.0,1.0,0
-0.3810531516751951,-0.3439943227720679,-1.193885297324365,1.42876137944327,0.9925279152401798,0.1597895178512499,0.0,0.0,1.0,0.0,0.0,1.0,0.0,0.0,0.0,0.0,0.0,1.0,0.0,0.0,1.0,0.0,1
-2.352910086003439,-0.22266142568475944,0.3698573216015931,-1.2576021546719809,0.9925279152401798,-0.04233177913823491,1.0,0.0,0.0,0.0,0.0,0.0,1.0,0.0,0.0,0.0,0.0,1.0,0.0,0.0,0.0,1.0,0
0.7182297529336741,0.11619055115492546,1.083556859195357,0.3273421509807086,0.9925279152401798,-0.19392275188034908,0.0,1.0,0.0,1.0,0.0,0.0,0.0,0.0,1.0,0.0,0.0,0.0,1.0,0.0,1.0,0.0,0
-0.7586582873432289,1.518748548055367,-1.107197735564745,0.7670954843409915,-1.0075283371329782,1.2714566512934178,0.0,1.0,0.0,0.0,0.0,0.0,0.0,1.0,0.0,0.0,1.0,0.0,0.0,0.0,0.0,1.0,0
-1.309028707091038,0.5719747500580272,0.5154587602852269,-0.17755982435887704,-1.0075283371329782,-1.6087718308067445,0.0,0.0,0.0,1.0,0.0,1.0,0.0,1.0,0.0,0.0,1.0,0.0,1.0,0.0,0.0,1.0,0
0.7743602460735166,-0.6224941849983774,0.3016855497323773,-0.5277337749976211,0.9925279152401798,0.2608501663459925,1.0,0.0,1.0,0.0,0.0,0.0,1.0,1.0,0.0,0.0,0.0,0.0,1.0,0.0,0.0,1.0,0
0.057056281792927876,1.9179526395084283,0.763738670179284,1.5458253454998276,-1.0075283371329782,0.1597895178512499,1.0,0.0,1.0,0.0,0.0,0.0,1.0,0.0,1.0,0.0,0.0,0.0,0.0,1.0,0.0,0.0,0
-0.8563399247554226,-2.734896779949114,0.3143099519303807,-2.214472833742968,-1.0075283371329782,-0.7497563186014329,0.0,0.0,1.0,0.0,0.0,0.0,0.0,0.0,1.0,0.0,1.0,0.0,1.0,0.0,0.0,1.0,0
0.9106771579845637,-0.3747990479393121,-0.7924293074278728,0.8047595429852755,0.9925279152401798,-0.8508169670961755,0.0,1.0,1.0,0.0,0.0,1.0,0.0,0.0,0.0,1.0,0.0,0.0,0.0,0.0,1.0,0.0,1
1.0236671117076237,-1.4378764001395126,0.024790328189514533,-1.146645873800983,-1.0075283371329782,-1.5077111823120017,0.0,0.0,1.0,0.0,0.0,1.0,0.0,0.0,0.0,1.0,0.0,0.0,0.0,1.0,1.0,0.0,1
-1.2310291906499577,0.5116226354446514,2.455408564711671,1.183436024489964,0.9925279152401798,0.8166837330670763,1.0,0.0,0.0,0.0,0.0,1.0,0.0,0.0,0.0,1.0,0.0,0.0,0.0,1.0,0.0,0.0,1
-0.21193270481229262,-1.285110110024404,-1.5153867399668388,-0.780184762667414,0.9925279152401798,-0.39604404886983385,0.0,1.0,0.0,1.0,0.0,1.0,0.0,0.0,0.0,1.0,0.0,1.0,1.0,0.0,1.0,0.0,1
-0.8548819898686737,1.2125872999645935,0.013849179617912407,1.2353513485672187,0.9925279152401798,-1.709832479301487,0.0,1.0,0.0,0.0,0.0,0.0,0.0,0.0,1.0,0.0,0.0,0.0,1.0,0.0,1.0,1.0,0
0.032271388718192885,-1.7641550197680775,-0.6064297817106301,-1.008205009594968,0.9925279152401798,1.1703960027986753,1.0,0.0,0.0,0.0,0.0,0.0,0.0,0.0,0.0,0.0,1.0,0.0,0.0,0.0,0.0,0.0,0
0.7043793715095572,0.9755795165349809,-0.8378771553406832,-1.0285639602135,0.9925279152401798,1.0188050300565614,0.0,1.0,1.0,0.0,0.0,0.0,0.0,1.0,0.0,0.0,1.0,0.0,0.0,0.0,0.0,1.0,0
0.9930504790858911,-1.4793684789362085,2.1608391800916036,0.3700959472796238,-1.0075283371329782,0.7661534088197052,0.0,1.0,1.0,0.0,0.0,1.0,0.0,0.0,0.0,0.0,0.0,0.0,0.0,1.0,0.0,1.0,0
-1.3564115909103858,1.9192099752295408,0.8941908262253137,-0.13277013299810764,0.9925279152401798,0.56403211183022,1.0,0.0,1.0,0.0,0.0,1.0,0.0,0.0,0.0,1.0,0.0,1.0,1.0,0.0,1.0,1.0,0
-0.9175731899988877,-0.3446229906326242,-1.341169989634399,0.2744088793725253,-1.0075283371329782,-1.356120209569888,1.0,0.0,0.0,1.0,0.0,1.0,0.0,0.0,0.0,1.0,1.0,0.0,1.0,0.0,1.0,1.0,0
-0.9110124830085162,0.7310277187786959,1.960531998549958,0.5146444966711987,-1.0075283371329782,2.231532811993472,1.0,0.0,1.0,0.0,0.0,0.0,1.0,0.0,1.0,0.0,0.0,1.0,0.0,1.0,0.0,0.0,0
-0.5465287613212259,2.1493024121930375,0.04330611807991868,-0.7262335435283049,0.9925279152401798,1.0188050300565614,0.0,1.0,0.0,0.0,0.0,1.0,0.0,0.0,1.0,0.0,1.0,0.0,1.0,0.0,0.0,1.0,0
0.5731652317021316,0.5763754250819197,1.7602248170083126,0.03213736701199916,0.9925279152401798,-0.5981653458593191,0.0,1.0,0.0,1.0,0.0,0.0,1.0,0.0,0.0,1.0,0.0,1.0,1.0,0.0,0.0,0.0,0
0.806434813581998,-0.23649211861699188,-0.6030632744578294,-1.1028741299711406,-1.0075283371329782,-1.8108931277962295,0.0,0.0,1.0,0.0,0.0,1.0,0.0,0.0,0.0,1.0,0.0,1.0,0.0,1.0,0.0,0.0,1
-0.16236291866282057,1.0837103885506132,1.8704779295375369,-0.4320467070905226,0.9925279152401798,-1.6593021550541156,0.0,1.0,0.0,1.0,0.0,1.0,0.0,0.0,0.0,0.0,1.0,0.0,1.0,0.0,0.0,0.0,1
0.6438750737094671,-0.5005326200505126,-0.1351187663185226,-0.053370225585834104,0.9925279152401798,-0.24445307612772016,1.0,0.0,1.0,0.0,0.0,1.0,0.0,0.0,0.0,0.0,0.0,1.0,1.0,0.0,1.0,0.0,1
-0.1543442767857002,-0.11704522511135104,-0.6804929412722474,-1.634242741114816,-1.0075283371329782,-0.9013472913435465,0.0,0.0,0.0,1.0,0.0,1.0,0.0,1.0,0.0,0.0,0.0,1.0,0.0,1.0,1.0,1.0,0
0.046121770142309775,0.552486046380791,0.20574009302755528,2.1962938177619136,-1.0075283371329782,0.3113804905933636,0.0,0.0,0.0,0.0,0.0,0.0,1.0,0.0,0.0,1.0,0.0,1.0,0.0,1.0,1.0,1.0,0
-0.1434097651350821,-1.2121846381999073,-0.1048202010433157,-0.7547360743942494,0.9925279152401798,0.9682747058091904,0.0,1.0,1.0,0.0,0.0,0.0,0.0,1.0,0.0,0.0,1.0,0.0,0.0,0.0,1.0,0.0,0
1.6163176431711583,0.33056629160452206,2.202920520751613,1.1447540183147544,-1.0075283371329782,-0.04233177913823491,0.0,1.0,0.0,1.0,0.0,0.0,0.0,0.0,0.0,1.0,1.0,0.0,0.0,0.0,1.0,1.0,0
1.231422833069379,0.15202461920661806,-1.4632058775484265,-0.40049033363179837,-1.0075283371329782,0.4629714633354778,0.0,0.0,0.0,0.0,0.0,1.0,0.0,0.0,0.0,0.0,1.0,0.0,0.0,1.0,1.0,1.0,0
-1.021815534401453,-0.775260475113486,0.3033688033587786,-2.523928883144649,0.9925279152401798,-1.760362803548858,0.0,0.0,1.0,0.0,0.0,1.0,0.0,0.0,1.0,0.0,1.0,0.0,1.0,0.0,1.0,0.0,1
1.905717718190867,1.2251606571757139,0.02394870137631391,-0.30480326572469985,-1.0075283371329782,1.2714566512934178,1.0,0.0,0.0,0.0,0.0,0.0,0.0,0.0,1.0,0.0,1.0,0.0,0.0,0.0,1.0,0.0,0
-0.16527878843631935,-0.24843680796755577,-0.7831714124826707,-0.7323412287138648,-1.0075283371329782,1.0188050300565614,1.0,0.0,0.0,1.0,0.0,1.0,0.0,0.0,0.0,1.0,0.0,0.0,0.0,1.0,0.0,1.0,0
0.6839682830950689,0.3990910884051266,-0.7528728472074638,0.7070365800163227,0.9925279152401798,-0.29498340037509146,1.0,0.0,0.0,0.0,0.0,0.0,1.0,0.0,0.0,1.0,1.0,0.0,1.0,0.0,1.0,1.0,0
-1.939585545610051,0.3161069308117347,-0.636728346985837,-0.06660354348787921,0.9925279152401798,1.5241082725302741,0.0,1.0,1.0,0.0,0.0,0.0,1.0,0.0,0.0,0.0,0.0,1.0,1.0,0.0,1.0,1.0,0
-0.9022648736880214,0.3770877132856668,-1.1240302718287487,0.1838115491200594,-1.0075283371329782,0.3619108148407351,1.0,0.0,0.0,0.0,0.0,0.0,0.0,1.0,0.0,0.0,0.0,1.0,1.0,0.0,1.0,1.0,0
0.02643964917119532,-2.3827641945551843,-0.17383359972573093,0.5960802991453265,-1.0075283371329782,-0.39604404886983385,0.0,0.0,0.0,1.0,0.0,1.0,0.0,0.0,1.0,0.0,1.0,0.0,1.0,0.0,0.0,0.0,1
1.2088248423247678,0.1268779047843776,0.23856353874236286,-0.9349127873682541,0.9925279152401798,-0.5981653458593191,1.0,0.0,0.0,0.0,0.0,0.0,0.0,0.0,0.0,0.0,0.0,1.0,1.0,0.0,0.0,0.0,0
0.5002684873646734,-0.7463417535279098,-0.09219579884531233,1.6822303146439885,0.9925279152401798,-0.5476350216119478,0.0,0.0,1.0,0.0,0.0,0.0,0.0,0.0,0.0,0.0,1.0,0.0,0.0,0.0,1.0,0.0,0
-1.2959072931102955,0.9912962130488809,0.022265447749913857,-0.6040798398171148,0.9925279152401798,-0.5981653458593191,0.0,0.0,0.0,1.0,0.0,1.0,0.0,1.0,0.0,0.0,1.0,0.0,0.0,0.0,0.0,0.0,1
1.482187633590236,1.3100308183507747,-0.3808737957729785,-0.6254567379665724,-1.0075283371329782,-1.1034685883330317,0.0,1.0,0.0,1.0,0.0,0.0,1.0,0.0,0.0,1.0,0.0,1.0,0.0,1.0,1.0,0.0,0
0.0031126909832092024,-0.40183176594322023,-1.0289264419371271,0.8139210707636151,-1.0075283371329782,0.008198545109136179,0.0,1.0,0.0,0.0,0.0,1.0,0.0,0.0,0.0,1.0,0.0,0.0,0.0,0.0,1.0,1.0,0
-1.0261893390617,0.4236091349668107,-0.4195886291801874,-1.812383559026968,-1.0075283371329782,0.3619108148407351,1.0,0.0,1.0,0.0,0.0,1.0,0.0,1.0,0.0,0.0,1.0,0.0,0.0,1.0,1.0,0.0,1
0.6161743108612322,0.6939363150058916,-0.5794977236882239,0.2662652991251128,0.9925279152401798,-1.356120209569888,0.0,1.0,1.0,0.0,0.0,0.0,1.0,0.0,0.0,0.0,0.0,1.0,0.0,1.0,1.0,0.0,0
-0.38834282610894155,0.3827457240306711,-1.3487446309532003,-0.9827563213218033,0.9925279152401798,-0.39604404886983385,1.0,0.0,0.0,1.0,0.0,0.0,1.0,0.0,0.0,1.0,0.0,1.0,1.0,0.0,1.0,0.0,0
-0.05083089982650948,0.6744476113286563,-0.19403264324253633,0.5869187713669868,-1.0075283371329782,1.4735779482829032,0.0,1.0,1.0,0.0,0.0,1.0,0.0,1.0,0.0,0.0,0.0,0.0,0.0,1.0,0.0,1.0,0
0.9165088975315602,-0.8538439576829863,-0.3017608753321599,-0.06660354348787921,0.9925279152401798,-0.19392275188034908,0.0,0.0,1.0,0.0,0.0,0.0,1.0,0.0,1.0,0.0,0.0,1.0,0.0,0.0,1.0,1.0,0
0.793313399601256,-0.2918148903459198,-1.2873058735895864,-0.3618083274565887,-1.0075283371329782,0.008198545109136179,1.0,0.0,1.0,0.0,0.0,0.0,1.0,0.0,1.0,0.0,0.0,0.0,0.0,1.0,1.0,1.0,0
-0.13684905814471063,1.5105758658681392,0.26212908951196834,0.051478370099603994,-1.0075283371329782,1.6251689210250169,1.0,0.0,1.0,0.0,0.0,0.0,0.0,0.0,0.0,0.0,0.0,0.0,0.0,1.0,0.0,0.0,0
-0.5457997938778509,-0.03846174254185074,-0.7873795465486715,-0.019777957065257062,0.9925279152401798,-1.5077111823120017,0.0,1.0,0.0,0.0,0.0,0.0,0.0,0.0,0.0,0.0,0.0,0.0,0.0,1.0,1.0,1.0,0
-0.9634981389314861,0.396576416962903,-0.06021397994370538,-1.476460873821196,0.9925279152401798,-0.8002866428488041,0.0,0.0,1.0,0.0,0.0,0.0,1.0,0.0,0.0,0.0,0.0,1.0,0.0,1.0,0.0,0.0,0
-0.8672744364060413,-1.0499883301764588,1.0978645150197603,0.37416773740333076,-1.0075283371329782,2.231532811993472,0.0,0.0,0.0,0.0,0.0,0.0,1.0,0.0,0.0,0.0,0.0,1.0,1.0,0.0,0.0,0.0,0
-0.49185620306813227,0.4713878923690672,-1.416074776009216,-0.19690082744648188,0.9925279152401798,0.7156230845723341,1.0,0.0,1.0,0.0,0.0,1.0,0.0,0.0,0.0,1.0,1.0,0.0,0.0,0.0,1.0,1.0,0
-0.29066118869674734,1.8393691569389279,-0.7074249992946535,-0.5419850404305934,-1.0075283371329782,-0.44657437311720516,0.0,1.0,0.0,0.0,0.0,0.0,0.0,1.0,0.0,0.0,0.0,0.0,0.0,1.0,1.0,1.0,0
0.2589802636076878,-0.21511741135808757,0.42035493039360544,0.99104394114484,-1.0075283371329782,-0.14339242763297752,1.0,0.0,1.0,0.0,0.0,0.0,1.0,0.0,0.0,1.0,0.0,0.0,0.0,0.0,0.0,1.0,0
-0.5982854498008208,-0.13464792520691918,-2.709129171139661,0.06878347812535607,-1.0075283371329782,0.21031984209862142,0.0,1.0,1.0,0.0,0.0,0.0,0.0,0.0,1.0,0.0,0.0,0.0,0.0,0.0,1.0,1.0,0
0.39529717551873383,-0.20945940061308377,-1.661829805463672,-1.7075349633415304,0.9925279152401798,0.7156230845723341,0.0,0.0,1.0,0.0,0.0,0.0,0.0,0.0,0.0,0.0,0.0,0.0,0.0,0.0,1.0,0.0,0
-0.814059813039697,0.9736935129533129,0.5945716807260447,-0.3770775404204865,-1.0075283371329782,0.5135017875828488,0.0,0.0,0.0,0.0,0.0,0.0,0.0,0.0,0.0,1.0,0.0,1.0,0.0,0.0,0.0,1.0,0
1.0870872792812125,0.7410864045475918,-0.9363474924851058,0.372131842341478,-1.0075283371329782,-0.29498340037509146,0.0,1.0,0.0,0.0,0.0,0.0,0.0,1.0,0.0,0.0,0.0,1.0,0.0,1.0,0.0,0.0,0
0.17223313784611166,0.09418717603546574,0.18385779588435103,-0.17450598176609716,-1.0075283371329782,-0.6486956701066902,0.0,1.0,0.0,1.0,0.0,0.0,1.0,0.0,0.0,0.0,0.0,0.0,0.0,1.0,1.0,0.0,0
1.0214802093774997,-0.2848995438798038,0.57184775676964,0.2662652991251128,-1.0075283371329782,-1.0024079398382892,1.0,0.0,0.0,0.0,0.0,0.0,0.0,0.0,0.0,1.0,0.0,1.0,1.0,0.0,0.0,1.0,0
1.8743721181257607,0.08475715812712534,0.04667262533271998,-0.42899286449774277,-1.0075283371329782,-0.19392275188034908,1.0,0.0,1.0,0.0,0.0,1.0,0.0,0.0,0.0,1.0,0.0,1.0,0.0,1.0,0.0,0.0,1
-0.1434097651350821,-0.6551849137472893,0.24866306050076556,-0.10935733978679585,0.9925279152401798,0.9177443815618189,0.0,1.0,0.0,1.0,0.0,0.0,0.0,0.0,0.0,0.0,0.0,0.0,1.0,0.0,0.0,1.0,0
0.6460619760395898,0.3217649415567389,2.003454966023168,-0.2386366762144714,-1.0075283371329782,0.3113804905933636,0.0,0.0,1.0,0.0,0.0,1.0,0.0,0.0,1.0,0.0,1.0,0.0,1.0,0.0,0.0,0.0,1
0.08985981674478427,1.8563431891739406,-1.4387986999656208,-0.24576230893095824,-1.0075283371329782,0.9177443815618189,1.0,0.0,0.0,1.0,0.0,0.0,1.0,1.0,0.0,0.0,0.0,0.0,0.0,1.0,1.0,1.0,0
0.34426945448251295,-0.46784189130160075,0.5836305321544426,1.6099560399482018,0.9925279152401798,-0.5981653458593191,0.0,0.0,1.0,0.0,0.0,0.0,1.0,0.0,0.0,0.0,0.0,0.0,1.0,0.0,1.0,1.0,0
-1.3316266978356501,-0.4433238447399166,-1.072691036223537,-0.2610315218948561,0.9925279152401798,0.41244113908810626,1.0,0.0,1.0,0.0,0.0,1.0,0.0,0.0,0.0,0.0,1.0,0.0,0.0,1.0,1.0,0.0,1
0.19920493325097152,0.6794769542131042,1.299854950187806,0.9767926757118677,-1.0075283371329782,0.008198545109136179,0.0,0.0,1.0,0.0,0.0,1.0,0.0,0.0,1.0,0.0,0.0,1.0,0.0,0.0,1.0,1.0,0
0.8895371021267003,-1.4787398110756524,-2.212253741296598,0.8190108084182477,0.9925279152401798,0.21031984209862142,1.0,0.0,0.0,1.0,0.0,0.0,1.0,1.0,0.0,0.0,0.0,0.0,1.0,0.0,0.0,1.0,0
0.8057058461386241,1.246535364434618,0.5482822060000344,1.2567282467166778,0.9925279152401798,1.675699245272388,1.0,0.0,1.0,0.0,0.0,1.0,0.0,1.0,0.0,0.0,0.0,0.0,1.0,0.0,0.0,0.0,1
-0.5523605008682224,0.12059122617881794,-0.8328273944614824,-0.9450922626775193,-1.0075283371329782,1.7767598937671305,1.0,0.0,0.0,1.0,0.0,1.0,0.0,0.0,0.0,0.0,1.0,0.0,1.0,0.0,0.0,1.0,0
1.3349362100285698,-0.7123936890578857,0.09212047324552972,0.8841594503975491,0.9925279152401798,0.058728869356507264,0.0,1.0,0.0,1.0,0.0,1.0,0.0,0.0,0.0,1.0,0.0,0.0,1.0,0.0,1.0,0.0,1
-0.22286721646291072,-1.129200480606515,-1.2443829061163763,1.7514507467469969,0.9925279152401798,-0.5476350216119478,0.0,0.0,1.0,0.0,0.0,1.0,0.0,0.0,0.0,0.0,0.0,1.0,0.0,0.0,1.0,0.0,1
1.0127326000570045,0.10487452966491788,0.6518023040236585,-1.0499408583629575,0.9925279152401798,1.7767598937671305,0.0,1.0,1.0,0.0,0.0,0.0,1.0,0.0,1.0,0.0,0.0,0.0,0.0,1.0,0.0,1.0,0
0.3289611381716472,-0.008285685235162373,1.1534118846909729,0.4393163793826321,-1.0075283371329782,1.4230476240355316,0.0,0.0,0.0,1.0,0.0,0.0,0.0,0.0,1.0,0.0,1.0,0.0,0.0,1.0,1.0,1.0,0
1.0863583118378377,-1.3523775711038961,-1.1467541957851541,0.25099608616121494,0.9925279152401798,0.21031984209862142,0.0,0.0,0.0,1.0,0.0,1.0,0.0,0.0,1.0,0.0,0.0,1.0,0.0,1.0,1.0,1.0,0
2.0522401743091585,1.2408773536896138,1.9563238644839573,0.036209157135706126,-1.0075283371329782,1.3725172997881605,0.0,1.0,1.0,0.0,0.0,0.0,0.0,0.0,1.0,0.0,0.0,1.0,0.0,0.0,1.0,1.0,0
0.8880791672399515,-0.6193508456955971,-0.14774316851652478,-0.5328235126522538,-1.0075283371329782,-1.1034685883330317,1.0,0.0,1.0,0.0,0.0,1.0,0.0,1.0,0.0,0.0,0.0,0.0,1.0,0.0,0.0,0.0,1
-0.8964331341410249,0.3236509451384061,1.7770573532723155,1.893963401076719,-1.0075283371329782,0.2608501663459925,0.0,1.0,0.0,1.0,0.0,1.0,0.0,0.0,1.0,0.0,0.0,1.0,0.0,1.0,1.0,0.0,1
-0.5764164264995835,0.13756525841382977,0.948054942270126,-1.8887296238464615,-1.0075283371329782,-0.04233177913823491,1.0,0.0,0.0,1.0,0.0,1.0,0.0,1.0,0.0,0.0,0.0,0.0,0.0,0.0,1.0,1.0,0
-0.4503050587957806,0.30919158434561866,1.2821807871106026,-0.45953129042554,0.9925279152401798,-1.3055898853225167,0.0,0.0,1.0,0.0,0.0,1.0,0.0,0.0,0.0,0.0,0.0,0.0,1.0,0.0,1.0,0.0,1
0.26043819849443667,-1.6786561907324613,1.6078903638190776,0.36806005221777105,-1.0075283371329782,-1.2045292368277742,0.0,0.0,0.0,0.0,0.0,0.0,0.0,1.0,0.0,0.0,1.0,0.0,0.0,1.0,1.0,1.0,0
-0.18787677918093154,-1.2524193812754916,-0.5357331294018143,0.18482949665098652,-1.0075283371329782,-0.9013472913435465,0.0,1.0,1.0,0.0,0.0,1.0,0.0,1.0,0.0,0.0,0.0,1.0,0.0,0.0,1.0,0.0,1
0.6103425713142356,0.7052523364959,-0.2933446072001585,-0.1785777718898027,0.9925279152401798,-2.265666046022571,1.0,0.0,1.0,0.0,0.0,0.0,1.0,0.0,0.0,0.0,0.0,0.0,1.0,0.0,0.0,0.0,0
1.0630313536498515,0.49716327465186305,0.3757487092939951,0.9238594041036858,-1.0075283371329782,0.3619108148407351,0.0,0.0,0.0,1.0,0.0,0.0,0.0,0.0,0.0,0.0,1.0,0.0,1.0,0.0,0.0,1.0,0
1.6243362850482788,-0.7350257320379018,1.5632841427194673,-0.1653444539877576,-1.0075283371329782,0.9682747058091904,0.0,1.0,0.0,0.0,0.0,0.0,1.0,0.0,0.0,1.0,0.0,1.0,0.0,0.0,0.0,0.0,0
-0.22505411879303455,-0.38800107301098824,-0.7107915065474542,-0.6193490527810142,0.9925279152401798,0.6650927603249626,1.0,0.0,0.0,1.0,0.0,0.0,0.0,0.0,0.0,1.0,0.0,0.0,0.0,1.0,1.0,1.0,0
-0.28701635147987464,0.6977083221692277,0.6593769453424593,-0.33126990152879005,0.9925279152401798,0.9177443815618189,0.0,1.0,0.0,1.0,0.0,0.0,1.0,0.0,0.0,0.0,0.0,0.0,0.0,1.0,0.0,1.0,0
-0.7907328548517104,-0.5860314490861289,-0.6619771513818432,-0.027921537312669546,0.9925279152401798,0.21031984209862142,1.0,0.0,1.0,0.0,0.0,1.0,0.0,0.0,0.0,1.0,0.0,1.0,0.0,1.0,1.0,0.0,1
0.355932933576507,1.0686223598972695,-0.8841666300666942,-0.20911619781760132,-1.0075283371329782,2.686305730219814,1.0,0.0,1.0,0.0,0.0,1.0,0.0,1.0,0.0,0.0,1.0,0.0,1.0,0.0,1.0,0.0,1
2.0522401743091585,-0.087497835665219,0.3959477528107993,-1.6230453182746236,0.9925279152401798,-0.8508169670961755,1.0,0.0,1.0,0.0,0.0,0.0,0.0,1.0,0.0,0.0,0.0,1.0,0.0,0.0,1.0,1.0,0
-0.65222904061054,1.418161690366407,1.2476740877693948,0.8006877528615686,0.9925279152401798,1.9283508665092448,1.0,0.0,1.0,0.0,0.0,0.0,1.0,0.0,0.0,0.0,0.0,1.0,0.0,0.0,1.0,0.0,0
1.1971613632307738,-1.4894271647051047,-0.12754412499972057,0.355844681846653,0.9925279152401798,0.56403211183022,0.0,1.0,0.0,1.0,0.0,1.0,0.0,0.0,0.0,0.0,0.0,1.0,1.0,0.0,1.0,1.0,0
0.35301706380300824,1.012042252447229,-0.9127819417155004,0.16039875590874905,-1.0075283371329782,-0.6992259943540615,1.0,0.0,0.0,1.0,0.0,0.0,0.0,0.0,1.0,0.0,1.0,0.0,0.0,0.0,0.0,0.0,0
-0.38907179355231547,-0.27421219025035165,1.3251037545838127,0.0657296355325762,0.9925279152401798,1.8272902180145016,0.0,1.0,1.0,0.0,0.0,0.0,0.0,0.0,1.0,0.0,0.0,0.0,0.0,0.0,1.0,0.0,0
-2.072257620304225,0.31987893797507083,0.7763630723772862,-1.184309932445267,0.9925279152401798,-0.39604404886983385,0.0,0.0,0.0,0.0,0.0,0.0,0.0,0.0,1.0,0.0,0.0,1.0,0.0,1.0,0.0,0.0,0
0.4361193523477106,0.7857218226470684,0.28232813302877374,-0.29971352807006724,-1.0075283371329782,0.3619108148407351,1.0,0.0,0.0,0.0,0.0,0.0,0.0,0.0,0.0,1.0,1.0,0.0,0.0,0.0,1.0,0.0,0
-1.6618489496843358,1.5162338766131436,-2.0489781395357607,-0.8921589910693375,-1.0075283371329782,1.1198656785513041,0.0,0.0,1.0,0.0,0.0,0.0,1.0,0.0,1.0,0.0,0.0,0.0,1.0,0.0,1.0,0.0,0
0.5760811014756304,-0.8324692504240819,0.6122458438032495,0.045370684914044265,-1.0075283371329782,-0.29498340037509146,0.0,1.0,1.0,0.0,0.0,0.0,1.0,1.0,0.0,0.0,1.0,0.0,0.0,0.0,1.0,1.0,0
1.8984280437571217,-0.02903172463351124,0.48852670226282124,0.14105775282114277,0.9925279152401798,-1.760362803548858,1.0,0.0,1.0,0.0,0.0,0.0,0.0,0.0,0.0,0.0,0.0,0.0,0.0,0.0,0.0,0.0,1
0.44705386399832975,-0.9877502119814145,-0.22601446214414328,0.0647116880016491,0.9925279152401798,-1.356120209569888,0.0,1.0,1.0,0.0,0.0,1.0,0.0,0.0,1.0,0.0,0.0,0.0,0.0,0.0,0.0,1.0,1
-0.8971621015843994,-0.3773137193815361,1.9815726688799629,-0.21522388300316106,0.9925279152401798,0.7156230845723341,0.0,1.0,1.0,0.0,0.0,0.0,0.0,0.0,1.0,0.0,0.0,1.0,0.0,1.0,1.0,1.0,0
0.17514900761961044,0.08035648310323376,0.16113387192794615,0.2581217188777003,0.9925279152401798,-0.09286210338560645,0.0,1.0,0.0,0.0,0.0,0.0,0.0,0.0,0.0,0.0,1.0,0.0,0.0,1.0,0.0,1.0,0
-0.6828456732322725,0.5329973427035557,-0.47176949159859916,0.04842452750682413,-1.0075283371329782,-0.09286210338560645,0.0,1.0,0.0,1.0,0.0,0.0,0.0,0.0,1.0,0.0,0.0,0.0,0.0,0.0,1.0,0.0,0
0.293241733446293,-0.017715703143502768,-0.8075785900654763,0.39656258308371545,0.9925279152401798,-0.19392275188034908,0.0,0.0,1.0,0.0,0.0,0.0,1.0,1.0,0.0,0.0,0.0,1.0,0.0,1.0,0.0,0.0,0
0.7707154088566439,-0.1937427040991837,0.942163554577724,0.6887135244596451,-1.0075283371329782,1.2209263270460469,0.0,0.0,0.0,1.0,0.0,0.0,0.0,0.0,1.0,0.0,0.0,1.0,1.0,0.0,0.0,1.0,0
0.06434595622667431,-0.864531311312438,0.15440085742234355,-0.5501286206780058,0.9925279152401798,-0.6992259943540615,0.0,0.0,0.0,1.0,0.0,1.0,0.0,0.0,0.0,1.0,1.0,0.0,0.0,0.0,0.0,1.0,0
1.493122145240854,0.8819080053121369,-2.0506613931621613,-0.11444707744142847,-1.0075283371329782,0.1092591936038788,1.0,0.0,0.0,1.0,0.0,1.0,0.0,0.0,0.0,1.0,0.0,1.0,0.0,0.0,1.0,0.0,1
0.6569964876902089,1.6652281595649154,-0.5029096836870066,0.9493080923768504,0.9925279152401798,1.7767598937671305,0.0,1.0,1.0,0.0,0.0,1.0,0.0,0.0,0.0,0.0,0.0,1.0,0.0,1.0,1.0,0.0,1
-0.02896187652527223,2.1493024121930375,-1.9336752661273344,0.7782929071811838,-1.0075283371329782,0.8166837330670763,1.0,0.0,0.0,0.0,0.0,1.0,0.0,0.0,0.0,1.0,0.0,1.0,1.0,0.0,1.0,1.0,0
-0.5348652822272318,-1.962814063703774,0.581105651714842,-2.5381801485776214,-1.0075283371329782,0.3113804905933636,1.0,0.0,0.0,0.0,0.0,0.0,0.0,0.0,0.0,1.0,0.0,0.0,0.0,1.0,1.0,0.0,0
0.693444859858938,-0.44835318762436455,-0.27314556368335424,-0.14905729349293262,0.9925279152401798,0.21031984209862142,1.0,0.0,0.0,1.0,0.0,0.0,1.0,0.0,0.0,1.0,0.0,0.0,0.0,1.0,1.0,0.0,0
0.5352589246466537,-0.7061070104523256,1.5102616534878541,1.6455842035306316,0.9925279152401798,1.321986975540789,0.0,1.0,1.0,0.0,0.0,0.0,1.0,0.0,1.0,0.0,0.0,1.0,1.0,0.0,0.0,0.0,0
-0.40073527264630954,-0.3842290658476521,0.17123339368634766,0.3599164719703586,0.9925279152401798,-1.6087718308067445,0.0,0.0,0.0,0.0,0.0,0.0,1.0,0.0,0.0,0.0,0.0,1.0,0.0,0.0,0.0,1.0,1
0.5031843571381722,0.3814883883095584,0.6147707242428502,-0.04929843546212714,0.9925279152401798,-0.6992259943540615,0.0,1.0,0.0,0.0,0.0,1.0,0.0,0.0,1.0,0.0,0.0,0.0,1.0,0.0,0.0,1.0,0
0.5789969712491292,1.2974574611396543,-0.16036757071452815,-0.13887781818366737,0.9925279152401798,0.41244113908810626,1.0,0.0,1.0,0.0,0.0,0.0,0.0,0.0,1.0,0.0,0.0,1.0,0.0,0.0,1.0,0.0,0
-0.5909957753670748,-1.2247579954110277,0.9177563769949191,-0.8595846700796875,-1.0075283371329782,-0.19392275188034908,0.0,0.0,1.0,0.0,0.0,1.0,0.0,1.0,0.0,0.0,0.0,1.0,0.0,1.0,0.0,0.0,1
0.5367168595334025,-0.10824387506356697,-1.12908003270795,-0.1704341916423902,-1.0075283371329782,-0.9013472913435465,0.0,1.0,0.0,1.0,0.0,0.0,1.0,0.0,0.0,0.0,0.0,0.0,0.0,1.0,0.0,0.0,0
-0.04718606260963677,0.762461111806496,-0.02234077334969646,-0.48905176882241147,-1.0075283371329782,-1.9624841005383433,0.0,0.0,0.0,1.0,0.0,0.0,0.0,1.0,0.0,0.0,0.0,0.0,1.0,0.0,0.0,0.0,0
-0.21776444435928916,1.1855545819606859,0.543232445120833,-1.0560485435485172,-1.0075283371329782,1.1198656785513041,1.0,0.0,0.0,1.0,0.0,0.0,1.0,0.0,0.0,1.0,0.0,1.0,1.0,0.0,0.0,1.0,0
0.09496258884840687,0.7002229936114521,-1.158536971169957,0.8760158701501366,-1.0075283371329782,-0.5981653458593191,1.0,0.0,0.0,1.0,0.0,0.0,0.0,1.0,0.0,0.0,0.0,1.0,1.0,0.0,0.0,1.0,0
-0.041354323062640246,0.7184543615675757,-1.2233422357863712,2.0130632621951277,-1.0075283371329782,-0.6992259943540615,1.0,0.0,0.0,1.0,0.0,0.0,0.0,0.0,0.0,0.0,1.0,0.0,0.0,0.0,0.0,0.0,0
-0.5348652822272318,-0.829954578981858,-0.08967091840571165,-1.1303587133061581,-1.0075283371329782,-0.04233177913823491,0.0,1.0,1.0,0.0,0.0,0.0,0.0,0.0,1.0,0.0,0.0,1.0,0.0,1.0,1.0,1.0,0
0.6832393156516938,-0.6457548958389493,-0.7293072964378583,-0.9053923089713826,-1.0075283371329782,0.7156230845723341,0.0,1.0,0.0,1.0,0.0,0.0,0.0,0.0,0.0,0.0,0.0,1.0,0.0,1.0,1.0,0.0,0
0.2232608588823326,0.10550319752547331,-1.0777407971027382,0.7100904226091027,-1.0075283371329782,-1.356120209569888,0.0,0.0,0.0,1.0,0.0,1.0,0.0,0.0,0.0,0.0,0.0,1.0,1.0,0.0,1.0,1.0,0
-0.8009383990589546,-0.9211114187624786,0.447286988416011,-1.0906587596000212,-1.0075283371329782,-1.356120209569888,0.0,0.0,1.0,0.0,0.0,0.0,0.0,0.0,0.0,0.0,0.0,1.0,0.0,0.0,0.0,0.0,1
-1.0640956461171784,0.8284712371648761,-0.35394173775057225,-1.5222685127128923,0.9925279152401798,0.5135017875828488,1.0,0.0,1.0,0.0,0.0,1.0,0.0,0.0,0.0,0.0,0.0,0.0,1.0,0.0,0.0,0.0,1
-1.7121477032771817,-0.4338938268315767,0.718290822266473,-0.13582397559088752,0.9925279152401798,-0.6992259943540615,0.0,0.0,0.0,1.0,0.0,1.0,0.0,0.0,0.0,0.0,1.0,0.0,0.0,0.0,1.0,0.0,1
0.7714443763000188,1.1899552569845775,0.3984726332504,-0.30480326572469985,-1.0075283371329782,-0.24445307612772016,0.0,1.0,1.0,0.0,0.0,0.0,0.0,0.0,1.0,0.0,1.0,0.0,1.0,0.0,1.0,0.0,0
-0.47800582164401434,-0.29495822964870005,0.13083530665273926,0.5604521355628952,-1.0075283371329782,1.1703960027986753,1.0,0.0,1.0,0.0,0.0,0.0,1.0,1.0,0.0,0.0,0.0,1.0,1.0,0.0,1.0,1.0,0
-0.608490994008065,0.30101890215839006,-0.9312977316059046,1.4939100214225713,0.9925279152401798,-1.6593021550541156,0.0,0.0,1.0,0.0,0.0,1.0,0.0,0.0,1.0,0.0,1.0,0.0,1.0,0.0,0.0,0.0,1
0.27647548224867735,0.9252860876905009,0.21752286841235802,-1.139520241084497,0.9925279152401798,0.1092591936038788,0.0,0.0,1.0,0.0,0.0,0.0,1.0,0.0,0.0,1.0,1.0,0.0,1.0,0.0,1.0,0.0,0
-1.3680750700043793,-1.2285300025743633,1.100389395459361,0.6245828300112694,0.9925279152401798,0.3619108148407351,0.0,1.0,0.0,0.0,0.0,1.0,0.0,0.0,1.0,0.0,1.0,0.0,1.0,0.0,1.0,0.0,1
1.5514395407108206,0.03194905784042092,-0.2066570454405385,0.2896780923364246,-1.0075283371329782,0.9682747058091904,0.0,0.0,1.0,0.0,0.0,0.0,0.0,0.0,0.0,0.0,1.0,0.0,0.0,0.0,0.0,1.0,0
1.494580080127603,-1.852168520245918,0.5440740719340337,0.7263775831039276,0.9925279152401798,1.4735779482829032,0.0,0.0,0.0,0.0,0.0,0.0,1.0,0.0,1.0,0.0,0.0,0.0,0.0,1.0,1.0,1.0,0
1.9261288066053555,-1.5095445362428968,-0.4263216436857888,0.7141622127328097,0.9925279152401798,0.2608501663459925,1.0,0.0,1.0,0.0,0.0,0.0,1.0,1.0,0.0,0.0,0.0,0.0,0.0,1.0,0.0,0.0,0
-0.4626975053331486,1.2691674074146342,-0.15195130258252668,1.1417001757219745,0.9925279152401798,0.6650927603249626,1.0,0.0,0.0,0.0,0.0,0.0,0.0,0.0,0.0,0.0,0.0,0.0,0.0,1.0,1.0,0.0,0
0.6876131203119416,-1.8986899419270622,-0.029915414668498484,0.33752162628997384,0.9925279152401798,1.7767598937671305,0.0,0.0,0.0,0.0,0.0,0.0,1.0,1.0,0.0,0.0,1.0,0.0,0.0,0.0,1.0,0.0,0
0.544735501410523,-0.4093757802698925,1.2729228921654003,0.07590911084184289,0.9925279152401798,0.008198545109136179,0.0,0.0,1.0,0.0,0.0,1.0,0.0,0.0,0.0,1.0,0.0,1.0,1.0,0.0,1.0,1.0,0
-1.1114785299365262,-1.8081617700069978,-0.25799628104575023,-1.1273048707133781,0.9925279152401798,0.3619108148407351,0.0,0.0,0.0,1.0,0.0,1.0,0.0,1.0,0.0,0.0,0.0,1.0,1.0,0.0,1.0,1.0,0
0.21159737978833953,-0.3018735761148161,-0.6771264340194466,1.9886325214528904,-1.0075283371329782,-1.1034685883330317,0.0,0.0,1.0,0.0,0.0,1.0,0.0,0.0,0.0,1.0,1.0,0.0,0.0,1.0,1.0,0.0,1
0.34062461726564025,-1.8056470985647735,-0.3749824080805771,0.5014111787691535,-1.0075283371329782,1.0188050300565614,1.0,0.0,0.0,1.0,0.0,0.0,1.0,0.0,0.0,0.0,1.0,0.0,0.0,0.0,0.0,0.0,0
0.5782680038057543,0.1004738546410254,0.26212908951196834,1.2811589874589153,-1.0075283371329782,-0.5981653458593191,1.0,0.0,0.0,1.0,0.0,1.0,0.0,0.0,1.0,0.0,0.0,0.0,0.0,0.0,1.0,0.0,1
0.8538176974013463,-0.797892518093502,-0.5828642309410246,-2.2724958430057836,0.9925279152401798,-1.0529382640856604,1.0,0.0,1.0,0.0,0.0,0.0,0.0,1.0,0.0,0.0,1.0,0.0,0.0,0.0,0.0,0.0,0
0.33187700794514596,2.065689586739089,0.45233674929521234,0.34159341641368085,-1.0075283371329782,-0.24445307612772016,0.0,1.0,1.0,0.0,0.0,0.0,0.0,0.0,1.0,0.0,0.0,0.0,0.0,0.0,1.0,1.0,0
-1.9359407083931783,-1.070105701714251,-0.09219579884531233,-1.0010793768784825,-1.0075283371329782,0.6145624360775915,0.0,0.0,0.0,0.0,0.0,1.0,0.0,0.0,0.0,1.0,0.0,0.0,0.0,1.0,0.0,1.0,0
-1.396504800295988,0.3745730418434424,0.684625749738466,0.8139210707636151,-1.0075283371329782,-1.0024079398382892,0.0,1.0,0.0,1.0,0.0,1.0,0.0,0.0,0.0,1.0,0.0,1.0,0.0,1.0,1.0,0.0,1
0.5126609339020415,0.4330391528751511,-0.9422388801775072,0.5115906540784189,-1.0075283371329782,0.1092591936038788,0.0,1.0,1.0,0.0,0.0,0.0,1.0,0.0,0.0,0.0,0.0,1.0,0.0,0.0,0.0,0.0,0
-0.5909957753670748,-0.0019990066296027066,-1.773766171619298,-0.11342912991050282,0.9925279152401798,0.6145624360775915,0.0,1.0,1.0,0.0,0.0,0.0,0.0,0.0,0.0,1.0,0.0,0.0,1.0,0.0,1.0,1.0,0
0.15546688664849703,0.09670184747768924,0.772996565124486,2.5515575060552904,0.9925279152401798,1.5241082725302741,0.0,1.0,0.0,0.0,0.0,0.0,0.0,1.0,0.0,0.0,0.0,1.0,0.0,0.0,1.0,1.0,0
-2.132032950660941,0.6832489613764403,0.08202095148712703,0.4301548516042925,-1.0075283371329782,0.7661534088197052,0.0,0.0,1.0,0.0,0.0,0.0,1.0,0.0,1.0,0.0,1.0,0.0,0.0,1.0,1.0,1.0,0
0.906303353324316,0.05269509723876979,-0.19066613598973503,0.3772215799961106,-1.0075283371329782,-0.7497563186014329,0.0,1.0,0.0,1.0,0.0,0.0,1.0,0.0,1.0,0.0,0.0,0.0,0.0,1.0,0.0,1.0,0
0.05559834690617901,-0.02023037458572717,-1.9547159364573394,1.1386463331291947,-1.0075283371329782,0.6650927603249626,0.0,1.0,1.0,0.0,0.0,0.0,0.0,0.0,0.0,0.0,0.0,0.0,0.0,1.0,0.0,0.0,0
-0.932152538866379,0.760575108224828,-0.6880675825910487,-1.0143126947805277,-1.0075283371329782,0.1597895178512499,0.0,0.0,0.0,1.0,0.0,0.0,1.0,0.0,0.0,1.0,0.0,0.0,1.0,0.0,1.0,1.0,0
-1.3819254514284962,0.9403741163438446,-1.2393331452371754,-0.38114933054419353,0.9925279152401798,0.1092591936038788,0.0,0.0,1.0,0.0,0.0,0.0,0.0,0.0,0.0,0.0,0.0,1.0,0.0,1.0,0.0,1.0,0
0.22471879376908252,-0.42572114464434846,-1.0651163949047355,-1.0733536515742692,-1.0075283371329782,1.7767598937671305,0.0,1.0,0.0,0.0,0.0,0.0,0.0,0.0,1.0,0.0,1.0,0.0,1.0,0.0,1.0,0.0,0
1.4413654567612593,-1.0531316694792388,-0.6535608832498411,-0.1205547626269882,-1.0075283371329782,-0.5981653458593191,0.0,1.0,1.0,0.0,0.0,0.0,1.0,0.0,0.0,0.0,0.0,0.0,0.0,1.0,0.0,0.0,0
-1.0815908647581687,-0.18997069693584756,0.7334401049040771,-1.5405915682695708,0.9925279152401798,1.0188050300565614,0.0,1.0,0.0,0.0,0.0,1.0,0.0,0.0,0.0,1.0,0.0,0.0,0.0,1.0,0.0,1.0,0
0.2582512961643128,0.020633036350413345,-1.3394867360079983,0.12375264479539215,0.9925279152401798,1.0188050300565614,0.0,0.0,0.0,0.0,0.0,0.0,1.0,0.0,0.0,0.0,0.0,0.0,0.0,1.0,0.0,1.0,0
-0.2658762956220113,1.4219336975297432,-1.137496300839952,-1.8256168769290138,-1.0075283371329782,-1.6087718308067445,1.0,0.0,1.0,0.0,0.0,0.0,1.0,0.0,0.0,0.0,1.0,0.0,0.0,1.0,1.0,1.0,0
-0.6361917568562993,-0.27861286527424367,-1.8133226318397069,-1.5690940991355147,0.9925279152401798,0.008198545109136179,1.0,0.0,0.0,1.0,0.0,0.0,1.0,0.0,1.0,0.0,0.0,0.0,0.0,0.0,0.0,0.0,0
-1.545943126187777,-0.5929467955522449,-0.6619771513818432,-1.0886228645381686,0.9925279152401798,-0.7497563186014329,1.0,0.0,0.0,0.0,0.0,0.0,1.0,0.0,1.0,0.0,1.0,0.0,0.0,1.0,1.0,0.0,0
-0.33658613762934564,-0.5483113774527687,0.45991139061401437,-1.1049100250329935,0.9925279152401798,-0.24445307612772016,1.0,0.0,0.0,0.0,0.0,1.0,0.0,0.0,0.0,1.0,1.0,0.0,0.0,0.0,0.0,1.0,0
-0.32565162597872754,0.1645979764177383,1.18539370359258,-0.843297509584861,-1.0075283371329782,0.008198545109136179,0.0,1.0,0.0,0.0,0.0,0.0,1.0,0.0,1.0,0.0,0.0,1.0,0.0,0.0,1.0,1.0,0
1.2328807679561289,0.09607317961713381,-0.453253701708195,0.42710100901151266,-1.0075283371329782,-0.9518776155909179,1.0,0.0,1.0,0.0,0.0,0.0,0.0,0.0,0.0,0.0,0.0,0.0,1.0,0.0,1.0,1.0,0
1.6425604711326431,-1.120399130558731,0.2713869844571704,0.42913690407336685,-1.0075283371329782,-0.19392275188034908,0.0,0.0,1.0,0.0,0.0,1.0,0.0,0.0,1.0,0.0,1.0,0.0,0.0,0.0,0.0,0.0,1
0.544006533967149,0.3104489200667304,-1.1433876885323533,-0.10833939225586875,-1.0075283371329782,0.6650927603249626,0.0,0.0,0.0,1.0,0.0,0.0,1.0,0.0,0.0,1.0,0.0,0.0,0.0,0.0,0.0,0.0,0
0.16931726807261394,-1.1480605164231954,-0.47766087929100054,0.3792574750579634,-1.0075283371329782,0.41244113908810626,0.0,1.0,1.0,0.0,0.0,0.0,0.0,1.0,0.0,0.0,1.0,0.0,0.0,1.0,1.0,0.0,0
0.818827260119366,0.23060810177611837,0.492734836328822,-0.8982666762548972,-1.0075283371329782,-0.14339242763297752,0.0,1.0,1.0,0.0,0.0,0.0,0.0,1.0,0.0,0.0,0.0,0.0,0.0,0.0,0.0,1.0,0
0.012589267747078433,0.28215886634171017,-1.9816479944797456,1.0388874750983892,-1.0075283371329782,0.6145624360775915,1.0,0.0,1.0,0.0,0.0,1.0,0.0,0.0,0.0,0.0,1.0,0.0,1.0,0.0,1.0,0.0,1
-1.0925253764087872,0.4424691707834906,0.9615209712813289,0.8688902374336498,0.9925279152401798,0.3113804905933636,0.0,1.0,0.0,1.0,0.0,1.0,0.0,1.0,0.0,0.0,0.0,1.0,0.0,0.0,0.0,1.0,0
0.7218745901505468,0.9560908128577447,-1.553259946560847,-1.1038920775020664,0.9925279152401798,-0.04233177913823491,0.0,1.0,0.0,1.0,0.0,1.0,0.0,0.0,1.0,0.0,0.0,1.0,1.0,0.0,1.0,1.0,0
1.394711540385286,0.9881528737461012,-1.2081929531487678,1.3860075831443535,0.9925279152401798,0.6145624360775915,0.0,1.0,1.0,0.0,0.0,0.0,1.0,1.0,0.0,0.0,1.0,0.0,1.0,0.0,1.0,1.0,0
-0.6310889847526772,1.0560490026861493,0.7469061339152798,-0.6977310126623606,-1.0075283371329782,0.7156230845723341,1.0,0.0,0.0,1.0,0.0,0.0,0.0,0.0,0.0,1.0,1.0,0.0,0.0,1.0,0.0,0.0,0
-1.2747672372524328,-0.3760563836604243,0.6964085251232688,-0.3709698552349268,0.9925279152401798,-0.9518776155909179,1.0,0.0,0.0,0.0,0.0,1.0,0.0,1.0,0.0,0.0,1.0,0.0,0.0,0.0,0.0,1.0,0
0.9208827021918079,-0.6030054813211412,-2.4260269518494475,-0.5430029879615205,0.9925279152401798,0.058728869356507264,0.0,0.0,0.0,0.0,0.0,0.0,0.0,0.0,1.0,0.0,0.0,1.0,0.0,0.0,1.0,0.0,0
-0.7834431804179645,1.0397036383116929,-0.43557953863099086,-1.2087406731875046,-1.0075283371329782,-1.8108931277962295,1.0,0.0,1.0,0.0,0.0,1.0,0.0,0.0,0.0,0.0,1.0,0.0,0.0,0.0,1.0,0.0,1
0.7364539390180386,-1.2637354027654997,1.2131673884281873,-0.443244129930715,-1.0075283371329782,0.3619108148407351,0.0,0.0,0.0,0.0,0.0,1.0,0.0,0.0,0.0,0.0,0.0,0.0,0.0,0.0,0.0,1.0,0
-0.20464303037854617,0.009317014860404873,0.11147788994913449,-0.8382077719302284,0.9925279152401798,0.058728869356507264,1.0,0.0,0.0,0.0,0.0,0.0,0.0,0.0,0.0,0.0,0.0,1.0,1.0,0.0,1.0,0.0,0
0.5666045247117611,-0.49864661646884456,-0.17635848016533162,-1.3095174787492363,0.9925279152401798,0.21031984209862142,1.0,0.0,0.0,1.0,0.0,0.0,0.0,0.0,0.0,0.0,1.0,0.0,0.0,0.0,1.0,1.0,0
-0.42697810060779445,0.8410445943759963,-0.3615163790693743,0.8393697590367797,-1.0075283371329782,-0.24445307612772016,0.0,1.0,1.0,0.0,0.0,0.0,0.0,0.0,1.0,0.0,0.0,1.0,0.0,0.0,0.0,1.0,0
0.6460619760395898,0.4594432030185033,-1.4110250151300148,-0.38522112066789904,-1.0075283371329782,0.1092591936038788,0.0,1.0,1.0,0.0,0.0,0.0,0.0,1.0,0.0,0.0,0.0,1.0,1.0,0.0,1.0,0.0,0
-1.2959072931102955,1.0742803706422737,1.3124793523858094,-2.5381801485776214,-1.0075283371329782,1.675699245272388,0.0,1.0,1.0,0.0,0.0,0.0,0.0,0.0,0.0,1.0,0.0,0.0,1.0,0.0,0.0,0.0,0
1.5762244337855564,0.7806924797626205,-1.7140106678820843,0.5054829688928605,-1.0075283371329782,1.0188050300565614,0.0,0.0,0.0,1.0,0.0,0.0,1.0,0.0,0.0,0.0,0.0,0.0,0.0,1.0,0.0,1.0,0
0.9216116696351818,-0.0541784390557508,-0.1931910164293357,0.426083061480587,0.9925279152401798,0.7661534088197052,0.0,1.0,1.0,0.0,0.0,0.0,1.0,1.0,0.0,0.0,0.0,0.0,1.0,0.0,0.0,0.0,0
0.08038323998091504,-1.1744645665665472,-0.0013001030196916382,1.0093669967015177,-1.0075283371329782,-0.9013472913435465,0.0,0.0,0.0,0.0,0.0,0.0,0.0,0.0,0.0,0.0,0.0,1.0,0.0,1.0,1.0,0.0,0
1.6884854200652426,-0.6771882888667494,0.182174542257951,0.866854342371797,0.9925279152401798,0.7156230845723341,0.0,0.0,1.0,0.0,0.0,0.0,1.0,0.0,1.0,0.0,1.0,0.0,0.0,0.0,0.0,1.0,0
-2.7116531890741546,0.9114553947582689,0.6425444090784563,0.5329675522278778,0.9925279152401798,0.4629714633354778,0.0,0.0,1.0,0.0,0.0,0.0,0.0,0.0,0.0,1.0,0.0,0.0,1.0,0.0,0.0,0.0,0
0.31000798464390766,0.5254533283768834,-0.4473623140157936,0.8973927682995941,-1.0075283371329782,-0.24445307612772016,1.0,0.0,0.0,0.0,0.0,1.0,0.0,0.0,0.0,1.0,0.0,1.0,0.0,0.0,1.0,1.0,0
0.12849509124363717,-0.44458118046102835,1.5094200266746547,0.21842176517156356,0.9925279152401798,0.008198545109136179,0.0,0.0,1.0,0.0,0.0,0.0,1.0,0.0,1.0,0.0,0.0,1.0,0.0,0.0,1.0,0.0,0
0.5738941991455065,0.9956968880727735,-0.26641254917775287,-1.0550305960175914,-1.0075283371329782,0.8166837330670763,1.0,0.0,1.0,0.0,0.0,0.0,1.0,1.0,0.0,0.0,0.0,0.0,1.0,0.0,1.0,1.0,0
-0.7885459525215865,1.2559653823429584,0.31262669830398065,-0.9440743151465937,0.9925279152401798,0.9682747058091904,0.0,0.0,1.0,0.0,0.0,1.0,0.0,0.0,1.0,0.0,1.0,0.0,1.0,0.0,0.0,0.0,1
1.3283755030381983,1.5137192051709192,-1.0314513223767279,0.051478370099603994,-1.0075283371329782,-0.29498340037509146,1.0,0.0,1.0,0.0,0.0,1.0,0.0,1.0,0.0,0.0,0.0,0.0,1.0,0.0,1.0,0.0,1
0.37561505454762045,0.1482526120432819,-1.3310704678759961,1.0317618423819024,0.9925279152401798,0.21031984209862142,1.0,0.0,1.0,0.0,0.0,0.0,1.0,0.0,0.0,0.0,0.0,1.0,0.0,1.0,0.0,1.0,0
-0.9059097109048941,0.9963255559333288,-0.5651900678638211,-1.075389546636122,-1.0075283371329782,0.4629714633354778,0.0,0.0,1.0,0.0,0.0,0.0,0.0,1.0,0.0,0.0,0.0,0.0,0.0,0.0,0.0,1.0,0
0.644604041152841,0.7140536865436841,0.06518841522312413,1.8786941881128196,0.9925279152401798,0.008198545109136179,0.0,0.0,0.0,1.0,0.0,0.0,0.0,0.0,0.0,1.0,0.0,1.0,1.0,0.0,0.0,0.0,0
-2.7116531890741546,-0.599233474157805,1.9723147739347608,0.8373338639749255,-1.0075283371329782,0.008198545109136179,0.0,0.0,0.0,1.0,0.0,0.0,1.0,0.0,0.0,1.0,1.0,0.0,0.0,0.0,0.0,1.0,0
-0.06322334636387748,0.2268360946127822,-1.1046728551251443,1.5264843424122227,-1.0075283371329782,0.4629714633354778,0.0,1.0,0.0,0.0,0.0,1.0,0.0,0.0,0.0,0.0,1.0,0.0,0.0,0.0,1.0,0.0,1
2.0522401743091585,0.3217649415567389,-1.5153867399668388,0.8749979226192095,-1.0075283371329782,0.21031984209862142,1.0,0.0,0.0,0.0,0.0,1.0,0.0,0.0,0.0,1.0,0.0,1.0,0.0,1.0,0.0,1.0,0
-0.9438160179603726,-0.23900679005921582,-0.5205838467642108,-0.24169051880725126,-1.0075283371329782,-1.4066505338172592,0.0,0.0,0.0,0.0,0.0,0.0,0.0,0.0,0.0,0.0,0.0,0.0,0.0,0.0,1.0,0.0,1
-1.466485674859948,0.11556188329437003,-1.1879939096319636,-0.27222894473504844,0.9925279152401798,0.5135017875828488,0.0,1.0,0.0,0.0,0.0,0.0,0.0,0.0,1.0,0.0,0.0,1.0,1.0,0.0,0.0,1.0,0
-1.390673060748991,-1.4913131682867724,-1.1610618516095574,-0.4921056114151913,0.9925279152401798,0.9177443815618189,0.0,1.0,1.0,0.0,0.0,1.0,0.0,1.0,0.0,0.0,1.0,0.0,0.0,1.0,1.0,1.0,0
-0.10623242552297806,-0.8356125897268618,-0.6628187781950432,-1.0397613830536923,-1.0075283371329782,-0.9518776155909179,0.0,0.0,0.0,1.0,0.0,1.0,0.0,1.0,0.0,0.0,0.0,0.0,0.0,1.0,1.0,0.0,1
1.65786878744351,1.891548589365077,0.3555496657771897,-1.0977843923165067,0.9925279152401798,0.56403211183022,0.0,1.0,1.0,0.0,0.0,1.0,0.0,1.0,0.0,0.0,1.0,0.0,0.0,0.0,1.0,0.0,1
-0.7382471989287406,0.17528533004718955,1.6819535233806941,-0.2396546237453985,0.9925279152401798,0.56403211183022,0.0,0.0,1.0,0.0,0.0,1.0,0.0,1.0,0.0,0.0,0.0,1.0,0.0,1.0,1.0,1.0,0
-1.27112240003556,-1.053760337339795,0.09717023412473107,0.7640416417482117,0.9925279152401798,1.1198656785513041,0.0,1.0,1.0,0.0,0.0,1.0,0.0,0.0,0.0,1.0,0.0,0.0,0.0,1.0,0.0,1.0,0
-0.35772619348720897,1.9355553396039964,1.4437731352450396,-0.02181385212710982,-1.0075283371329782,-0.8002866428488041,0.0,0.0,0.0,1.0,0.0,0.0,0.0,1.0,0.0,0.0,0.0,0.0,0.0,0.0,1.0,0.0,0
-1.9177165223088137,0.7454870795714842,1.6070487370058768,-2.239921522016133,0.9925279152401798,0.008198545109136179,0.0,0.0,0.0,0.0,0.0,1.0,0.0,1.0,0.0,0.0,1.0,0.0,1.0,0.0,1.0,1.0,0
-0.3723055423547008,-0.5300800094966447,1.8654281686583367,0.5930264565525466,-1.0075283371329782,0.3113804905933636,0.0,0.0,0.0,0.0,0.0,0.0,1.0,0.0,0.0,0.0,0.0,1.0,0.0,0.0,0.0,1.0,0
0.6249219201817275,1.2628807288090744,0.08538745873992833,-0.9735947935434638,0.9925279152401798,-0.8508169670961755,1.0,0.0,1.0,0.0,0.0,1.0,0.0,0.0,0.0,0.0,0.0,0.0,0.0,1.0,1.0,1.0,0
1.5346732895132058,0.7008516614720075,0.10895300950953382,-0.987846058976436,0.9925279152401798,0.8166837330670763,0.0,0.0,0.0,1.0,0.0,0.0,1.0,0.0,0.0,1.0,0.0,1.0,1.0,0.0,0.0,1.0,0
0.607426701540738,-0.43452249469213255,0.09296210005873035,0.5543444503773355,0.9925279152401798,-1.0529382640856604,1.0,0.0,0.0,1.0,0.0,1.0,0.0,0.0,1.0,0.0,1.0,0.0,0.0,1.0,1.0,0.0,1
-1.2244684836595867,0.22369275531000238,0.8133946521580956,-1.1018561824402135,-1.0075283371329782,1.0693353543039326,1.0,0.0,0.0,1.0,0.0,0.0,0.0,0.0,1.0,0.0,0.0,1.0,1.0,0.0,1.0,1.0,0
-0.40146424008968346,0.380859720449003,0.2469798068743655,-0.351628852147322,-1.0075283371329782,0.3113804905933636,0.0,1.0,1.0,0.0,0.0,0.0,1.0,0.0,1.0,0.0,0.0,0.0,0.0,1.0,1.0,1.0,0
-0.013653560214406469,-0.0328037317968465,-0.9060489272098989,1.1030181695467633,-1.0075283371329782,0.21031984209862142,1.0,0.0,0.0,1.0,0.0,0.0,1.0,0.0,0.0,1.0,0.0,1.0,1.0,0.0,0.0,1.0,0
0.08694394697128652,-0.6048914849028092,0.17039176687314822,1.659835468963604,0.9925279152401798,0.7661534088197052,0.0,1.0,1.0,0.0,0.0,0.0,0.0,1.0,0.0,0.0,1.0,0.0,1.0,0.0,1.0,0.0,0
0.8180982926759911,-1.3768956176655802,2.517688948888486,-0.9766486361362436,0.9925279152401798,0.008198545109136179,1.0,0.0,0.0,1.0,0.0,1.0,0.0,1.0,0.0,0.0,0.0,0.0,0.0,0.0,0.0,0.0,1
-0.12883041626759026,-1.4190163643228322,-0.3068106362113613,0.5034470738310063,-1.0075283371329782,0.1092591936038788,0.0,0.0,1.0,0.0,0.0,0.0,0.0,0.0,0.0,1.0,0.0,1.0,0.0,0.0,1.0,0.0,0
0.2648120031546843,-0.7161656962212214,-1.2906723808423872,-0.5725234663583906,0.9925279152401798,0.3113804905933636,0.0,0.0,0.0,0.0,0.0,0.0,1.0,0.0,0.0,0.0,0.0,0.0,0.0,1.0,1.0,1.0,0
0.7874816600542596,-0.9808348655152985,-0.30933551665096193,-0.6529413213015912,-1.0075283371329782,-0.04233177913823491,0.0,1.0,0.0,0.0,0.0,0.0,1.0,1.0,0.0,0.0,1.0,0.0,0.0,1.0,1.0,1.0,0
0.8093506833554968,0.6285548575080678,0.9076568552365164,1.237387243629073,-1.0075283371329782,1.1198656785513041,0.0,0.0,0.0,0.0,0.0,0.0,0.0,0.0,0.0,0.0,0.0,0.0,1.0,0.0,0.0,1.0,0
0.8851632974664527,-0.02966039249406667,-0.27903695137575507,0.07081937318720882,0.9925279152401798,2.231532811993472,0.0,0.0,1.0,0.0,0.0,1.0,0.0,0.0,0.0,0.0,0.0,0.0,0.0,0.0,0.0,1.0,0
-2.6678240215412585,-0.631295535046161,-1.8453044507413139,-1.321732849120355,-1.0075283371329782,-0.09286210338560645,0.0,0.0,0.0,0.0,0.0,0.0,0.0,1.0,0.0,0.0,1.0,0.0,0.0,1.0,1.0,1.0,0
1.0623023862064767,-0.3006162403937039,0.21247310753315787,-0.7130002256262584,-1.0075283371329782,-1.6087718308067445,1.0,0.0,1.0,0.0,0.0,0.0,1.0,0.0,0.0,0.0,0.0,1.0,0.0,0.0,1.0,0.0,1
0.28668102645592153,1.150977849630106,0.23267215104996208,0.27746272196530514,-1.0075283371329782,-0.4971046973645765,0.0,0.0,0.0,1.0,0.0,0.0,1.0,0.0,0.0,0.0,1.0,0.0,1.0,0.0,1.0,0.0,0
0.706566273839681,-0.2478081401069999,-0.49785992280780533,-1.7798092380373172,-1.0075283371329782,-2.114075073280457,1.0,0.0,0.0,1.0,0.0,0.0,0.0,1.0,0.0,0.0,0.0,1.0,0.0,0.0,1.0,0.0,1
0.8640232416085905,1.7111209133855039,-1.4185996564488161,-1.994596167062826,-1.0075283371329782,-0.44657437311720516,0.0,0.0,1.0,0.0,0.0,1.0,0.0,0.0,0.0,0.0,0.0,1.0,0.0,1.0,1.0,0.0,1
-0.7156492081841284,0.24255279112668227,0.3715405752279944,1.358522999809336,-1.0075283371329782,1.8272902180145016,0.0,1.0,0.0,0.0,0.0,1.0,0.0,0.0,1.0,0.0,1.0,0.0,0.0,1.0,1.0,0.0,1
2.0522401743091585,-0.603634149181697,0.1796496618183503,-1.0285639602135,0.9925279152401798,-0.4971046973645765,0.0,1.0,1.0,0.0,0.0,0.0,0.0,0.0,0.0,0.0,0.0,0.0,1.0,0.0,0.0,1.0,0
-1.202599460358349,1.5124618694498073,-1.010410652046723,1.3636127374639686,0.9925279152401798,0.8672140573144478,1.0,0.0,0.0,0.0,0.0,0.0,0.0,0.0,0.0,0.0,0.0,1.0,0.0,0.0,1.0,1.0,0
-0.25275488164126936,-0.4508678590665885,-0.6417781078650383,0.155309018254115,-1.0075283371329782,0.21031984209862142,0.0,0.0,1.0,0.0,0.0,0.0,0.0,1.0,0.0,0.0,0.0,0.0,0.0,1.0,0.0,0.0,0
0.24877471940044357,1.4106176760397346,0.9834032684245343,-0.8015616608168715,-1.0075283371329782,-0.44657437311720516,0.0,1.0,0.0,0.0,0.0,0.0,0.0,0.0,0.0,0.0,0.0,0.0,1.0,0.0,0.0,0.0,0
0.6205481155214798,0.05583843654154962,-0.5542489192922184,0.12680648738817202,-1.0075283371329782,-0.6992259943540615,1.0,0.0,1.0,0.0,0.0,0.0,1.0,1.0,0.0,0.0,0.0,0.0,1.0,0.0,1.0,1.0,0
-0.4816506588608881,0.30667691290339427,-0.5651900678638211,-0.12869834287440068,-1.0075283371329782,0.9177443815618189,0.0,1.0,0.0,1.0,0.0,0.0,0.0,0.0,1.0,0.0,0.0,1.0,1.0,0.0,1.0,1.0,0
0.5709783293720089,-0.49864661646884456,-1.4699388920540284,1.4053485862319584,-1.0075283371329782,-0.04233177913823491,1.0,0.0,0.0,0.0,0.0,0.0,1.0,0.0,0.0,1.0,0.0,1.0,0.0,1.0,0.0,0.0,0
-2.005192615513763,-1.4089576785539364,0.9118649893025171,0.38434721271259603,0.9925279152401798,0.1092591936038788,0.0,0.0,0.0,0.0,0.0,0.0,0.0,0.0,0.0,0.0,0.0,1.0,1.0,0.0,1.0,1.0,1
0.4149792964898483,-0.9330561081130424,1.4235740917282353,-0.3343237441215699,0.9925279152401798,0.6650927603249626,0.0,1.0,1.0,0.0,0.0,0.0,1.0,0.0,0.0,0.0,0.0,1.0,0.0,0.0,1.0,0.0,0
-0.0027190485637873275,-0.25409481871255957,0.6972501519364682,0.6520674133462881,-1.0075283371329782,0.2608501663459925,0.0,0.0,0.0,1.0,0.0,0.0,1.0,1.0,0.0,0.0,0.0,1.0,0.0,1.0,0.0,1.0,0
-0.5589212078585929,0.3695436989589945,1.1694027941417764,1.2149923979486883,-1.0075283371329782,0.21031984209862142,0.0,1.0,1.0,0.0,0.0,1.0,0.0,1.0,0.0,0.0,1.0,0.0,0.0,0.0,1.0,0.0,1
0.04174796548206212,1.3942723116652782,0.07023817610232427,-1.0865869694763144,-1.0075283371329782,-0.6486956701066902,1.0,0.0,1.0,0.0,0.0,1.0,0.0,1.0,0.0,0.0,1.0,0.0,0.0,1.0,1.0,0.0,1
2.0522401743091585,0.6071801502491635,0.10474487544353309,1.0470310553458018,0.9925279152401798,0.7661534088197052,0.0,0.0,1.0,0.0,0.0,0.0,0.0,1.0,0.0,0.0,1.0,0.0,0.0,0.0,1.0,0.0,0
2.0522401743091585,0.6920503114242235,-0.6013800208314294,-0.06151380583324659,0.9925279152401798,-0.8002866428488041,0.0,0.0,0.0,0.0,0.0,0.0,0.0,1.0,0.0,0.0,1.0,0.0,0.0,0.0,1.0,0.0,0
-0.8053122037192022,-0.9292841009497063,-0.10986996192251705,0.29273193492920446,0.9925279152401798,-0.7497563186014329,0.0,0.0,0.0,1.0,0.0,0.0,0.0,0.0,1.0,0.0,0.0,0.0,0.0,1.0,0.0,1.0,0
0.33406391027526977,0.9196280769454966,1.591899454368274,1.432833169566977,0.9925279152401798,-0.34551372462246277,1.0,0.0,1.0,0.0,0.0,0.0,1.0,1.0,0.0,0.0,0.0,1.0,0.0,0.0,0.0,0.0,0
-0.29576396080036893,-1.7553536697202936,0.8706252754557081,0.584882876305134,-1.0075283371329782,-0.29498340037509146,1.0,0.0,0.0,0.0,0.0,0.0,0.0,1.0,0.0,0.0,0.0,1.0,0.0,1.0,1.0,0.0,0
0.20941047745821573,-1.0933664125548228,-0.2992359948925604,0.5024291263000806,-1.0075283371329782,-0.29498340037509146,0.0,0.0,1.0,0.0,0.0,0.0,1.0,1.0,0.0,0.0,0.0,0.0,0.0,1.0,1.0,0.0,0
1.9924648439524433,-0.18494135405139964,1.1264798266685674,0.9717029380572351,0.9925279152401798,-1.8614234520436008,0.0,0.0,1.0,0.0,0.0,0.0,1.0,0.0,1.0,0.0,0.0,0.0,1.0,0.0,1.0,1.0,0
-0.018756332318028042,0.915227401921605,-1.475830279746429,1.748396904154217,0.9925279152401798,-1.8614234520436008,0.0,0.0,0.0,1.0,0.0,0.0,1.0,0.0,0.0,0.0,0.0,0.0,0.0,0.0,1.0,0.0,1
0.519221640892413,-1.120399130558731,-0.23611398390254598,-0.4320467070905226,0.9925279152401798,0.41244113908810626,0.0,1.0,1.0,0.0,0.0,0.0,1.0,0.0,0.0,0.0,0.0,0.0,1.0,0.0,0.0,0.0,0
1.6848405828483688,0.8366439193521048,0.058455400717521526,-1.3634686978883452,0.9925279152401798,-0.6486956701066902,1.0,0.0,0.0,1.0,0.0,0.0,1.0,0.0,1.0,0.0,0.0,0.0,1.0,0.0,1.0,1.0,0
-0.029690843968647185,0.3519409988634264,0.6055128292976469,0.2896780923364246,0.9925279152401798,1.1703960027986753,0.0,1.0,1.0,0.0,0.0,1.0,0.0,1.0,0.0,0.0,0.0,0.0,0.0,0.0,1.0,1.0,0
-2.0810052296247203,0.80583919418486,1.5329855774442602,1.974381256019918,0.9925279152401798,0.5135017875828488,1.0,0.0,1.0,0.0,0.0,1.0,0.0,0.0,0.0,1.0,0.0,0.0,1.0,0.0,0.0,1.0,0
-1.0137968925243326,-1.0977670875787149,-0.5769728432486233,-1.5894530497540464,-1.0075283371329782,0.058728869356507264,1.0,0.0,0.0,1.0,0.0,0.0,1.0,0.0,1.0,0.0,0.0,0.0,0.0,0.0,1.0,1.0,0
-0.8512371526518006,-1.4051856713906001,-1.2006183118299665,-0.37504164535863377,0.9925279152401798,1.3725172997881605,0.0,1.0,1.0,0.0,0.0,1.0,0.0,0.0,0.0,1.0,1.0,0.0,0.0,1.0,0.0,0.0,1
0.011860300303704515,0.4330391528751511,1.3503525589798182,-0.45749539536368716,-1.0075283371329782,1.0693353543039326,0.0,1.0,0.0,0.0,0.0,0.0,1.0,0.0,0.0,0.0,1.0,0.0,0.0,0.0,0.0,1.0,0
-0.012924592771031513,0.47578856739295877,-1.6365810010676662,-0.22947514843613182,0.9925279152401798,-1.0529382640856604,1.0,0.0,1.0,0.0,0.0,1.0,0.0,0.0,0.0,0.0,1.0,0.0,0.0,0.0,0.0,0.0,1
-0.7404341012588644,0.7002229936114521,1.3251037545838127,-1.063174176265004,-1.0075283371329782,0.1597895178512499,0.0,0.0,0.0,1.0,0.0,1.0,0.0,1.0,0.0,0.0,0.0,0.0,0.0,0.0,1.0,1.0,0
1.3101513169538337,0.6304408610897358,-0.7915876806146728,-0.20402646016296724,0.9925279152401798,-0.44657437311720516,1.0,0.0,0.0,0.0,0.0,1.0,0.0,0.0,0.0,1.0,0.0,1.0,1.0,0.0,0.0,0.0,1
-1.4912705679346834,1.5363512481509352,1.0549415475465502,-0.2651033120185631,0.9925279152401798,-0.19392275188034908,0.0,1.0,1.0,0.0,0.0,0.0,0.0,0.0,0.0,0.0,0.0,0.0,0.0,1.0,0.0,0.0,0
2.0522401743091585,0.37331570612233067,-0.3438422159921696,-0.21624183053408672,-1.0075283371329782,-0.44657437311720516,0.0,1.0,1.0,0.0,0.0,0.0,0.0,0.0,0.0,0.0,0.0,0.0,1.0,0.0,1.0,0.0,0
-0.8111439432661988,-1.625219422585201,-0.6400948542386378,-0.3231263212813776,-1.0075283371329782,0.41244113908810626,0.0,0.0,0.0,1.0,0.0,1.0,0.0,0.0,1.0,0.0,0.0,0.0,1.0,0.0,0.0,0.0,1
-0.0457281277228879,-0.1824266826091757,0.4363458398444089,1.024636209665417,0.9925279152401798,-0.34551372462246277,0.0,0.0,1.0,0.0,0.0,0.0,1.0,1.0,0.0,0.0,0.0,1.0,0.0,0.0,0.0,1.0,0
0.23200846820282792,-0.7142796926395534,-0.5601403069846197,-1.5823274170375603,-1.0075283371329782,1.6251689210250169,0.0,0.0,1.0,0.0,0.0,0.0,0.0,0.0,1.0,0.0,1.0,0.0,0.0,1.0,0.0,0.0,0
0.0016547560964603287,-0.08183982492021477,0.3218845932491827,0.8800876602738421,0.9925279152401798,-0.04233177913823491,0.0,1.0,1.0,0.0,0.0,0.0,1.0,0.0,0.0,1.0,0.0,0.0,0.0,0.0,0.0,0.0,0
0.41279239415972446,0.9139700662004924,-0.9809537135847162,-0.27833662992060815,0.9925279152401798,-1.8108931277962295,0.0,0.0,0.0,0.0,0.0,1.0,0.0,1.0,0.0,0.0,1.0,0.0,1.0,0.0,0.0,1.0,0
-1.2995521303271682,-0.5690574168511171,0.3951061259975987,-0.6315644231521321,-1.0075283371329782,-0.09286210338560645,1.0,0.0,1.0,0.0,0.0,0.0,1.0,0.0,0.0,1.0,1.0,0.0,0.0,1.0,0.0,1.0,0
-1.396504800295988,1.3288908541674544,-0.2975527412661592,0.687695576928718,-1.0075283371329782,-1.5077111823120017,0.0,0.0,0.0,0.0,0.0,0.0,0.0,0.0,0.0,1.0,1.0,0.0,1.0,0.0,1.0,1.0,0
-0.13247525348446296,1.7664436851144318,0.5163003870984274,0.4474599596300446,-1.0075283371329782,1.5746385967776453,0.0,0.0,0.0,0.0,0.0,1.0,0.0,1.0,0.0,0.0,0.0,0.0,0.0,1.0,0.0,1.0,0
0.7043793715095572,0.6543302397908637,-0.9052073003966989,1.1020002220158378,0.9925279152401798,-2.1646053975278283,1.0,0.0,1.0,0.0,0.0,1.0,0.0,0.0,0.0,1.0,0.0,1.0,0.0,1.0,0.0,0.0,1
2.0522401743091585,1.242763357271282,-0.730990550064259,0.2530319812230677,-1.0075283371329782,0.008198545109136179,0.0,0.0,0.0,1.0,0.0,0.0,0.0,0.0,1.0,0.0,0.0,1.0,1.0,0.0,0.0,0.0,0
0.5359878920900286,1.137147156697874,0.18469942269755046,1.1600232312786523,0.9925279152401798,0.3619108148407351,1.0,0.0,0.0,0.0,0.0,0.0,0.0,1.0,0.0,0.0,0.0,0.0,0.0,1.0,1.0,0.0,0
0.6978186645191857,-0.4037177695248883,-0.7764383979770694,0.9289491417583184,-1.0075283371329782,-0.29498340037509146,0.0,0.0,0.0,1.0,0.0,1.0,0.0,1.0,0.0,0.0,0.0,0.0,0.0,1.0,1.0,0.0,1
1.1534233166282992,1.1170297851600814,0.38668985786559723,1.1925975522683037,-1.0075283371329782,1.2714566512934178,0.0,1.0,0.0,0.0,0.0,0.0,0.0,1.0,0.0,0.0,0.0,1.0,0.0,1.0,1.0,1.0,0
-1.385570288645369,-0.647012231560061,-0.24116374478174613,-0.1337880805290333,0.9925279152401798,0.7156230845723341,1.0,0.0,0.0,1.0,0.0,1.0,0.0,0.0,0.0,1.0,0.0,1.0,1.0,0.0,0.0,1.0,0
0.059243184123051705,2.1493024121930375,-1.2359666379843748,-0.2030085126320416,0.9925279152401798,-0.34551372462246277,1.0,0.0,0.0,1.0,0.0,0.0,1.0,0.0,0.0,1.0,0.0,1.0,0.0,1.0,1.0,1.0,0
-0.021672202091526826,0.19414536586387035,-0.43221303137819017,-0.09714196941567639,-1.0075283371329782,0.41244113908810626,0.0,1.0,1.0,0.0,0.0,0.0,1.0,1.0,0.0,0.0,0.0,0.0,0.0,1.0,1.0,0.0,0
0.22253189143895868,0.3953190812417904,-1.3512695113928008,-1.0764074941670492,0.9925279152401798,-0.7497563186014329,0.0,0.0,0.0,0.0,0.0,0.0,1.0,0.0,0.0,0.0,1.0,0.0,1.0,0.0,1.0,0.0,0
0.34062461726564025,0.4267524742695905,0.9581544640285287,-0.6661746392036363,-1.0075283371329782,1.8272902180145016,1.0,0.0,0.0,1.0,0.0,0.0,0.0,0.0,0.0,0.0,0.0,1.0,1.0,0.0,1.0,0.0,0
1.0141905349437543,1.431992383298639,-1.0205101738051252,0.3059652528312496,0.9925279152401798,-1.4571808580646306,0.0,0.0,0.0,1.0,0.0,1.0,0.0,1.0,0.0,0.0,0.0,0.0,0.0,1.0,0.0,0.0,1
0.7801919856205131,-1.1769792380087711,1.9260252992087505,-0.6437797935232515,0.9925279152401798,-1.4571808580646306,1.0,0.0,1.0,0.0,0.0,0.0,1.0,0.0,0.0,1.0,0.0,0.0,1.0,0.0,1.0,0.0,0
1.1220777165631919,1.0252442775189055,-0.8782752423742928,0.9401465645985108,-1.0075283371329782,-1.356120209569888,0.0,0.0,1.0,0.0,0.0,0.0,0.0,0.0,1.0,0.0,0.0,1.0,1.0,0.0,1.0,0.0,0
1.5973644896434198,0.22306408744944606,2.2862415752584333,0.6113495121092243,0.9925279152401798,0.4629714633354778,1.0,0.0,0.0,1.0,0.0,1.0,0.0,1.0,0.0,0.0,1.0,0.0,1.0,0.0,0.0,1.0,0
0.8509018276278475,2.1090676691174535,-0.8117867241314776,0.8118851757017609,-1.0075283371329782,-2.114075073280457,1.0,0.0,1.0,0.0,0.0,1.0,0.0,0.0,1.0,0.0,0.0,0.0,0.0,1.0,1.0,1.0,0
-0.2986798305738677,0.03572106500375708,-1.8293135412905104,0.9930798362066927,0.9925279152401798,-0.04233177913823491,0.0,1.0,0.0,1.0,0.0,0.0,1.0,0.0,0.0,0.0,0.0,1.0,0.0,0.0,0.0,0.0,0
1.130096358440312,0.6782196184919915,-0.7166828942398555,0.3588985244394315,0.9925279152401798,-1.911953776290972,1.0,0.0,1.0,0.0,0.0,0.0,1.0,0.0,0.0,1.0,0.0,0.0,0.0,1.0,0.0,0.0,0
2.0522401743091585,0.18660135153719803,0.04498937170631873,-0.6376721083376918,0.9925279152401798,0.5135017875828488,0.0,0.0,0.0,0.0,0.0,0.0,1.0,1.0,0.0,0.0,1.0,0.0,0.0,1.0,0.0,0.0,0
1.2664132703513593,-1.3259735209605439,-0.18729962873693373,-0.5959362595697023,0.9925279152401798,-0.09286210338560645,0.0,1.0,0.0,0.0,0.0,0.0,1.0,1.0,0.0,0.0,1.0,0.0,1.0,0.0,0.0,0.0,0
-0.2760818398292555,1.381698954454159,-0.6114795425898315,-2.5381801485776214,-1.0075283371329782,-0.8508169670961755,0.0,1.0,0.0,1.0,0.0,0.0,1.0,0.0,0.0,0.0,0.0,1.0,0.0,0.0,0.0,0.0,0
0.030813453831442978,-0.17362533256139162,0.3058936837983792,1.0276900522581969,0.9925279152401798,0.2608501663459925,0.0,1.0,0.0,0.0,0.0,0.0,1.0,0.0,0.0,0.0,1.0,0.0,1.0,0.0,1.0,0.0,0
-0.18641884429418165,0.899510705407705,0.0845458319267277,0.44949585469189735,-1.0075283371329782,1.1703960027986753,0.0,0.0,0.0,0.0,0.0,0.0,1.0,0.0,0.0,1.0,0.0,0.0,0.0,0.0,0.0,1.0,0
-0.4736320169837677,-0.5916894598311332,-1.3563192722720023,-1.3532892225790794,-1.0075283371329782,1.1198656785513041,1.0,0.0,1.0,0.0,0.0,1.0,0.0,0.0,0.0,1.0,0.0,0.0,1.0,0.0,1.0,1.0,0
-0.2345306955569048,-0.26541084020256756,0.20237358577475517,2.021206842442542,-1.0075283371329782,-1.0529382640856604,0.0,0.0,1.0,0.0,0.0,0.0,0.0,1.0,0.0,0.0,0.0,0.0,1.0,0.0,1.0,1.0,0
0.8479859578543497,1.5350939124298235,1.2030678666697845,-0.4798902410440719,0.9925279152401798,0.7156230845723341,0.0,1.0,0.0,0.0,0.0,0.0,0.0,0.0,1.0,0.0,0.0,0.0,0.0,1.0,1.0,0.0,0
-1.6173819356384864,-1.3071134851438637,-0.6788096876458467,0.027047629357366536,0.9925279152401798,0.8672140573144478,1.0,0.0,1.0,0.0,0.0,0.0,1.0,0.0,0.0,1.0,0.0,0.0,0.0,1.0,1.0,0.0,1
-0.5742295241694597,0.41355044919791484,-1.6508886568920698,-0.6040798398171148,-1.0075283371329782,1.0693353543039326,0.0,0.0,0.0,1.0,0.0,0.0,0.0,1.0,0.0,0.0,0.0,0.0,0.0,0.0,0.0,0.0,0
-0.9737036831387302,-1.9898467817076826,0.12241903852073661,0.791526225083229,-1.0075283371329782,-1.6087718308067445,1.0,0.0,1.0,0.0,0.0,0.0,0.0,0.0,0.0,0.0,0.0,0.0,1.0,0.0,1.0,0.0,0
0.7787340507337642,0.833500580049324,-1.1442293153455534,-0.7231797009355251,0.9925279152401798,1.1703960027986753,0.0,1.0,1.0,0.0,0.0,1.0,0.0,1.0,0.0,0.0,1.0,0.0,0.0,1.0,0.0,0.0,1
0.18389661694010576,-0.592318127691689,0.30926019105117936,-0.32821605893601163,0.9925279152401798,-0.6486956701066902,0.0,0.0,0.0,0.0,0.0,0.0,0.0,0.0,0.0,0.0,1.0,0.0,1.0,0.0,1.0,1.0,0
0.007486495643456858,1.6117913914176556,0.9430051813909247,-0.5979721546315551,0.9925279152401798,-0.9013472913435465,1.0,0.0,1.0,0.0,0.0,0.0,1.0,0.0,0.0,0.0,1.0,0.0,0.0,0.0,1.0,1.0,0
0.7400987762349113,-1.9546413815165464,2.6826478042757236,0.01585020651717419,-1.0075283371329782,-1.9624841005383433,0.0,0.0,0.0,0.0,0.0,0.0,0.0,0.0,1.0,0.0,0.0,1.0,0.0,1.0,1.0,1.0,0
-0.7346023617118673,1.8299391390305884,0.9539463299625268,-0.10935733978679585,-1.0075283371329782,1.321986975540789,1.0,0.0,0.0,1.0,0.0,1.0,0.0,0.0,0.0,0.0,0.0,0.0,0.0,1.0,1.0,0.0,1
-0.5224728356898638,-0.01394369598016661,-0.5744479628090232,-0.5531824632707857,-1.0075283371329782,-0.8002866428488041,1.0,0.0,0.0,1.0,0.0,1.0,0.0,0.0,1.0,0.0,0.0,1.0,0.0,1.0,0.0,1.0,0
0.59357632011662,0.1193338904577053,-0.324484799288566,0.29680372505291,0.9925279152401798,0.56403211183022,0.0,1.0,0.0,1.0,0.0,0.0,0.0,1.0,0.0,0.0,1.0,0.0,0.0,1.0,0.0,0.0,0
-0.5093514217091218,-1.7408943089275057,0.494418089955222,0.5553623979082626,0.9925279152401798,-1.4066505338172592,0.0,1.0,0.0,1.0,0.0,0.0,0.0,1.0,0.0,0.0,0.0,0.0,1.0,0.0,0.0,0.0,0
0.20941047745821573,0.559401392846907,-1.4244910441412175,0.028065576888292195,0.9925279152401798,0.7661534088197052,1.0,0.0,0.0,1.0,0.0,0.0,1.0,0.0,1.0,0.0,0.0,0.0,1.0,0.0,0.0,0.0,0
1.7016068340459845,1.012042252447229,-2.0094216793153516,-0.6010259972243349,0.9925279152401798,-1.558241506559373,0.0,0.0,0.0,1.0,0.0,1.0,0.0,0.0,0.0,1.0,0.0,0.0,0.0,0.0,0.0,1.0,1
-0.10696139296635301,-0.15979463962915919,-0.27230393687015364,0.6388340954442416,0.9925279152401798,-1.0024079398382892,1.0,0.0,1.0,0.0,0.0,0.0,0.0,0.0,0.0,1.0,0.0,0.0,1.0,0.0,0.0,1.0,0
0.756865027432527,0.20609005521443424,0.20237358577475517,-1.0183844849042332,-1.0075283371329782,0.4629714633354778,0.0,0.0,1.0,0.0,0.0,0.0,1.0,0.0,0.0,1.0,0.0,0.0,1.0,0.0,0.0,1.0,0
-0.12008280694709494,-0.8016645252568377,1.657546345797888,0.49224965099081397,-1.0075283371329782,-0.8002866428488041,1.0,0.0,1.0,0.0,0.0,0.0,0.0,0.0,0.0,0.0,1.0,0.0,0.0,0.0,0.0,1.0,0
-1.6166529681951114,1.3144314933746661,-0.7015336116022521,0.8861953454594018,0.9925279152401798,1.1703960027986753,0.0,0.0,1.0,0.0,0.0,0.0,0.0,0.0,0.0,0.0,1.0,0.0,0.0,0.0,1.0,1.0,0
-0.19735335594480077,1.4118750117608465,-0.4431541799497929,0.5614700830938223,-1.0075283371329782,-1.0529382640856604,0.0,0.0,1.0,0.0,0.0,1.0,0.0,0.0,0.0,0.0,0.0,0.0,0.0,0.0,0.0,1.0,0
0.0847570446411627,1.6601988166804675,1.3023798306274066,-1.406222494187262,-1.0075283371329782,0.8672140573144478,0.0,0.0,0.0,0.0,0.0,1.0,0.0,0.0,0.0,1.0,0.0,1.0,0.0,0.0,1.0,1.0,0
1.1395729352041823,0.13567925483216167,-1.6054408089792593,-0.4910876638842642,-1.0075283371329782,0.5135017875828488,0.0,1.0,0.0,1.0,0.0,0.0,0.0,1.0,0.0,0.0,0.0,1.0,1.0,0.0,0.0,0.0,0
0.21888705422208496,-2.5248431310408406,-2.04561163228296,1.0551746355932141,0.9925279152401798,-1.1539989125804029,1.0,0.0,0.0,0.0,0.0,1.0,0.0,0.0,1.0,0.0,1.0,0.0,1.0,0.0,0.0,1.0,0
-0.5713136543959609,-1.79684574851699,-0.7882211733618721,0.9676311479335281,0.9925279152401798,0.56403211183022,1.0,0.0,1.0,0.0,0.0,1.0,0.0,0.0,0.0,0.0,0.0,0.0,0.0,1.0,1.0,1.0,0
-0.9095545481217674,-0.11641655725079517,-0.9380307461115065,0.6062597744545917,0.9925279152401798,-0.04233177913823491,0.0,0.0,0.0,1.0,0.0,0.0,1.0,1.0,0.0,0.0,0.0,1.0,0.0,0.0,1.0,0.0,0
-0.11498003484347337,0.09355850817490942,-0.8075785900654763,-0.6030618922861877,0.9925279152401798,0.1092591936038788,0.0,1.0,0.0,1.0,0.0,0.0,1.0,0.0,0.0,0.0,1.0,0.0,0.0,1.0,0.0,1.0,0
0.8676680788254632,0.2148914052622183,-0.7057417456682529,0.775239064588404,-1.0075283371329782,0.4629714633354778,1.0,0.0,0.0,0.0,0.0,1.0,0.0,0.0,1.0,0.0,0.0,0.0,0.0,0.0,1.0,1.0,0
0.41425032904647335,-0.4741285699071604,0.10390324863033247,-0.10121375953938336,0.9925279152401798,0.3113804905933636,0.0,0.0,0.0,0.0,0.0,0.0,1.0,1.0,0.0,0.0,0.0,1.0,1.0,0.0,0.0,0.0,0
-0.9460029202904965,-0.4709852306043806,0.058455400717521526,-0.40049033363179837,-1.0075283371329782,0.4629714633354778,0.0,0.0,0.0,1.0,0.0,0.0,0.0,0.0,0.0,0.0,0.0,0.0,0.0,0.0,0.0,1.0,0
-0.7659479617769743,-1.7377509696247253,-0.9649628041339127,1.0215823670726372,0.9925279152401798,-0.5476350216119478,1.0,0.0,1.0,0.0,0.0,0.0,0.0,0.0,0.0,1.0,0.0,1.0,0.0,0.0,0.0,1.0,0
-0.444473319248784,-0.6275235278828253,-0.8547096916046872,0.3823113176507433,-1.0075283371329782,1.4230476240355316,0.0,0.0,1.0,0.0,0.0,1.0,0.0,1.0,0.0,0.0,1.0,0.0,1.0,0.0,1.0,0.0,1
0.7116690459433026,-1.4234170393467243,-0.2680958028041529,0.17668591640357403,0.9925279152401798,1.4230476240355316,0.0,1.0,1.0,0.0,0.0,0.0,1.0,0.0,0.0,0.0,1.0,0.0,0.0,1.0,0.0,0.0,0
-1.3367294699392722,-0.2006580505652997,-0.16205082434092818,-1.9467526331092768,0.9925279152401798,-2.114075073280457,0.0,1.0,1.0,0.0,0.0,0.0,1.0,0.0,1.0,0.0,0.0,0.0,0.0,1.0,0.0,0.0,0
0.8734998183724596,0.869963315961573,-0.7402484450094611,0.6744622590266729,-1.0075283371329782,2.130472163498729,0.0,1.0,1.0,0.0,0.0,0.0,0.0,0.0,0.0,1.0,1.0,0.0,1.0,0.0,1.0,0.0,0
-1.9075109781015696,1.015814259610565,-1.5078120986480368,2.0507273208394117,-1.0075283371329782,0.2608501663459925,0.0,0.0,0.0,1.0,0.0,1.0,0.0,0.0,1.0,0.0,0.0,0.0,0.0,1.0,1.0,1.0,0
0.15765378897862087,-0.5124773094010769,1.951274103604756,1.4735510708040394,0.9925279152401798,1.8778205422618728,1.0,0.0,0.0,1.0,0.0,0.0,1.0,0.0,0.0,1.0,0.0,1.0,0.0,1.0,1.0,0.0,0
-1.3119445768645361,-0.6294095314644934,-2.064969048986564,-0.32618016387415744,-1.0075283371329782,-1.2550595610751456,0.0,0.0,0.0,1.0,0.0,0.0,1.0,0.0,0.0,1.0,0.0,1.0,0.0,1.0,0.0,0.0,0
-0.7222099151744998,1.3301481898885663,-1.1576953443567568,1.166130916464212,0.9925279152401798,-1.9624841005383433,0.0,1.0,0.0,0.0,0.0,0.0,1.0,0.0,0.0,1.0,0.0,1.0,0.0,1.0,1.0,1.0,0
0.8348645438736068,-1.360550253291124,0.4254046912728068,-0.9074282040332368,-1.0075283371329782,0.4629714633354778,0.0,1.0,1.0,0.0,0.0,1.0,0.0,0.0,1.0,0.0,0.0,1.0,1.0,0.0,0.0,1.0,0
-1.0181706971845796,-0.8318405825635261,-1.6113321966716607,0.0015989410842019785,0.9925279152401798,-0.34551372462246277,0.0,0.0,0.0,1.0,0.0,0.0,0.0,0.0,0.0,0.0,0.0,0.0,0.0,1.0,0.0,1.0,0
-0.3387730399594695,-0.6331815386278291,-0.8917412713854955,-1.3909532812233627,0.9925279152401798,1.0188050300565614,0.0,1.0,1.0,0.0,0.0,1.0,0.0,0.0,1.0,0.0,0.0,1.0,0.0,1.0,1.0,1.0,0
-0.18496090940743276,-0.12333190371691116,-0.2941862340133591,1.0724797436189661,-1.0075283371329782,0.41244113908810626,1.0,0.0,1.0,0.0,0.0,0.0,0.0,0.0,0.0,1.0,0.0,0.0,0.0,1.0,0.0,1.0,0
-0.38469798889206885,-0.5916894598311332,1.4757549541466466,0.5075188639547134,0.9925279152401798,1.0693353543039326,0.0,0.0,1.0,0.0,0.0,0.0,0.0,0.0,0.0,1.0,0.0,0.0,1.0,0.0,0.0,1.0,0
-0.2782687421593793,0.29473222355283035,1.2106425079885865,-1.5069992997489932,-1.0075283371329782,0.008198545109136179,0.0,1.0,0.0,0.0,0.0,1.0,0.0,0.0,1.0,0.0,1.0,0.0,0.0,0.0,0.0,0.0,1
0.3668674452271251,-0.18997069693584756,1.337728156781815,1.327984573881539,-1.0075283371329782,0.3619108148407351,1.0,0.0,1.0,0.0,0.0,0.0,0.0,0.0,1.0,0.0,0.0,1.0,0.0,1.0,0.0,0.0,0
0.20430770535459414,-0.8903066935952343,0.6661099598480619,0.23470892566638854,0.9925279152401798,0.5135017875828488,1.0,0.0,0.0,0.0,0.0,1.0,0.0,0.0,0.0,1.0,0.0,0.0,0.0,1.0,0.0,0.0,1
0.8465280229675998,1.0705083634789376,1.595265961621074,-1.1181433429350387,-1.0075283371329782,0.8166837330670763,0.0,1.0,0.0,0.0,0.0,0.0,0.0,0.0,0.0,0.0,0.0,1.0,0.0,0.0,0.0,1.0,0
-0.7980225292854563,-0.09064117496799884,1.6920530451390967,-0.480908188574999,-1.0075283371329782,-1.4066505338172592,1.0,0.0,1.0,0.0,0.0,0.0,1.0,0.0,1.0,0.0,1.0,0.0,0.0,0.0,0.0,1.0,1
0.31802662652102803,1.6985475561743837,-1.3344369751287968,-0.9919178491001429,0.9925279152401798,-0.29498340037509146,1.0,0.0,0.0,0.0,0.0,0.0,1.0,0.0,0.0,0.0,1.0,0.0,0.0,0.0,1.0,1.0,0
-0.8279101944638139,-1.0481023265947909,-0.46587810390619777,2.0222247899734676,0.9925279152401798,0.6650927603249626,0.0,0.0,1.0,0.0,0.0,0.0,0.0,1.0,0.0,0.0,0.0,0.0,0.0,0.0,0.0,1.0,0
-2.4622552025096263,0.6386135432769636,-0.60474652808423,0.7457185861915339,0.9925279152401798,-0.9518776155909179,1.0,0.0,0.0,0.0,0.0,0.0,0.0,0.0,0.0,1.0,0.0,1.0,0.0,0.0,0.0,0.0,0
-2.427993732671021,0.36137101677176675,-0.5390996366546149,-0.7750950250127814,0.9925279152401798,-0.4971046973645765,0.0,0.0,1.0,0.0,0.0,1.0,0.0,0.0,1.0,0.0,1.0,0.0,0.0,0.0,1.0,0.0,1
0.6001370271069915,0.5575153892652398,-1.544002051615645,0.8576928145934574,0.9925279152401798,1.3725172997881605,1.0,0.0,0.0,0.0,0.0,1.0,0.0,0.0,1.0,0.0,0.0,0.0,0.0,0.0,1.0,1.0,0
-1.2230105487728373,-1.2643640706260555,-0.17804173379173166,0.9462542497840706,0.9925279152401798,0.7661534088197052,1.0,0.0,1.0,0.0,0.0,1.0,0.0,0.0,1.0,0.0,0.0,0.0,1.0,0.0,0.0,0.0,1
-0.671182194138279,-0.023373713888507005,0.3016855497323773,0.5747034009958674,0.9925279152401798,-1.2045292368277742,0.0,0.0,1.0,0.0,0.0,0.0,0.0,0.0,0.0,1.0,1.0,0.0,1.0,0.0,0.0,1.0,0
0.8902660695700754,-0.581002106201681,0.9261726451269205,0.9411645121294379,-1.0075283371329782,0.9177443815618189,1.0,0.0,0.0,0.0,0.0,0.0,0.0,0.0,1.0,0.0,0.0,1.0,0.0,1.0,0.0,1.0,0
-1.0152548274110815,-1.4693097931673127,-1.7089609070028828,0.9472721973149962,0.9925279152401798,-1.760362803548858,0.0,1.0,0.0,1.0,0.0,0.0,1.0,1.0,0.0,0.0,0.0,1.0,0.0,1.0,1.0,0.0,0
-0.4838375611910119,0.17905733721052572,0.40099751369000064,1.240441086221853,-1.0075283371329782,-0.34551372462246277,1.0,0.0,1.0,0.0,0.0,0.0,0.0,0.0,0.0,1.0,0.0,0.0,1.0,0.0,0.0,0.0,0
0.6905289900854392,1.0095275810050055,0.5912051734732446,-1.1761663521978538,-1.0075283371329782,0.3113804905933636,0.0,1.0,0.0,1.0,0.0,1.0,0.0,1.0,0.0,0.0,0.0,0.0,0.0,1.0,1.0,1.0,0
0.2662699380414332,0.3525696667239827,0.3984726332504,-1.0143126947805277,0.9925279152401798,-1.356120209569888,1.0,0.0,1.0,0.0,0.0,1.0,0.0,1.0,0.0,0.0,0.0,1.0,0.0,0.0,0.0,1.0,1
-1.3104866419777874,0.2450674625689058,-0.03917330961370056,1.3137333084485667,0.9925279152401798,-0.24445307612772016,1.0,0.0,1.0,0.0,0.0,1.0,0.0,0.0,0.0,1.0,0.0,0.0,1.0,0.0,0.0,0.0,1
0.720416655263798,0.46384387804239485,-0.175516853352131,-0.90030257131675,-1.0075283371329782,0.56403211183022,0.0,1.0,1.0,0.0,0.0,1.0,0.0,0.0,0.0,1.0,0.0,0.0,0.0,0.0,0.0,1.0,0
-1.4249345305875967,-1.534691250665137,-0.4456790603893936,0.4790163330887689,0.9925279152401798,-0.14339242763297752,0.0,1.0,1.0,0.0,0.0,1.0,0.0,0.0,0.0,1.0,0.0,1.0,1.0,0.0,1.0,0.0,1
-1.3491219164766397,2.1493024121930375,-0.8025288291862749,0.8067954380471283,0.9925279152401798,-0.44657437311720516,1.0,0.0,0.0,0.0,0.0,1.0,0.0,0.0,0.0,0.0,0.0,0.0,0.0,1.0,1.0,0.0,1
0.12266335169664065,-1.0304996264992226,1.8940434803071424,2.072104218988871,0.9925279152401798,0.008198545109136179,1.0,0.0,1.0,0.0,0.0,0.0,0.0,0.0,0.0,1.0,0.0,0.0,1.0,0.0,0.0,0.0,0
1.2656843029079843,0.7410864045475918,-1.1526455834775555,0.1614167034396747,-1.0075283371329782,1.1703960027986753,0.0,1.0,0.0,1.0,0.0,0.0,0.0,0.0,1.0,0.0,1.0,0.0,1.0,0.0,1.0,1.0,0
0.88151846024958,0.4544138601340554,1.814088933053125,-0.351628852147322,0.9925279152401798,-0.9013472913435465,1.0,0.0,1.0,0.0,0.0,0.0,0.0,0.0,0.0,1.0,0.0,0.0,0.0,0.0,0.0,1.0,0
-1.857941191952098,1.0283876168216852,1.7888401286571183,1.9662376757725057,-1.0075283371329782,-0.24445307612772016,0.0,0.0,1.0,0.0,0.0,0.0,1.0,0.0,0.0,0.0,0.0,0.0,0.0,0.0,0.0,1.0,0
1.5747664988988077,-1.3291168602633239,0.867258768202908,-1.9701654263205886,0.9925279152401798,1.0693353543039326,0.0,0.0,0.0,0.0,0.0,0.0,0.0,1.0,0.0,0.0,0.0,1.0,0.0,0.0,0.0,0.0,0
0.42810071047059023,-0.44961052334547674,-0.2032905381877384,-0.1348060280599604,-1.0075283371329782,-0.6992259943540615,0.0,1.0,0.0,0.0,0.0,1.0,0.0,0.0,1.0,0.0,1.0,0.0,0.0,0.0,0.0,0.0,1
0.5921183852298711,-0.7488564249701337,0.15440085742234355,2.0028837868858624,0.9925279152401798,-0.29498340037509146,0.0,1.0,1.0,0.0,0.0,1.0,0.0,0.0,0.0,0.0,0.0,1.0,0.0,0.0,1.0,1.0,0
-1.1865621766041083,-1.0499883301764588,0.7031415396288702,-0.26001357436393047,-1.0075283371329782,-1.8108931277962295,1.0,0.0,1.0,0.0,0.0,0.0,0.0,0.0,1.0,0.0,0.0,0.0,1.0,0.0,1.0,0.0,0
-0.5180990310296172,-1.0638190231086908,1.5717004108514687,0.9778106232427948,-1.0075283371329782,1.1703960027986753,1.0,0.0,0.0,0.0,0.0,0.0,0.0,0.0,0.0,0.0,1.0,0.0,0.0,0.0,1.0,0.0,0
-1.0568059716834326,1.2886561110918704,-0.04843120455890263,-0.41474159906477054,-1.0075283371329782,-0.09286210338560645,0.0,1.0,0.0,0.0,0.0,1.0,0.0,0.0,0.0,0.0,0.0,1.0,0.0,1.0,0.0,0.0,1
-1.5634383448287672,0.6625029219780915,0.4363458398444089,-0.7079104879716258,-1.0075283371329782,-1.558241506559373,0.0,1.0,0.0,1.0,0.0,1.0,0.0,0.0,0.0,0.0,1.0,0.0,1.0,0.0,1.0,0.0,1
0.1270371563568883,-0.6331815386278291,0.33871712951318683,-2.051601228794715,-1.0075283371329782,0.058728869356507264,0.0,1.0,0.0,0.0,0.0,0.0,0.0,0.0,0.0,1.0,0.0,0.0,0.0,1.0,0.0,1.0,0
-1.0830487996449174,-0.05229243547408272,-0.6182125570954329,-0.7180899632808925,0.9925279152401798,0.21031984209862142,0.0,1.0,1.0,0.0,0.0,0.0,0.0,0.0,0.0,0.0,0.0,1.0,0.0,1.0,1.0,1.0,0
0.2546064589474401,-0.9160820758780301,0.6046712024844475,-0.11851886756513544,0.9925279152401798,-0.34551372462246277,0.0,1.0,0.0,1.0,0.0,0.0,0.0,0.0,1.0,0.0,0.0,1.0,1.0,0.0,0.0,0.0,0
0.7335380692445398,1.9110372930423123,1.2392578196373922,-1.3237687441822086,0.9925279152401798,0.9682747058091904,0.0,0.0,1.0,0.0,0.0,0.0,0.0,0.0,1.0,0.0,0.0,1.0,0.0,0.0,1.0,0.0,0
0.31219488697403147,-0.3905157444532122,0.2596042090723677,0.21842176517156356,0.9925279152401798,-1.2550595610751456,0.0,1.0,0.0,0.0,0.0,0.0,1.0,0.0,1.0,0.0,1.0,0.0,0.0,0.0,0.0,1.0,0
-0.05447573704338321,-0.80920853958351,-0.7183661478662556,-1.0112588521877477,-1.0075283371329782,-0.04233177913823491,1.0,0.0,1.0,0.0,0.0,0.0,1.0,1.0,0.0,0.0,0.0,0.0,0.0,1.0,0.0,0.0,0
-1.4198317584839746,-0.05795044621908696,-1.6340561206280657,-1.5640043614808818,-1.0075283371329782,-0.8002866428488041,0.0,0.0,0.0,1.0,0.0,0.0,0.0,1.0,0.0,0.0,1.0,0.0,1.0,0.0,1.0,1.0,0
1.0375174931317406,-1.5334339149440246,-0.16036757071452815,-0.25186999411651795,-1.0075283371329782,0.7156230845723341,1.0,0.0,1.0,0.0,0.0,0.0,1.0,0.0,0.0,0.0,0.0,1.0,1.0,0.0,0.0,1.0,0
0.40841858949947685,-0.8821340114080061,2.6826478042757236,0.11051932689334559,0.9925279152401798,2.181002487746101,0.0,1.0,1.0,0.0,0.0,0.0,1.0,1.0,0.0,0.0,0.0,0.0,0.0,0.0,1.0,0.0,0
1.757737327185827,-0.17739733972472732,-1.824263780411309,-0.03097537990544941,-1.0075283371329782,0.7156230845723341,0.0,0.0,0.0,0.0,0.0,0.0,1.0,0.0,0.0,0.0,1.0,0.0,1.0,0.0,0.0,0.0,0
0.12630818891351336,1.5633839661548437,-0.5205838467642108,-0.8840154108219249,-1.0075283371329782,2.231532811993472,0.0,1.0,0.0,0.0,0.0,0.0,0.0,0.0,1.0,0.0,1.0,0.0,0.0,1.0,0.0,1.0,0
-0.6128647986683126,-0.0063996816534951885,-1.9235757443689319,-0.10426760213216323,0.9925279152401798,0.1092591936038788,0.0,0.0,1.0,0.0,0.0,0.0,0.0,0.0,1.0,0.0,0.0,0.0,1.0,0.0,1.0,0.0,0
-0.5049776170488742,1.4583964334419912,-0.22517283533094265,2.114858015287786,0.9925279152401798,-2.0635447490330856,0.0,1.0,0.0,0.0,0.0,0.0,0.0,0.0,0.0,0.0,1.0,0.0,0.0,1.0,0.0,0.0,0
-0.5946406125839481,2.1493024121930375,0.7536391484208813,-0.20504440769389434,0.9925279152401798,0.8166837330670763,0.0,0.0,0.0,0.0,0.0,0.0,1.0,0.0,0.0,0.0,1.0,0.0,1.0,0.0,1.0,0.0,0
0.24294297985344707,-0.5659140775483368,-0.19066613598973503,1.1885257621445966,0.9925279152401798,1.0693353543039326,0.0,0.0,0.0,1.0,0.0,0.0,1.0,0.0,1.0,0.0,1.0,0.0,0.0,0.0,0.0,0.0,0
1.0273119489244964,0.5361406820063355,0.3732238288543944,0.5370393423515833,-1.0075283371329782,-0.19392275188034908,1.0,0.0,0.0,1.0,0.0,0.0,0.0,0.0,0.0,1.0,1.0,0.0,0.0,1.0,1.0,0.0,0
0.26918580781493195,0.8473312729815569,-1.0171436665523244,-0.3119288984411852,0.9925279152401798,-0.39604404886983385,1.0,0.0,1.0,0.0,0.0,0.0,0.0,1.0,0.0,0.0,0.0,0.0,0.0,0.0,1.0,1.0,0
0.5133899013454164,0.8687059802404603,-0.7461398327018625,0.06878347812535607,0.9925279152401798,-0.04233177913823491,1.0,0.0,1.0,0.0,0.0,0.0,1.0,0.0,0.0,1.0,0.0,0.0,0.0,0.0,1.0,1.0,0
0.2159711844485872,-1.2197286525265798,-0.45914508940059634,-0.5888106268532155,0.9925279152401798,1.7767598937671305,1.0,0.0,1.0,0.0,0.0,0.0,1.0,1.0,0.0,0.0,0.0,1.0,0.0,0.0,1.0,1.0,0
0.7670705716397712,1.0793097135267216,-0.34300058917897014,0.47189070037228203,0.9925279152401798,1.2714566512934178,1.0,0.0,1.0,0.0,0.0,0.0,0.0,1.0,0.0,0.0,0.0,1.0,0.0,0.0,0.0,1.0,0
-0.2789977096027543,-0.3666263657520844,-0.02570728060249776,-0.9328768923064014,-1.0075283371329782,-1.6087718308067445,0.0,0.0,1.0,0.0,0.0,0.0,0.0,1.0,0.0,0.0,0.0,1.0,0.0,0.0,0.0,0.0,1
0.8880791672399515,2.0594029081335288,1.375601363375824,1.3493614720309965,-1.0075283371329782,2.231532811993472,1.0,0.0,0.0,0.0,0.0,0.0,1.0,1.0,0.0,0.0,1.0,0.0,0.0,0.0,1.0,1.0,0
-0.7885459525215865,0.49401993534908323,-1.2157675944675699,1.2689436170877972,0.9925279152401798,-0.8508169670961755,0.0,1.0,1.0,0.0,0.0,0.0,1.0,0.0,0.0,1.0,0.0,0.0,0.0,0.0,1.0,0.0,0
0.8516307950712224,0.5939781251774878,-0.26052116148535087,1.7331276911903177,-1.0075283371329782,0.7661534088197052,0.0,1.0,1.0,0.0,0.0,0.0,0.0,1.0,0.0,0.0,1.0,0.0,0.0,1.0,1.0,1.0,0
-0.11935383950372103,-0.8789906721052263,-1.145912568971954,-0.5480927256161531,0.9925279152401798,-1.1539989125804029,0.0,0.0,1.0,0.0,0.0,0.0,0.0,0.0,0.0,1.0,0.0,1.0,1.0,0.0,0.0,0.0,0
0.19410216114734996,-0.8167525539101819,-1.4808800406256306,-2.124893451021429,0.9925279152401798,0.7661534088197052,1.0,0.0,0.0,1.0,0.0,0.0,0.0,0.0,0.0,1.0,0.0,0.0,1.0,0.0,0.0,0.0,0
0.5928473526732461,1.1836685783790177,-0.9977862498487197,0.27135503677974543,-1.0075283371329782,-1.558241506559373,0.0,0.0,0.0,0.0,0.0,1.0,0.0,0.0,1.0,0.0,0.0,0.0,0.0,0.0,0.0,1.0,1
0.7109400784999276,-0.5388813595444287,1.386542511947426,1.1814001294281113,-1.0075283371329782,-0.9013472913435465,0.0,0.0,1.0,0.0,0.0,0.0,1.0,0.0,0.0,0.0,0.0,0.0,0.0,0.0,0.0,0.0,0
1.9151942949547374,0.15013861562494998,-1.1189805109495479,0.20620639480044411,0.9925279152401798,-0.4971046973645765,0.0,1.0,0.0,0.0,0.0,0.0,0.0,1.0,0.0,0.0,1.0,0.0,1.0,0.0,0.0,0.0,0
1.1031245630354534,0.9240287519693892,0.3833233506127971,-0.5480927256161531,0.9925279152401798,-0.6486956701066902,1.0,0.0,1.0,0.0,0.0,1.0,0.0,0.0,0.0,0.0,0.0,0.0,1.0,0.0,1.0,0.0,1
0.14671927732800172,0.659988250535868,1.6987860596446982,1.1783462868353314,0.9925279152401798,2.7873663787145557,1.0,0.0,0.0,0.0,0.0,0.0,1.0,0.0,0.0,0.0,0.0,0.0,1.0,0.0,0.0,0.0,0
0.37051228244399886,0.03760706858542516,1.025484609084544,0.07081937318720882,0.9925279152401798,0.8166837330670763,0.0,0.0,1.0,0.0,0.0,1.0,0.0,0.0,0.0,0.0,1.0,0.0,1.0,0.0,0.0,1.0,0
-0.5873509381502021,-1.4385050680000684,1.744233907557508,-2.132019083737915,0.9925279152401798,-0.14339242763297752,0.0,0.0,0.0,1.0,0.0,0.0,0.0,0.0,0.0,1.0,0.0,0.0,1.0,0.0,0.0,0.0,0
0.8990136788905706,0.495277271070195,0.022265447749913857,-0.37402369782770667,-1.0075283371329782,0.5135017875828488,1.0,0.0,0.0,1.0,0.0,0.0,1.0,1.0,0.0,0.0,0.0,1.0,0.0,1.0,1.0,1.0,0
1.9319605461523521,-0.9336847759735983,0.45149512248201173,-0.6600669540180766,-1.0075283371329782,-0.8002866428488041,0.0,0.0,0.0,0.0,0.0,0.0,0.0,0.0,0.0,1.0,1.0,0.0,0.0,1.0,0.0,0.0,0
-0.36866070513782706,2.1493024121930375,0.7830960868828888,-1.4387968151769126,0.9925279152401798,-0.5476350216119478,0.0,0.0,0.0,1.0,0.0,1.0,0.0,1.0,0.0,0.0,0.0,0.0,0.0,0.0,0.0,0.0,1
-0.2163065094725403,0.3236509451384061,-0.366566139948575,0.5665598207484549,0.9925279152401798,-0.6992259943540615,0.0,0.0,1.0,0.0,0.0,1.0,0.0,1.0,0.0,0.0,0.0,1.0,1.0,0.0,1.0,0.0,1
-0.169652593096567,-0.6275235278828253,1.3006965770010066,0.9360747744748038,-1.0075283371329782,-1.2550595610751456,0.0,1.0,0.0,1.0,0.0,0.0,0.0,0.0,0.0,1.0,0.0,0.0,0.0,0.0,1.0,1.0,0
-1.265290660488563,2.1493024121930375,-1.4101833883168147,1.2567282467166778,0.9925279152401798,1.6251689210250169,1.0,0.0,1.0,0.0,0.0,0.0,0.0,0.0,0.0,1.0,0.0,1.0,0.0,1.0,1.0,1.0,0
-1.1180392369268977,-0.3710270407759764,-1.294880514908388,-0.7211438058736723,-1.0075283371329782,-0.39604404886983385,0.0,1.0,0.0,0.0,0.0,1.0,0.0,0.0,0.0,0.0,1.0,0.0,0.0,0.0,0.0,0.0,1
0.24804575195706863,1.6966615525927156,-0.6905924630306494,0.03519120960477902,-1.0075283371329782,0.008198545109136179,0.0,1.0,0.0,0.0,0.0,1.0,0.0,0.0,0.0,0.0,1.0,0.0,0.0,0.0,1.0,0.0,1
2.0522401743091585,-0.3766850515209802,0.5903635466600441,1.2241539257270264,0.9925279152401798,-2.265666046022571,1.0,0.0,0.0,1.0,0.0,0.0,1.0,0.0,0.0,0.0,1.0,0.0,0.0,0.0,0.0,0.0,1
-0.4481181564656567,-0.14533527883637135,0.7224989563324737,-0.11444707744142847,-1.0075283371329782,0.6650927603249626,0.0,1.0,0.0,0.0,0.0,1.0,0.0,0.0,1.0,0.0,0.0,0.0,1.0,0.0,1.0,1.0,0
0.07236459810379467,0.6423855504402998,0.19900707852195387,-1.1690407194813677,0.9925279152401798,0.7661534088197052,0.0,1.0,1.0,0.0,0.0,1.0,0.0,0.0,1.0,0.0,0.0,0.0,0.0,0.0,1.0,0.0,1
-0.6536869754972888,2.1493024121930375,-0.1864580019237343,-0.13684192312181317,0.9925279152401798,-0.9518776155909179,0.0,1.0,1.0,0.0,0.0,0.0,1.0,0.0,1.0,0.0,0.0,0.0,0.0,1.0,1.0,0.0,0
-2.2114904019887702,0.28153019848115474,0.6669515866612613,1.8033660708242532,0.9925279152401798,-0.6486956701066902,0.0,0.0,1.0,0.0,0.0,0.0,0.0,1.0,0.0,0.0,0.0,0.0,0.0,0.0,1.0,1.0,0
-1.0699273856641751,-1.403299667808932,-0.23863886434214546,0.29171398739827736,-1.0075283371329782,0.3619108148407351,0.0,0.0,1.0,0.0,0.0,1.0,0.0,0.0,0.0,0.0,0.0,0.0,0.0,0.0,1.0,1.0,0
0.23200846820282792,-0.790977171627386,0.23772191192916342,0.28764219727457185,-1.0075283371329782,0.56403211183022,0.0,0.0,1.0,0.0,0.0,1.0,0.0,0.0,1.0,0.0,1.0,0.0,1.0,0.0,0.0,0.0,1
-1.1391792927847606,-0.27484085811090797,0.8226525471032977,-0.5511465682089329,0.9925279152401798,0.7156230845723341,0.0,0.0,1.0,0.0,0.0,1.0,0.0,1.0,0.0,0.0,0.0,1.0,1.0,0.0,1.0,0.0,1
-0.0982137836458577,-0.6206081814167093,-0.5475159047866169,0.9951157312685455,0.9925279152401798,0.7661534088197052,0.0,0.0,1.0,0.0,0.0,0.0,0.0,0.0,1.0,0.0,0.0,1.0,1.0,0.0,0.0,1.0,0
1.895512173983623,1.694146881150492,1.081873605568957,-0.32719811140508454,0.9925279152401798,1.7262295695197594,1.0,0.0,0.0,0.0,0.0,0.0,0.0,0.0,0.0,1.0,1.0,0.0,0.0,0.0,1.0,0.0,0
-2.5380678166205826,-0.3949164194771042,-0.5306833685226129,0.7803288022430366,-1.0075283371329782,-0.6486956701066902,0.0,0.0,1.0,0.0,0.0,1.0,0.0,0.0,0.0,1.0,1.0,0.0,0.0,1.0,1.0,1.0,0
-0.9751616180254796,-1.1461745128415273,1.9091927629447465,1.358522999809336,0.9925279152401798,1.5241082725302741,0.0,0.0,0.0,1.0,0.0,0.0,0.0,1.0,0.0,0.0,1.0,0.0,0.0,0.0,1.0,1.0,0
-0.2775397747160044,-1.931380670675974,0.32020133962278263,-0.9389845774919611,-1.0075283371329782,-0.09286210338560645,1.0,0.0,0.0,0.0,0.0,1.0,0.0,0.0,1.0,0.0,1.0,0.0,0.0,0.0,0.0,1.0,0
-0.5239307705766137,-1.0009522370530906,-0.1923493896161351,0.9676311479335281,0.9925279152401798,-0.34551372462246277,1.0,0.0,1.0,0.0,0.0,1.0,0.0,0.0,0.0,1.0,0.0,0.0,0.0,1.0,0.0,1.0,0
-1.0655535810039278,-1.5988153724418488,-0.8521848111650866,-0.7944360281003862,0.9925279152401798,0.21031984209862142,1.0,0.0,1.0,0.0,0.0,0.0,1.0,0.0,0.0,1.0,0.0,1.0,0.0,0.0,1.0,1.0,0
-0.47071614721026894,2.1493024121930375,1.277131026231401,1.1966693423920092,0.9925279152401798,0.5135017875828488,1.0,0.0,0.0,0.0,0.0,0.0,1.0,1.0,0.0,0.0,0.0,1.0,0.0,0.0,0.0,0.0,0
0.8275748694398614,0.6304408610897358,-0.7907460538014728,-1.062156228734077,0.9925279152401798,0.1597895178512499,1.0,0.0,0.0,0.0,0.0,1.0,0.0,0.0,0.0,0.0,0.0,1.0,0.0,1.0,1.0,0.0,1
-0.19662438850142583,1.17549589619179,-0.1014536937905144,-0.7160540682190383,0.9925279152401798,1.5746385967776453,1.0,0.0,0.0,1.0,0.0,1.0,0.0,0.0,0.0,1.0,0.0,1.0,1.0,0.0,0.0,0.0,1
1.3188989262743291,-0.8475572790774262,-0.676284807206246,1.2170282930105412,-1.0075283371329782,0.7156230845723341,0.0,1.0,1.0,0.0,0.0,1.0,0.0,0.0,0.0,0.0,0.0,0.0,0.0,1.0,1.0,0.0,1
-0.16673672332306821,-0.9179680794596983,0.32020133962278263,2.2125809782567387,0.9925279152401798,1.2714566512934178,1.0,0.0,1.0,0.0,0.0,0.0,1.0,1.0,0.0,0.0,0.0,1.0,0.0,0.0,0.0,0.0,0
0.07673840276404233,-0.4823012520943886,0.45402000292161243,-0.27324689226597554,0.9925279152401798,0.8166837330670763,1.0,0.0,0.0,0.0,0.0,0.0,1.0,0.0,1.0,0.0,0.0,1.0,0.0,1.0,0.0,0.0,0
1.1548812515150482,-0.546425373871101,0.2436132996215642,2.029350422689954,-1.0075283371329782,0.1092591936038788,1.0,0.0,0.0,0.0,0.0,1.0,0.0,0.0,0.0,1.0,0.0,0.0,0.0,1.0,0.0,0.0,1
-0.26004455607501475,0.8391585907943283,0.24193004599516416,-1.3726302256666842,-1.0075283371329782,-1.4066505338172592,0.0,0.0,0.0,0.0,0.0,1.0,0.0,0.0,0.0,1.0,0.0,0.0,0.0,1.0,0.0,0.0,1
-0.1470546023519548,2.101523654790781,-1.253640801061579,0.14105775282114277,0.9925279152401798,-1.2550595610751456,0.0,0.0,0.0,1.0,0.0,0.0,0.0,0.0,0.0,1.0,1.0,0.0,0.0,0.0,0.0,1.0,0
-1.103459888059406,-0.5816307740622368,1.623881273269881,0.05555016022331096,0.9925279152401798,-2.0635447490330856,0.0,0.0,0.0,0.0,0.0,1.0,0.0,1.0,0.0,0.0,1.0,0.0,0.0,1.0,1.0,1.0,0
0.4397641895645833,0.34439698453675494,0.045830998519519356,1.415528061541225,0.9925279152401798,0.8166837330670763,0.0,0.0,1.0,0.0,0.0,1.0,0.0,1.0,0.0,0.0,1.0,0.0,1.0,0.0,1.0,1.0,0
0.769257473969895,-0.02023037458572717,2.195345879432811,0.1573449133159692,0.9925279152401798,-0.4971046973645765,0.0,1.0,1.0,0.0,0.0,0.0,0.0,0.0,1.0,0.0,0.0,0.0,1.0,0.0,0.0,0.0,0
-0.22432515134966063,-2.0539709034843945,-0.4987015496210053,0.6449417806298013,0.9925279152401798,-0.19392275188034908,0.0,0.0,1.0,0.0,0.0,0.0,1.0,0.0,0.0,0.0,0.0,0.0,0.0,0.0,0.0,0.0,0
-0.4831085937476369,1.0101562488655609,1.3629769611778204,-0.8158129262498438,-1.0075283371329782,-1.1539989125804029,0.0,1.0,0.0,0.0,0.0,0.0,1.0,0.0,1.0,0.0,0.0,0.0,1.0,0.0,0.0,0.0,0
-0.5479866962079748,-0.6061488206239211,1.1079640367781631,-0.3506109046163963,-1.0075283371329782,-0.24445307612772016,0.0,0.0,0.0,1.0,0.0,0.0,1.0,0.0,1.0,0.0,0.0,1.0,0.0,1.0,0.0,0.0,0
1.4967669824577268,0.4078924384529106,0.23435540467636212,-0.27222894473504844,-1.0075283371329782,0.3113804905933636,0.0,0.0,0.0,1.0,0.0,1.0,0.0,0.0,0.0,1.0,1.0,0.0,0.0,0.0,0.0,0.0,1
-0.6026592544610684,-1.2316733418771435,0.8209692934768965,0.07081937318720882,-1.0075283371329782,-2.0130144247857147,0.0,0.0,0.0,1.0,0.0,0.0,1.0,0.0,1.0,0.0,1.0,0.0,1.0,0.0,0.0,0.0,0
0.6548095853600852,0.15705396209106598,0.7822544600696881,-2.3773444386912215,-1.0075283371329782,-1.6087718308067445,1.0,0.0,1.0,0.0,0.0,1.0,0.0,0.0,0.0,1.0,0.0,0.0,0.0,1.0,1.0,1.0,0
0.4674649524128181,0.05898177584432946,-0.04674795093250258,0.27237298431067253,0.9925279152401798,-0.24445307612772016,0.0,1.0,0.0,1.0,0.0,0.0,1.0,0.0,1.0,0.0,0.0,1.0,0.0,0.0,0.0,1.0,0
-1.7267270521446736,-0.1799120111669513,-0.5542489192922184,0.1573449133159692,0.9925279152401798,0.8672140573144478,0.0,0.0,0.0,0.0,0.0,0.0,1.0,0.0,0.0,0.0,0.0,0.0,0.0,1.0,0.0,1.0,0
0.6052397992106141,-2.0149934961299225,0.12241903852073661,0.896374820768667,0.9925279152401798,-0.29498340037509146,1.0,0.0,0.0,0.0,0.0,0.0,1.0,1.0,0.0,0.0,0.0,0.0,0.0,1.0,0.0,1.0,0
1.2146565818717645,-1.407700342832824,0.7140826882004723,0.1247705923263178,0.9925279152401798,-1.3055898853225167,1.0,0.0,0.0,0.0,0.0,1.0,0.0,0.0,0.0,0.0,1.0,0.0,0.0,0.0,1.0,0.0,1
0.3136528218607814,0.906426051873821,0.669476467100862,0.3935087404909356,0.9925279152401798,1.1198656785513041,0.0,1.0,0.0,1.0,0.0,1.0,0.0,0.0,0.0,1.0,0.0,1.0,0.0,0.0,0.0,1.0,0
-1.6049894891011183,0.25324014475613443,1.0894482468877578,1.9316274597210015,0.9925279152401798,0.6650927603249626,1.0,0.0,0.0,0.0,0.0,1.0,0.0,1.0,0.0,0.0,1.0,0.0,1.0,0.0,0.0,1.0,0
0.15546688664849703,0.17968600507108204,0.9808783879849335,0.0881244812129609,-1.0075283371329782,0.7156230845723341,0.0,1.0,1.0,0.0,0.0,0.0,1.0,0.0,1.0,0.0,1.0,0.0,0.0,0.0,1.0,0.0,0
-0.01729839743127917,0.2934748878317186,-0.6586106441290425,-0.08187275645177852,0.9925279152401798,-0.04233177913823491,0.0,1.0,0.0,1.0,0.0,0.0,1.0,0.0,1.0,0.0,0.0,0.0,0.0,0.0,0.0,0.0,0
0.4171661988199711,-1.8270218058236778,-0.3724575276409764,-0.8310821392137431,0.9925279152401798,-1.356120209569888,1.0,0.0,1.0,0.0,0.0,1.0,0.0,0.0,1.0,0.0,0.0,1.0,1.0,0.0,0.0,1.0,0
0.3275032032848983,-0.020859042446282602,-0.28240345862855637,-0.351628852147322,-1.0075283371329782,-0.9518776155909179,1.0,0.0,1.0,0.0,0.0,0.0,1.0,1.0,0.0,0.0,0.0,1.0,1.0,0.0,1.0,0.0,0
0.7488463855554066,0.6103234895519434,-0.26304604192495157,-0.11444707744142847,0.9925279152401798,-0.7497563186014329,0.0,0.0,1.0,0.0,0.0,0.0,0.0,1.0,0.0,0.0,1.0,0.0,0.0,0.0,0.0,0.0,0
0.11318677493277142,0.1620833049755139,0.15692573786194425,1.2485846664692655,-1.0075283371329782,0.6145624360775915,0.0,1.0,1.0,0.0,0.0,1.0,0.0,0.0,1.0,0.0,0.0,0.0,0.0,1.0,1.0,0.0,1
1.7424290108749612,1.9217246466717643,-0.5710814555562219,-0.3302519539978644,0.9925279152401798,-1.4066505338172592,1.0,0.0,1.0,0.0,0.0,1.0,0.0,1.0,0.0,0.0,0.0,0.0,0.0,0.0,0.0,1.0,1
-0.35772619348720897,0.8806506695910242,0.6787343620460641,-0.9573076330486388,0.9925279152401798,-1.8108931277962295,1.0,0.0,1.0,0.0,0.0,0.0,0.0,0.0,0.0,0.0,0.0,1.0,1.0,0.0,1.0,0.0,0
1.3925246380551621,0.7492590867348203,1.5026870121690534,1.523430499819443,-1.0075283371329782,-1.9624841005383433,1.0,0.0,1.0,0.0,0.0,0.0,1.0,0.0,0.0,1.0,0.0,0.0,1.0,0.0,0.0,0.0,0
-0.02896187652527223,0.7511450903164885,0.6215037387484516,0.6703904689029659,-1.0075283371329782,-2.265666046022571,0.0,0.0,1.0,0.0,0.0,0.0,1.0,1.0,0.0,0.0,0.0,1.0,1.0,0.0,0.0,1.0,0
-1.1180392369268977,-0.325134286955388,0.8840913044669109,-0.618331105250087,0.9925279152401798,0.058728869356507264,0.0,1.0,1.0,0.0,0.0,0.0,0.0,0.0,0.0,0.0,0.0,0.0,0.0,1.0,1.0,0.0,0
-1.5561486703950211,0.5581440571257953,-0.15195130258252668,-2.328482957206745,-1.0075283371329782,0.41244113908810626,0.0,1.0,1.0,0.0,0.0,0.0,0.0,0.0,1.0,0.0,0.0,0.0,0.0,0.0,0.0,0.0,0
-2.1189115366801983,2.1493024121930375,0.22341425610476,0.5482367651917758,-1.0075283371329782,-1.1539989125804029,0.0,0.0,0.0,1.0,0.0,1.0,0.0,0.0,1.0,0.0,0.0,0.0,0.0,1.0,0.0,1.0,0
0.19847596580759658,-1.4963425111712207,0.28485301346837444,0.17770386393450113,0.9925279152401798,-1.2045292368277742,1.0,0.0,0.0,0.0,0.0,0.0,1.0,1.0,0.0,0.0,0.0,0.0,0.0,0.0,0.0,1.0,0
-1.1661510881896198,-0.17676867186417144,-1.1029896014987437,1.781989172674794,0.9925279152401798,0.008198545109136179,1.0,0.0,1.0,0.0,0.0,0.0,0.0,0.0,1.0,0.0,0.0,1.0,0.0,1.0,0.0,1.0,0
0.0016547560964603287,0.8737353231249082,-1.1518039566643554,-1.3532892225790794,0.9925279152401798,-0.14339242763297752,1.0,0.0,0.0,0.0,0.0,0.0,0.0,0.0,1.0,0.0,0.0,1.0,0.0,1.0,0.0,1.0,0
0.03810312826518942,-1.4623944467011967,-0.4069642269821846,-1.1965253028163858,-1.0075283371329782,0.8672140573144478,0.0,0.0,0.0,0.0,0.0,1.0,0.0,0.0,0.0,1.0,0.0,1.0,0.0,0.0,1.0,1.0,0
0.3245873335113995,1.443937072649203,0.47169416599881714,-1.0071870620640409,0.9925279152401798,0.41244113908810626,1.0,0.0,1.0,0.0,0.0,1.0,0.0,0.0,0.0,1.0,0.0,1.0,0.0,1.0,1.0,1.0,0
-1.0298341762785732,-1.4196450321833884,1.5430850992026617,1.5936688794533769,-1.0075283371329782,1.321986975540789,0.0,0.0,0.0,1.0,0.0,1.0,0.0,0.0,1.0,0.0,0.0,0.0,1.0,0.0,0.0,0.0,1
-0.5319494124537341,-0.5011612879110685,0.32272622006238216,-0.4422261823997879,-1.0075283371329782,-0.29498340037509146,1.0,0.0,1.0,0.0,0.0,1.0,0.0,0.0,0.0,0.0,1.0,0.0,0.0,1.0,1.0,1.0,0
0.369054347557249,-0.9720335154675145,-0.45493695533459566,1.1814001294281113,0.9925279152401798,-2.0635447490330856,0.0,0.0,0.0,0.0,0.0,0.0,0.0,0.0,0.0,1.0,0.0,1.0,1.0,0.0,1.0,1.0,0
-0.69523811976964,1.1842972462395742,0.7906707282016896,-0.4116877564719907,-1.0075283371329782,-0.8002866428488041,1.0,0.0,1.0,0.0,0.0,0.0,0.0,0.0,0.0,1.0,1.0,0.0,1.0,0.0,0.0,0.0,0
0.5133899013454164,-0.5363666881022048,-0.2201230744517413,-0.13887781818366737,0.9925279152401798,-0.09286210338560645,0.0,1.0,1.0,0.0,0.0,1.0,0.0,0.0,1.0,0.0,0.0,0.0,0.0,1.0,1.0,0.0,1
-0.4583237006729009,0.07218380091600511,1.1045975295253618,-0.07169328114251183,0.9925279152401798,-0.5476350216119478,0.0,0.0,1.0,0.0,0.0,0.0,1.0,0.0,0.0,1.0,1.0,0.0,1.0,0.0,1.0,1.0,0
-1.307570772204289,0.10361719394380524,-0.645986241931039,-0.9695230034197583,-1.0075283371329782,2.7873663787145557,0.0,0.0,0.0,0.0,0.0,1.0,0.0,0.0,1.0,0.0,0.0,1.0,0.0,0.0,0.0,0.0,1
-0.2760818398292555,0.7234837044520236,-0.014766132030894438,-0.9410204725538138,0.9925279152401798,-0.5981653458593191,0.0,1.0,0.0,1.0,0.0,0.0,0.0,1.0,0.0,0.0,0.0,0.0,1.0,0.0,0.0,0.0,0
-1.4431587166719613,-1.596929368860181,0.05508889346472143,0.7701493269337714,0.9925279152401798,-1.2550595610751456,0.0,1.0,0.0,0.0,0.0,0.0,1.0,0.0,1.0,0.0,0.0,0.0,0.0,0.0,1.0,1.0,0
0.9631628139075334,-0.09252717854966691,-0.9817953403979162,-0.21624183053408672,0.9925279152401798,-2.265666046022571,0.0,0.0,1.0,0.0,0.0,1.0,0.0,0.0,0.0,0.0,1.0,0.0,0.0,0.0,0.0,0.0,1
-0.3672027702510782,1.4986311765175753,-0.10397857423011507,2.0486914257775592,-1.0075283371329782,0.8166837330670763,1.0,0.0,0.0,1.0,0.0,0.0,0.0,0.0,0.0,1.0,0.0,1.0,1.0,0.0,1.0,0.0,0
-0.4087539145234299,-1.8106764414492218,-0.19150776280293566,-0.22438541078149918,0.9925279152401798,0.3619108148407351,1.0,0.0,0.0,1.0,0.0,0.0,1.0,0.0,0.0,0.0,0.0,1.0,0.0,0.0,0.0,1.0,0
-0.2746239049425066,2.148673744332481,0.7426979998492791,-1.1914355651617532,-1.0075283371329782,-0.6992259943540615,0.0,0.0,1.0,0.0,0.0,0.0,0.0,0.0,0.0,0.0,0.0,1.0,0.0,1.0,1.0,0.0,0
-0.7433499710323627,0.47767457097462684,0.11989415808113595,-1.3064636361564566,0.9925279152401798,-0.6992259943540615,1.0,0.0,1.0,0.0,0.0,0.0,1.0,0.0,1.0,0.0,0.0,0.0,1.0,0.0,0.0,1.0,0
1.0003401535196366,-0.9544308153719463,-0.7730718907242686,-0.5715055188274649,0.9925279152401798,0.6650927603249626,0.0,0.0,0.0,0.0,0.0,0.0,1.0,0.0,1.0,0.0,1.0,0.0,0.0,0.0,0.0,0.0,0
0.2589802636076878,-0.3333069691426162,2.2896080825112333,-0.8097052410642841,0.9925279152401798,-0.34551372462246277,0.0,0.0,1.0,0.0,0.0,0.0,0.0,1.0,0.0,0.0,1.0,0.0,0.0,0.0,1.0,0.0,0
-0.9044517760181453,-0.2446648008042196,-0.548357531599817,0.2245294503571233,-1.0075283371329782,1.2714566512934178,0.0,0.0,0.0,0.0,0.0,0.0,0.0,0.0,0.0,0.0,1.0,0.0,0.0,1.0,1.0,1.0,0
-2.1852475740272856,0.8234418942804282,0.11231951676233393,-0.16941624411146455,-1.0075283371329782,-2.265666046022571,0.0,1.0,1.0,0.0,0.0,1.0,0.0,0.0,0.0,1.0,1.0,0.0,1.0,0.0,1.0,0.0,1
-1.1231420090305198,0.2859308735050463,-0.4296881509385895,2.4100627992564956,-1.0075283371329782,1.8272902180145016,0.0,1.0,0.0,0.0,0.0,0.0,0.0,0.0,1.0,0.0,1.0,0.0,0.0,0.0,1.0,0.0,0
-0.8701903061795401,0.7819498154837322,-0.2369556107157454,-1.6332247935838895,0.9925279152401798,0.1597895178512499,0.0,0.0,0.0,0.0,0.0,1.0,0.0,0.0,0.0,0.0,1.0,0.0,1.0,0.0,0.0,1.0,0
-0.47654788675726545,-1.7540963339991817,0.8201276666636971,-0.2620494694257832,0.9925279152401798,-0.24445307612772016,0.0,1.0,1.0,0.0,0.0,0.0,1.0,1.0,0.0,0.0,0.0,1.0,0.0,0.0,0.0,0.0,0
1.5631030198048146,-1.3863256355739202,-1.2469077865559768,-1.6708888522281728,0.9925279152401798,-0.19392275188034908,0.0,1.0,0.0,1.0,0.0,0.0,0.0,0.0,0.0,0.0,0.0,1.0,1.0,0.0,0.0,0.0,0
-0.9263207993193825,-0.10824387506356697,0.27643674533637175,0.14003980529021712,-1.0075283371329782,0.21031984209862142,0.0,1.0,1.0,0.0,0.0,0.0,1.0,0.0,0.0,1.0,0.0,0.0,0.0,1.0,1.0,0.0,0
1.2984878378598408,-0.6721589459823015,2.2567846367964255,0.24896019109936074,0.9925279152401798,0.8166837330670763,1.0,0.0,1.0,0.0,0.0,1.0,0.0,1.0,0.0,0.0,1.0,0.0,0.0,0.0,1.0,1.0,0
1.6870274851784925,0.7404577366870363,-1.0592250072123341,1.2485846664692655,0.9925279152401798,-1.4571808580646306,0.0,0.0,0.0,0.0,0.0,0.0,0.0,0.0,1.0,0.0,0.0,0.0,0.0,1.0,1.0,0.0,0
2.0522401743091585,-1.1097117769292792,-1.599549421286858,-0.70994638303348,0.9925279152401798,-0.34551372462246277,0.0,0.0,1.0,0.0,0.0,0.0,1.0,0.0,0.0,1.0,0.0,1.0,1.0,0.0,0.0,0.0,0
1.5426919313903262,-1.33288886742666,-1.1989350582035658,-0.5989901021624822,0.9925279152401798,1.1703960027986753,0.0,0.0,0.0,1.0,0.0,0.0,1.0,1.0,0.0,0.0,0.0,1.0,1.0,0.0,1.0,1.0,0
0.4266427755838414,-1.9514980422137662,2.248368368664424,-1.571129994197368,-1.0075283371329782,-0.4971046973645765,1.0,0.0,0.0,1.0,0.0,0.0,1.0,0.0,0.0,1.0,0.0,1.0,1.0,0.0,0.0,0.0,0
-0.8315550316806871,-0.5036759593532929,-0.8404020357802838,-0.22845720090520616,-1.0075283371329782,-0.9013472913435465,0.0,0.0,1.0,0.0,0.0,0.0,1.0,0.0,0.0,0.0,0.0,0.0,0.0,0.0,1.0,0.0,0
0.008944430530205731,-0.1491072859997075,-2.3923618793214394,0.9767926757118677,0.9925279152401798,-0.14339242763297752,0.0,0.0,0.0,0.0,0.0,1.0,0.0,0.0,1.0,0.0,1.0,0.0,0.0,0.0,0.0,1.0,0
-0.21047476992554376,0.8114972049298643,-0.33710920148656814,0.5024291263000806,0.9925279152401798,0.1092591936038788,0.0,0.0,1.0,0.0,0.0,1.0,0.0,0.0,0.0,1.0,1.0,0.0,0.0,1.0,0.0,0.0,1
2.0522401743091585,1.0151855917500088,-0.4911269083022039,0.7935621201450832,-1.0075283371329782,1.4735779482829032,0.0,1.0,0.0,0.0,0.0,0.0,0.0,0.0,0.0,1.0,0.0,1.0,0.0,1.0,0.0,1.0,0
1.8087650482220479,-0.6331815386278291,1.4993205049162521,-2.3732726485675153,-1.0075283371329782,0.6650927603249626,0.0,0.0,0.0,1.0,0.0,0.0,1.0,1.0,0.0,0.0,0.0,1.0,1.0,0.0,0.0,1.0,0
0.5243244129960356,-0.22329009354531576,-0.44988719445539427,-0.6427618459923244,0.9925279152401798,-0.5981653458593191,0.0,0.0,0.0,0.0,0.0,0.0,1.0,1.0,0.0,0.0,1.0,0.0,0.0,0.0,0.0,0.0,0
-0.3810531516751951,-0.44772451976380867,1.2973300697482064,-0.19588287991555478,-1.0075283371329782,0.41244113908810626,1.0,0.0,0.0,0.0,0.0,0.0,0.0,0.0,0.0,0.0,1.0,0.0,1.0,0.0,0.0,1.0,0
1.2226752237488847,0.1601973013938458,0.04498937170631873,0.850567181876972,-1.0075283371329782,-1.0024079398382892,0.0,1.0,1.0,0.0,0.0,1.0,0.0,0.0,0.0,1.0,0.0,1.0,0.0,1.0,0.0,1.0,0
0.09204671907490809,-0.857615964846322,-0.8479766770990859,-0.25186999411651795,0.9925279152401798,0.8166837330670763,1.0,0.0,0.0,1.0,0.0,0.0,0.0,0.0,0.0,1.0,0.0,1.0,0.0,1.0,0.0,1.0,0
2.0522401743091585,-1.5447499364340327,0.5398659378680329,-0.06863943854973198,0.9925279152401798,-0.19392275188034908,0.0,0.0,1.0,0.0,0.0,0.0,1.0,1.0,0.0,0.0,0.0,1.0,0.0,1.0,1.0,0.0,0
-1.2397767999704525,0.8793933338699125,-0.12586087137332053,0.1492013330685567,0.9925279152401798,1.4735779482829032,0.0,0.0,1.0,0.0,0.0,1.0,0.0,0.0,0.0,1.0,0.0,0.0,0.0,1.0,1.0,0.0,1
-0.8220784549168174,1.6513974666326836,-0.19487427005573577,-0.4127057040029178,0.9925279152401798,-0.34551372462246277,0.0,1.0,1.0,0.0,0.0,0.0,0.0,0.0,1.0,0.0,0.0,0.0,0.0,0.0,1.0,1.0,0
1.2423573447199983,0.049551757935989066,-0.6939589702834501,0.8149390182945407,0.9925279152401798,2.130472163498729,0.0,0.0,1.0,0.0,0.0,0.0,0.0,0.0,1.0,0.0,0.0,1.0,1.0,0.0,0.0,1.0,0
-0.865087534075918,-0.5099626379588525,0.4018391405032013,-0.2651033120185631,-1.0075283371329782,1.4230476240355316,1.0,0.0,0.0,1.0,0.0,1.0,0.0,0.0,0.0,1.0,1.0,0.0,1.0,0.0,0.0,0.0,1
0.9267144417388045,-0.3659976978915281,-2.0818015852505685,0.1644705460324546,-1.0075283371329782,0.1092591936038788,0.0,0.0,0.0,1.0,0.0,0.0,1.0,0.0,0.0,1.0,1.0,0.0,0.0,0.0,0.0,0.0,0
0.11027090515927264,-1.819477791497006,-0.4540953285213956,1.2170282930105412,-1.0075283371329782,-0.9518776155909179,0.0,0.0,0.0,1.0,0.0,1.0,0.0,1.0,0.0,0.0,0.0,1.0,0.0,1.0,1.0,1.0,0
0.5658755572683862,1.8902912536439642,-0.13259388587892193,-1.0702998089814895,0.9925279152401798,-0.6486956701066902,0.0,1.0,1.0,0.0,0.0,0.0,1.0,0.0,0.0,1.0,0.0,0.0,0.0,0.0,1.0,1.0,0
0.9172378649749352,0.03446372928264533,-0.771388637097868,1.0368515800365363,-1.0075283371329782,0.56403211183022,0.0,1.0,0.0,0.0,0.0,0.0,1.0,1.0,0.0,0.0,0.0,1.0,0.0,1.0,0.0,1.0,0
0.07163563066041972,-0.7985211859540579,1.458080791069443,0.933020931882024,-1.0075283371329782,-0.39604404886983385,1.0,0.0,0.0,1.0,0.0,0.0,1.0,0.0,0.0,1.0,1.0,0.0,0.0,1.0,1.0,0.0,0
-0.9824512924592256,-0.5231646630305287,-1.1964101777639657,0.6490135707535083,0.9925279152401798,-0.34551372462246277,1.0,0.0,0.0,1.0,0.0,0.0,0.0,0.0,0.0,1.0,0.0,1.0,0.0,0.0,0.0,1.0,0
0.33770874749214247,0.9749508486744246,-0.6325202129198363,0.28051656455808505,0.9925279152401798,-0.09286210338560645,1.0,0.0,0.0,0.0,0.0,0.0,0.0,0.0,0.0,0.0,0.0,0.0,0.0,1.0,0.0,1.0,0
-0.6646214871479079,0.31170625578784217,0.5011511044608234,-0.58473883672951,-1.0075283371329782,0.6145624360775915,0.0,0.0,1.0,0.0,0.0,0.0,1.0,1.0,0.0,0.0,1.0,0.0,1.0,0.0,1.0,0.0,0
-0.5560053380850951,0.0910438367326859,-0.38760681027857985,-0.9084461515641624,0.9925279152401798,0.41244113908810626,1.0,0.0,1.0,0.0,0.0,0.0,0.0,0.0,1.0,0.0,0.0,0.0,0.0,0.0,0.0,1.0,0
-2.4775635188204927,-0.3747990479393121,0.3395587563263862,-1.5690940991355147,-1.0075283371329782,-1.5077111823120017,1.0,0.0,1.0,0.0,0.0,0.0,1.0,0.0,0.0,0.0,1.0,0.0,0.0,0.0,0.0,0.0,1
-1.406710344503232,-1.2467613705304879,-1.9723900995345434,1.678158524520283,0.9925279152401798,-0.19392275188034908,1.0,0.0,0.0,0.0,0.0,0.0,1.0,0.0,1.0,0.0,0.0,0.0,0.0,0.0,0.0,0.0,0
-0.6471262685069179,0.30290490574005813,-0.366566139948575,-0.10833939225586875,0.9925279152401798,-0.09286210338560645,1.0,0.0,1.0,0.0,0.0,1.0,0.0,1.0,0.0,0.0,0.0,1.0,1.0,0.0,0.0,0.0,1
0.3136528218607814,1.0912544028772855,1.9378080745935533,0.054532212692383855,0.9925279152401798,0.6650927603249626,0.0,1.0,1.0,0.0,0.0,0.0,0.0,0.0,0.0,1.0,0.0,0.0,0.0,1.0,1.0,1.0,0
-1.1552165765390012,-0.05606444263741888,2.485707129986878,-1.4316711824604265,-1.0075283371329782,1.0693353543039326,0.0,0.0,0.0,1.0,0.0,0.0,1.0,0.0,0.0,0.0,1.0,0.0,0.0,0.0,0.0,1.0,0
0.016234104963951133,-0.7595437785995859,-0.4145388683009861,1.7249841109429052,0.9925279152401798,-1.0529382640856604,1.0,0.0,1.0,0.0,0.0,0.0,0.0,0.0,0.0,0.0,1.0,0.0,0.0,0.0,0.0,0.0,0
1.308693382067085,-0.48984526642106047,0.8024535035864923,2.2746757776432602,0.9925279152401798,-1.6087718308067445,0.0,1.0,0.0,1.0,0.0,0.0,0.0,0.0,1.0,0.0,0.0,0.0,0.0,0.0,0.0,1.0,1
1.493122145240854,2.1493024121930375,-0.6653436586346438,0.11866290714075808,0.9925279152401798,1.9283508665092448,0.0,1.0,0.0,0.0,0.0,1.0,0.0,0.0,0.0,0.0,0.0,0.0,0.0,0.0,1.0,0.0,1
-1.0094230878640849,1.0145569238894534,-0.6468278687442397,0.8902671355831088,0.9925279152401798,0.7661534088197052,1.0,0.0,0.0,0.0,0.0,1.0,0.0,0.0,0.0,1.0,1.0,0.0,1.0,0.0,0.0,0.0,1
0.7051083389529311,0.32239360941729434,-0.9506551483095093,1.008349049170592,-1.0075283371329782,1.1703960027986753,0.0,1.0,1.0,0.0,0.0,0.0,1.0,1.0,0.0,0.0,0.0,1.0,0.0,0.0,1.0,0.0,0
-0.07342889057112167,0.4996779460940875,0.270545357643971,-0.7058745929097731,0.9925279152401798,0.6650927603249626,0.0,0.0,0.0,1.0,0.0,0.0,1.0,0.0,1.0,0.0,0.0,0.0,1.0,0.0,1.0,1.0,0
1.25693669358749,0.01497502560540911,-0.2504216397269482,-0.5348594077141066,-1.0075283371329782,-1.1539989125804029,0.0,1.0,1.0,0.0,0.0,1.0,0.0,0.0,1.0,0.0,1.0,0.0,1.0,0.0,0.0,0.0,1
0.043934867812185946,1.3552949043108067,-0.35310011093737226,-0.04828048793120148,-1.0075283371329782,1.2209263270460469,0.0,0.0,1.0,0.0,0.0,1.0,0.0,1.0,0.0,0.0,0.0,0.0,1.0,0.0,1.0,0.0,1
-0.2024561280484234,0.6367275396952955,0.7645802969924834,0.9717029380572351,-1.0075283371329782,-0.8508169670961755,1.0,0.0,0.0,0.0,0.0,0.0,0.0,0.0,1.0,0.0,1.0,0.0,1.0,0.0,1.0,0.0,0
-1.1610483160859977,1.1987566070323616,-1.8958020595333256,-0.9288051021826944,-1.0075283371329782,-1.0529382640856604,0.0,0.0,0.0,1.0,0.0,1.0,0.0,0.0,0.0,1.0,0.0,0.0,0.0,0.0,0.0,1.0,0
0.205765640241343,-0.06989513556965087,-0.7528728472074638,0.17770386393450113,-1.0075283371329782,-0.19392275188034908,0.0,0.0,1.0,0.0,0.0,0.0,0.0,1.0,0.0,0.0,0.0,1.0,0.0,0.0,1.0,1.0,0
0.7043793715095572,0.5990074680619357,-1.9934307698645484,0.6571571510009208,-1.0075283371329782,0.6650927603249626,0.0,1.0,1.0,0.0,0.0,0.0,0.0,1.0,0.0,0.0,1.0,0.0,0.0,0.0,0.0,0.0,0
-1.8980344013377,0.28655954136560263,-0.4944934155550046,2.5515575060552904,-1.0075283371329782,0.21031984209862142,1.0,0.0,0.0,0.0,0.0,0.0,0.0,0.0,1.0,0.0,0.0,1.0,1.0,0.0,1.0,1.0,0
-0.0056349183372861105,-0.8104658753046218,-1.3622106599644037,-0.3231263212813776,-1.0075283371329782,-0.4971046973645765,0.0,1.0,1.0,0.0,0.0,0.0,1.0,0.0,0.0,1.0,1.0,0.0,1.0,0.0,0.0,0.0,0
-1.615924000751737,-1.1826372487537753,-0.0745216357681088,2.0609067961486787,-1.0075283371329782,-1.8108931277962295,1.0,0.0,1.0,0.0,0.0,0.0,1.0,0.0,1.0,0.0,0.0,0.0,1.0,0.0,1.0,1.0,1
1.2365256051730016,0.8969960339654806,-0.04927283137210206,1.4002588485773255,-1.0075283371329782,-0.9518776155909179,0.0,0.0,1.0,0.0,0.0,0.0,0.0,0.0,0.0,0.0,1.0,0.0,1.0,0.0,1.0,1.0,0
0.33916668237889136,0.10235985822269349,1.6844784038202947,0.4393163793826321,-1.0075283371329782,-0.09286210338560645,0.0,0.0,0.0,0.0,0.0,0.0,0.0,0.0,0.0,0.0,0.0,0.0,0.0,0.0,0.0,1.0,0
0.4324745151308379,-1.0191836050092147,0.7149243150136729,-0.29462379041543313,0.9925279152401798,-1.760362803548858,0.0,1.0,1.0,0.0,0.0,1.0,0.0,0.0,0.0,1.0,0.0,0.0,0.0,0.0,1.0,1.0,1
0.016234104963951133,0.5493427070780111,1.1997013594169832,1.2190641880723938,0.9925279152401798,-1.4571808580646306,0.0,0.0,1.0,0.0,0.0,1.0,0.0,1.0,0.0,0.0,0.0,0.0,0.0,1.0,1.0,1.0,0
0.1547379192051221,-0.2258047649875397,0.05256401302512075,1.7086969504480802,-1.0075283371329782,-0.5981653458593191,0.0,1.0,0.0,1.0,0.0,1.0,0.0,0.0,0.0,1.0,1.0,0.0,1.0,0.0,0.0,1.0,0
-1.1807304370571117,-0.3854864015687643,-0.19403264324253633,0.006688678738834601,-1.0075283371329782,-1.9624841005383433,0.0,0.0,1.0,0.0,0.0,0.0,0.0,0.0,0.0,0.0,0.0,1.0,1.0,0.0,0.0,1.0,0
0.8662101439387142,-0.6841036353328654,-0.5475159047866169,0.6144033547020041,0.9925279152401798,0.3113804905933636,0.0,1.0,1.0,0.0,0.0,0.0,1.0,0.0,1.0,0.0,0.0,1.0,0.0,0.0,1.0,1.0,0
0.8683970462688381,0.18282934437386186,0.2882195207211745,-1.4184378645583806,-1.0075283371329782,1.0693353543039326,0.0,1.0,1.0,0.0,0.0,0.0,0.0,0.0,1.0,0.0,1.0,0.0,1.0,0.0,0.0,0.0,0
0.7087531761698038,-0.41189045171211647,1.5304606970046597,-0.8219206114354035,-1.0075283371329782,-1.5077111823120017,0.0,0.0,1.0,0.0,0.0,1.0,0.0,0.0,0.0,1.0,0.0,1.0,0.0,0.0,1.0,1.0,1
-0.9569374319411151,0.6788482863525478,-0.3472087232449709,0.5462008701299229,0.9925279152401798,2.181002487746101,0.0,0.0,1.0,0.0,0.0,1.0,0.0,0.0,1.0,0.0,0.0,0.0,1.0,0.0,1.0,0.0,1
0.33916668237889136,-0.5772300990383449,-0.46166996984019704,1.290320515237255,0.9925279152401798,1.1198656785513041,0.0,0.0,0.0,0.0,0.0,0.0,0.0,0.0,1.0,0.0,0.0,0.0,0.0,1.0,0.0,0.0,0
2.043492564988663,-1.0525030016186827,0.5625898618244378,-0.4778543459822191,-1.0075283371329782,0.9682747058091904,0.0,0.0,1.0,0.0,0.0,0.0,1.0,0.0,1.0,0.0,0.0,0.0,0.0,0.0,1.0,1.0,0
-0.39927733775955965,0.6222681789025073,-0.730990550064259,-0.10121375953938336,0.9925279152401798,0.008198545109136179,0.0,1.0,0.0,1.0,0.0,0.0,0.0,0.0,0.0,0.0,0.0,0.0,1.0,0.0,1.0,0.0,0
-0.85269508753855,0.7392004009659237,-1.1711613733679596,0.18991923430561913,0.9925279152401798,0.21031984209862142,0.0,1.0,1.0,0.0,0.0,0.0,0.0,0.0,0.0,0.0,0.0,1.0,1.0,0.0,0.0,0.0,0
1.2540208238139912,0.545570699914675,1.8073559185475223,1.3361281541289514,0.9925279152401798,-1.3055898853225167,0.0,1.0,1.0,0.0,0.0,1.0,0.0,0.0,0.0,1.0,0.0,0.0,0.0,1.0,0.0,1.0,0
-0.5290335426802353,0.264556166246142,0.32272622006238216,-0.05947791077139383,-1.0075283371329782,1.4735779482829032,0.0,0.0,0.0,1.0,0.0,0.0,0.0,1.0,0.0,0.0,0.0,1.0,0.0,1.0,1.0,1.0,0
0.16421449596899132,-0.2515801472703356,0.7460645071020793,0.28560630221271766,-1.0075283371329782,0.8166837330670763,1.0,0.0,0.0,0.0,0.0,0.0,1.0,0.0,1.0,0.0,1.0,0.0,0.0,1.0,1.0,1.0,0
-0.094568946428985,0.49464860320963955,1.7164602227219017,0.19093718183654623,0.9925279152401798,1.0693353543039326,1.0,0.0,0.0,0.0,0.0,0.0,1.0,0.0,0.0,1.0,0.0,0.0,1.0,0.0,1.0,1.0,0
-0.1419518302483322,-0.7268530498506736,2.31990664778644,0.4108138485166877,-1.0075283371329782,-1.558241506559373,1.0,0.0,0.0,1.0,0.0,1.0,0.0,0.0,1.0,0.0,1.0,0.0,0.0,1.0,1.0,0.0,1
-0.532678379897108,-0.019601706725170847,0.129152053026338,-0.30887505584840536,0.9925279152401798,-0.44657437311720516,0.0,1.0,1.0,0.0,0.0,0.0,0.0,1.0,0.0,0.0,0.0,0.0,0.0,0.0,1.0,1.0,0
0.20430770535459414,0.8045818584637483,0.8630506341369061,-1.2514944694864212,-1.0075283371329782,-0.5476350216119478,0.0,0.0,1.0,0.0,0.0,1.0,0.0,0.0,0.0,1.0,1.0,0.0,1.0,0.0,0.0,0.0,1
-0.6726401290250283,0.9007680411288167,2.0615272161339817,0.12986032998095043,0.9925279152401798,-1.3055898853225167,1.0,0.0,0.0,1.0,0.0,0.0,1.0,0.0,0.0,1.0,1.0,0.0,0.0,0.0,0.0,0.0,1
0.5651465898250113,-0.13024725018302716,0.8159195325976951,2.0385119504682923,0.9925279152401798,-0.9013472913435465,0.0,1.0,1.0,0.0,0.0,0.0,1.0,0.0,0.0,0.0,0.0,0.0,0.0,0.0,1.0,0.0,0
0.48714707338393154,-0.7589151107390296,-0.674601553579846,0.9747567806500149,-1.0075283371329782,-0.19392275188034908,0.0,1.0,0.0,0.0,0.0,0.0,0.0,0.0,1.0,0.0,0.0,1.0,0.0,1.0,0.0,1.0,0
0.4098765243862257,-0.7035923390101017,-0.6207374375350335,0.04944247503775123,0.9925279152401798,1.1198656785513041,0.0,1.0,0.0,0.0,0.0,0.0,0.0,0.0,0.0,1.0,0.0,0.0,0.0,1.0,1.0,0.0,0
-0.32054885387510496,-1.561723968669045,1.8132473062399244,-0.7130002256262584,0.9925279152401798,-0.09286210338560645,1.0,0.0,0.0,0.0,0.0,0.0,0.0,0.0,1.0,0.0,0.0,0.0,1.0,0.0,0.0,0.0,0
-0.5931826776971987,-0.28930021890369584,1.9470659695387553,-0.22438541078149918,-1.0075283371329782,0.1597895178512499,0.0,0.0,0.0,1.0,0.0,0.0,0.0,0.0,0.0,1.0,0.0,1.0,1.0,0.0,0.0,0.0,0
-0.1798581373038112,0.9931822166305491,1.992513817451565,1.5885791417987443,0.9925279152401798,0.7156230845723341,1.0,0.0,1.0,0.0,0.0,0.0,1.0,0.0,0.0,1.0,1.0,0.0,0.0,0.0,0.0,0.0,0
0.4295586453573391,-0.23900679005921582,0.5078841189664248,1.4094203763556652,-1.0075283371329782,-0.6992259943540615,0.0,1.0,0.0,0.0,0.0,1.0,0.0,0.0,0.0,0.0,0.0,1.0,1.0,0.0,1.0,0.0,1
1.9013439135306205,1.2735680824385258,0.9446884350173247,0.2530319812230677,-1.0075283371329782,-0.9013472913435465,0.0,1.0,1.0,0.0,0.0,0.0,0.0,0.0,0.0,1.0,0.0,0.0,0.0,0.0,0.0,0.0,0
-0.1506994395688275,0.30856291648506234,-1.5162283667800387,-0.45647744783276006,-1.0075283371329782,-0.5476350216119478,0.0,0.0,1.0,0.0,0.0,0.0,0.0,0.0,1.0,0.0,0.0,1.0,0.0,1.0,1.0,1.0,0
0.37853092432111923,0.7498877545953758,1.3183707400782114,-1.3176610589966489,-1.0075283371329782,-0.4971046973645765,0.0,1.0,1.0,0.0,0.0,0.0,0.0,1.0,0.0,0.0,0.0,0.0,0.0,0.0,0.0,1.0,0
0.743743613451784,-0.3351929727242843,-0.05853072631730413,1.3992409010464,-1.0075283371329782,-1.2550595610751456,1.0,0.0,0.0,1.0,0.0,1.0,0.0,0.0,0.0,0.0,0.0,1.0,0.0,0.0,1.0,0.0,1
-0.25421281652801825,1.0899970671561738,-0.7907460538014728,-0.4605492379564671,0.9925279152401798,-0.8508169670961755,0.0,0.0,1.0,0.0,0.0,0.0,0.0,0.0,1.0,0.0,1.0,0.0,0.0,1.0,1.0,1.0,0
0.4412221244513332,1.560240626852063,0.7502726411680811,-2.238903574485206,-1.0075283371329782,-2.265666046022571,1.0,0.0,1.0,0.0,0.0,0.0,0.0,1.0,0.0,0.0,0.0,1.0,0.0,0.0,0.0,0.0,1
-0.6624345848177842,1.2295613321996062,0.46580277830641514,-0.028939484843595202,-1.0075283371329782,0.41244113908810626,0.0,0.0,0.0,1.0,0.0,0.0,1.0,0.0,0.0,1.0,1.0,0.0,0.0,0.0,1.0,0.0,0
1.2015351678910215,-0.4219491374810123,0.19227406401635247,-0.13277013299810764,-1.0075283371329782,-0.14339242763297752,1.0,0.0,1.0,0.0,0.0,0.0,1.0,0.0,0.0,1.0,0.0,0.0,1.0,0.0,1.0,0.0,0
-1.4242055631442216,1.2207599821518222,-0.0913541720321117,0.9248773516346115,-1.0075283371329782,-0.9013472913435465,1.0,0.0,1.0,0.0,0.0,0.0,1.0,0.0,1.0,0.0,1.0,0.0,1.0,0.0,0.0,0.0,0
-0.094568946428985,0.12939257622660202,0.21078985390675664,-0.4045621237555053,0.9925279152401798,1.321986975540789,1.0,0.0,0.0,1.0,0.0,0.0,1.0,1.0,0.0,0.0,0.0,1.0,0.0,1.0,0.0,1.0,0
-0.8228074223601918,1.1101144386939654,-0.38844843709178045,1.3544512096856292,-1.0075283371329782,0.41244113908810626,0.0,1.0,1.0,0.0,0.0,0.0,1.0,0.0,1.0,0.0,1.0,0.0,0.0,0.0,0.0,0.0,0
0.12047644936651683,-0.6771882888667494,-1.8646618674449187,-1.419455812089307,-1.0075283371329782,2.5852450817250707,0.0,0.0,0.0,1.0,0.0,1.0,0.0,1.0,0.0,0.0,0.0,1.0,0.0,0.0,1.0,1.0,0
-1.458467032982827,-0.36222569072819233,0.33535062226038553,-1.9375911053309378,-1.0075283371329782,1.7767598937671305,0.0,1.0,0.0,0.0,0.0,0.0,0.0,0.0,0.0,0.0,0.0,0.0,1.0,0.0,0.0,0.0,0
0.18098074716660698,0.7373143973842565,-0.3951814515973819,-0.7313232811829377,-1.0075283371329782,-0.29498340037509146,1.0,0.0,1.0,0.0,0.0,0.0,0.0,0.0,0.0,0.0,0.0,1.0,1.0,0.0,1.0,0.0,0
0.8982847114471957,-0.20317272200752368,-0.874908735121492,0.9482901448459233,-1.0075283371329782,-1.0529382640856604,1.0,0.0,0.0,0.0,0.0,0.0,0.0,0.0,1.0,0.0,1.0,0.0,0.0,0.0,1.0,1.0,0
-0.920489059772386,-1.3429475531955557,0.3959477528107993,-0.0024728490395049874,0.9925279152401798,-0.9518776155909179,0.0,1.0,0.0,1.0,0.0,0.0,1.0,0.0,1.0,0.0,0.0,0.0,0.0,1.0,0.0,0.0,0
-1.6144660658649876,-2.716586828510421,-0.35983312544297363,0.05046042256867834,0.9925279152401798,-1.356120209569888,1.0,0.0,0.0,0.0,0.0,0.0,0.0,0.0,0.0,1.0,0.0,1.0,1.0,0.0,0.0,0.0,0
-0.8410316084445564,-0.25535215443367176,0.637494648199255,0.9920618886757671,0.9925279152401798,0.2608501663459925,0.0,0.0,1.0,0.0,0.0,1.0,0.0,0.0,0.0,1.0,0.0,0.0,0.0,0.0,0.0,0.0,1
0.6956317621890619,2.1493024121930375,1.3478276785402177,0.1115372744242727,0.9925279152401798,-0.9518776155909179,0.0,1.0,1.0,0.0,0.0,0.0,0.0,1.0,0.0,0.0,1.0,0.0,0.0,1.0,0.0,0.0,0
1.6607846572170077,-0.28238487243757987,1.8528037664603334,0.18686539171283928,-1.0075283371329782,0.4629714633354778,0.0,0.0,0.0,0.0,0.0,0.0,1.0,1.0,0.0,0.0,0.0,0.0,1.0,0.0,0.0,1.0,0
-1.9804077224390277,0.4550425279946108,-0.8210446190766797,-0.2630674169567103,-1.0075283371329782,1.0693353543039326,1.0,0.0,0.0,0.0,0.0,0.0,0.0,0.0,0.0,1.0,0.0,1.0,0.0,1.0,0.0,1.0,0
-2.7116531890741546,-0.4955032771660647,-0.9254063439135032,2.082283694298136,0.9925279152401798,-0.39604404886983385,0.0,1.0,1.0,0.0,0.0,0.0,1.0,0.0,0.0,1.0,1.0,0.0,1.0,0.0,1.0,0.0,0
1.1716475027126638,1.050390991941145,-1.5280111421648415,-0.019777957065257062,0.9925279152401798,-0.29498340037509146,0.0,1.0,1.0,0.0,0.0,1.0,0.0,1.0,0.0,0.0,1.0,0.0,1.0,0.0,1.0,1.0,0
-0.17548433264356353,-1.285110110024404,-1.8848609109617236,0.6673366263101861,-1.0075283371329782,-1.2045292368277742,1.0,0.0,0.0,0.0,0.0,0.0,0.0,0.0,0.0,0.0,0.0,0.0,0.0,0.0,1.0,0.0,0
1.1840399492500318,0.11996255831826162,1.561600889093067,0.10033985158408035,0.9925279152401798,0.3113804905933636,0.0,1.0,0.0,1.0,0.0,0.0,1.0,0.0,0.0,1.0,0.0,0.0,0.0,1.0,1.0,1.0,0
-0.40000630520293456,1.023986941797793,0.41193866226160275,1.5346279226596353,0.9925279152401798,0.4629714633354778,0.0,0.0,1.0,0.0,0.0,0.0,0.0,0.0,0.0,1.0,0.0,1.0,0.0,0.0,0.0,1.0,0
0.2786623845788012,1.7557563314849798,-1.7695580375532967,0.6439238330988757,-1.0075283371329782,0.4629714633354778,0.0,0.0,1.0,0.0,0.0,0.0,1.0,0.0,1.0,0.0,1.0,0.0,1.0,0.0,1.0,1.0,0
0.7342670366879148,1.091883070737842,-0.9666460577603128,0.25506787628492045,0.9925279152401798,0.1597895178512499,0.0,0.0,1.0,0.0,0.0,0.0,0.0,0.0,1.0,0.0,0.0,0.0,0.0,1.0,0.0,0.0,0
1.094376953714958,0.8146405442326441,-0.5508824120394177,0.525841919511391,-1.0075283371329782,-0.44657437311720516,0.0,1.0,1.0,0.0,0.0,1.0,0.0,1.0,0.0,0.0,0.0,1.0,0.0,1.0,0.0,0.0,1
-0.0646812812506274,0.09355850817490942,1.3158458596386107,0.6795519966813055,0.9925279152401798,2.5347147574776994,0.0,1.0,1.0,0.0,0.0,0.0,0.0,1.0,0.0,0.0,0.0,0.0,0.0,0.0,0.0,0.0,0
0.544735501410523,0.2626701626644739,0.5499654596264344,-0.7241976484664522,0.9925279152401798,1.4735779482829032,0.0,0.0,0.0,0.0,0.0,0.0,0.0,0.0,0.0,0.0,1.0,0.0,0.0,0.0,0.0,1.0,0
-0.8417605758879313,-0.8286972432607458,0.8386434565541012,-1.6159196855581375,0.9925279152401798,0.3619108148407351,0.0,0.0,0.0,1.0,0.0,0.0,1.0,0.0,0.0,1.0,0.0,1.0,0.0,1.0,1.0,0.0,0
2.0522401743091585,0.595864128759156,0.44897024204241104,-0.21318798794130683,-1.0075283371329782,1.0693353543039326,0.0,0.0,0.0,0.0,0.0,1.0,0.0,0.0,0.0,0.0,0.0,1.0,1.0,0.0,1.0,1.0,0
-0.8541530224252988,0.659988250535868,-0.16625895840692892,2.032404265282734,0.9925279152401798,-1.2045292368277742,0.0,1.0,1.0,0.0,0.0,0.0,1.0,0.0,0.0,0.0,0.0,1.0,1.0,0.0,1.0,0.0,0
-0.6289020824225533,0.21803474456499813,0.7923539818280908,-1.8022040837177025,-1.0075283371329782,0.6145624360775915,1.0,0.0,0.0,0.0,0.0,0.0,1.0,0.0,1.0,0.0,0.0,0.0,0.0,0.0,1.0,0.0,0
-1.8295114616604893,-0.4043464373854442,1.4370401207394383,-1.864298883104224,-1.0075283371329782,-1.0024079398382892,1.0,0.0,1.0,0.0,0.0,1.0,0.0,0.0,1.0,0.0,1.0,0.0,0.0,1.0,0.0,1.0,0
-0.5173700635862422,-1.6151607368163052,0.6635850794084612,-0.7750950250127814,0.9925279152401798,-0.04233177913823491,1.0,0.0,1.0,0.0,0.0,1.0,0.0,0.0,1.0,0.0,0.0,0.0,0.0,0.0,1.0,0.0,1
1.519364973202339,1.4445657405097592,1.0616745620521515,1.1305027528817821,-1.0075283371329782,-1.2045292368277742,1.0,0.0,0.0,1.0,0.0,0.0,1.0,0.0,1.0,0.0,1.0,0.0,0.0,0.0,0.0,1.0,0
-0.65222904061054,-0.3351929727242843,-0.7932709342410729,-0.32821605893601163,0.9925279152401798,-1.2045292368277742,1.0,0.0,1.0,0.0,0.0,1.0,0.0,0.0,1.0,0.0,1.0,0.0,1.0,0.0,0.0,0.0,1
1.2357966377296268,1.012042252447229,0.780571206443288,0.24081661085194825,-1.0075283371329782,0.41244113908810626,0.0,1.0,0.0,1.0,0.0,1.0,0.0,0.0,0.0,0.0,1.0,0.0,1.0,0.0,1.0,0.0,1
0.9223406370785567,0.698336990029784,0.8546343660049046,0.70805452754725,-1.0075283371329782,0.1092591936038788,1.0,0.0,0.0,1.0,0.0,1.0,0.0,0.0,0.0,0.0,0.0,1.0,1.0,0.0,1.0,0.0,1
0.4324745151308379,-0.3370789763059519,-0.5433077707206156,-0.6753361669819758,-1.0075283371329782,0.6145624360775915,0.0,0.0,0.0,0.0,0.0,0.0,1.0,0.0,0.0,0.0,1.0,0.0,0.0,1.0,1.0,1.0,0
0.30709211487040994,-1.0399296444075625,-0.453253701708195,-0.7130002256262584,-1.0075283371329782,0.4629714633354778,0.0,0.0,0.0,1.0,0.0,0.0,0.0,1.0,0.0,0.0,1.0,0.0,1.0,0.0,0.0,0.0,0
-1.0137968925243326,0.2048327194933216,0.08622908555312894,0.2571037713467732,0.9925279152401798,0.3113804905933636,0.0,1.0,0.0,0.0,0.0,1.0,0.0,0.0,0.0,0.0,0.0,1.0,0.0,0.0,0.0,0.0,1
0.3245873335113995,-0.1220745679957994,1.7753740996459155,-0.33228784905971714,-1.0075283371329782,-0.5981653458593191,1.0,0.0,1.0,0.0,0.0,0.0,1.0,0.0,0.0,1.0,1.0,0.0,0.0,0.0,1.0,1.0,0
0.44413799422483097,1.3075161469085503,-0.5138508322586088,1.5437894504379734,0.9925279152401798,1.321986975540789,0.0,1.0,1.0,0.0,0.0,0.0,0.0,0.0,0.0,1.0,1.0,0.0,1.0,0.0,0.0,0.0,0
-0.66972425925153,0.1979173730272056,-0.45493695533459566,0.49937528370730083,-1.0075283371329782,-0.24445307612772016,0.0,0.0,1.0,0.0,0.0,1.0,0.0,0.0,0.0,1.0,1.0,0.0,0.0,0.0,1.0,0.0,1
0.5345299572032798,0.5832907715480357,-0.22685608895734272,0.4779983855578418,0.9925279152401798,-1.1034685883330317,1.0,0.0,0.0,1.0,0.0,1.0,0.0,0.0,1.0,0.0,0.0,1.0,0.0,0.0,1.0,1.0,0
0.1634855285256174,0.7964091762765205,0.4674860319328164,0.9258952991655386,0.9925279152401798,1.321986975540789,0.0,0.0,0.0,1.0,0.0,1.0,0.0,0.0,1.0,0.0,0.0,1.0,0.0,0.0,0.0,1.0,0
0.7648836693096474,0.5141373068868749,0.11400277038873517,0.19908076208395872,-1.0075283371329782,0.058728869356507264,1.0,0.0,0.0,0.0,0.0,1.0,0.0,0.0,0.0,0.0,0.0,1.0,1.0,0.0,1.0,1.0,0
-1.2521692465078205,-1.146803180702083,-0.17383359972573093,-1.5426274633314236,-1.0075283371329782,-1.2045292368277742,0.0,1.0,0.0,1.0,0.0,0.0,1.0,1.0,0.0,0.0,1.0,0.0,0.0,1.0,0.0,0.0,0
0.2516905891739413,-0.6602142566317372,-0.19908240412173647,-0.8239565064972563,0.9925279152401798,0.6650927603249626,0.0,1.0,1.0,0.0,0.0,0.0,1.0,0.0,0.0,0.0,1.0,0.0,0.0,0.0,1.0,1.0,0
1.758466294629202,0.25135414117446636,-1.7645082766740958,1.4104383238865923,0.9925279152401798,0.41244113908810626,0.0,1.0,1.0,0.0,0.0,1.0,0.0,0.0,0.0,0.0,0.0,1.0,1.0,0.0,1.0,0.0,1
1.1599840236186707,-0.3578250157043003,-0.8437685430330846,0.4403343269135592,0.9925279152401798,1.5241082725302741,0.0,1.0,1.0,0.0,0.0,0.0,1.0,1.0,0.0,0.0,0.0,1.0,0.0,0.0,1.0,0.0,0
-0.40438010986318224,-0.9267694295074823,1.004443938754539,-0.9562896855177117,-1.0075283371329782,0.8166837330670763,0.0,0.0,1.0,0.0,0.0,0.0,1.0,0.0,0.0,1.0,1.0,0.0,1.0,0.0,0.0,0.0,0
0.6139874085311083,-2.267717976073436,1.3183707400782114,1.4806767035205262,-1.0075283371329782,0.6650927603249626,0.0,0.0,1.0,0.0,0.0,0.0,0.0,0.0,1.0,0.0,0.0,0.0,0.0,0.0,1.0,0.0,0
0.9908635767557673,-1.3473482282194478,-2.0304623496453567,0.3018934627075441,0.9925279152401798,0.8672140573144478,0.0,1.0,1.0,0.0,0.0,0.0,1.0,0.0,0.0,1.0,0.0,0.0,1.0,0.0,1.0,1.0,0
-0.6835746406756469,0.012460354163185599,-0.19403264324253633,1.603848354762642,0.9925279152401798,-0.8508169670961755,0.0,1.0,0.0,1.0,0.0,0.0,1.0,0.0,1.0,0.0,0.0,1.0,1.0,0.0,0.0,0.0,0
-0.5618370776320917,-0.628780863603937,0.23603865830276338,-1.200597092940092,-1.0075283371329782,-1.2550595610751456,1.0,0.0,0.0,1.0,0.0,1.0,0.0,0.0,0.0,0.0,1.0,0.0,1.0,0.0,0.0,0.0,1
0.5286982176562822,0.9510614699732968,-0.21254843313294047,-1.18023814232156,0.9925279152401798,-1.3055898853225167,0.0,0.0,1.0,0.0,0.0,0.0,1.0,0.0,0.0,0.0,1.0,0.0,0.0,0.0,0.0,0.0,1
-0.46998717976689397,1.048504988359477,-0.35646661819017295,1.3972050059845458,0.9925279152401798,0.9177443815618189,0.0,1.0,0.0,1.0,0.0,0.0,0.0,0.0,1.0,0.0,1.0,0.0,0.0,0.0,0.0,0.0,0
0.793313399601256,0.4053777670106871,1.4555559106298424,-0.7211438058736723,0.9925279152401798,0.56403211183022,0.0,1.0,1.0,0.0,0.0,0.0,1.0,1.0,0.0,0.0,0.0,0.0,0.0,1.0,0.0,1.0,0
-0.656602845270787,-0.25409481871255957,-0.945605387430308,1.146789913376607,-1.0075283371329782,-0.9013472913435465,0.0,0.0,0.0,0.0,0.0,1.0,0.0,0.0,0.0,0.0,0.0,1.0,0.0,0.0,0.0,0.0,1
-2.0700707179741014,-0.6092921599267013,1.027167862710944,-0.9929357966310686,-1.0075283371329782,-0.6486956701066902,1.0,0.0,1.0,0.0,0.0,1.0,0.0,0.0,1.0,0.0,1.0,0.0,0.0,1.0,0.0,0.0,1
1.294114033199593,0.7995525155793004,0.032364969508316556,-0.2915699478226547,-1.0075283371329782,-1.1539989125804029,0.0,0.0,0.0,1.0,0.0,0.0,0.0,0.0,0.0,0.0,0.0,1.0,0.0,1.0,0.0,1.0,0
-0.10550345807960311,-1.8917745954609462,-0.284928339068157,-0.14498550336922564,-1.0075283371329782,-1.2550595610751456,0.0,0.0,0.0,0.0,0.0,0.0,1.0,0.0,0.0,0.0,0.0,0.0,1.0,0.0,0.0,1.0,0
-1.3585984932405095,0.4022344277079064,1.267873131286199,-0.12869834287440068,-1.0075283371329782,0.9682747058091904,1.0,0.0,0.0,1.0,0.0,0.0,0.0,0.0,0.0,1.0,0.0,0.0,0.0,1.0,0.0,0.0,0
0.6723048040010747,-1.7943310770747656,-0.6140044230294321,-1.0764074941670492,-1.0075283371329782,1.2714566512934178,1.0,0.0,1.0,0.0,0.0,1.0,0.0,0.0,1.0,0.0,1.0,0.0,0.0,1.0,1.0,0.0,1
1.1680026654957911,0.8429305979576645,-2.709129171139661,0.02093994417180681,0.9925279152401798,-0.44657437311720516,0.0,0.0,1.0,0.0,0.0,0.0,1.0,1.0,0.0,0.0,1.0,0.0,1.0,0.0,1.0,0.0,0
-1.7733809685206463,0.27021417699114625,1.6432386899734857,-1.6749606423518797,-1.0075283371329782,-0.7497563186014329,0.0,1.0,0.0,0.0,0.0,0.0,1.0,1.0,0.0,0.0,0.0,0.0,1.0,0.0,0.0,0.0,0
0.20868151001484075,0.7027376650536756,0.27643674533637175,1.712768740571787,-1.0075283371329782,-1.356120209569888,0.0,1.0,1.0,0.0,0.0,0.0,0.0,0.0,0.0,1.0,1.0,0.0,0.0,1.0,1.0,0.0,0
-0.8680034038494162,-0.306902918999264,-0.44399580676299294,0.33243188863534123,-1.0075283371329782,-0.44657437311720516,1.0,0.0,0.0,1.0,0.0,0.0,0.0,0.0,0.0,0.0,0.0,1.0,0.0,0.0,0.0,0.0,0
0.24002711007994829,0.40663510273179887,0.31599320555678073,0.2224935552952705,-1.0075283371329782,-0.29498340037509146,1.0,0.0,0.0,1.0,0.0,0.0,0.0,0.0,0.0,1.0,0.0,0.0,0.0,0.0,1.0,0.0,0
-0.4094828819668038,-1.4473064180478523,-1.5397939175496442,-0.28851610522987486,-1.0075283371329782,-1.9624841005383433,0.0,1.0,0.0,1.0,0.0,1.0,0.0,0.0,0.0,0.0,0.0,1.0,1.0,0.0,0.0,1.0,0
-1.4169158887104762,0.34691165597897844,0.8655755145765067,-1.099820287378361,0.9925279152401798,-0.6992259943540615,0.0,1.0,0.0,0.0,0.0,1.0,0.0,0.0,0.0,0.0,0.0,1.0,1.0,0.0,0.0,0.0,1
-0.6988829569865133,1.8865192464806282,-0.6241039447878343,1.8227070739118578,0.9925279152401798,0.7661534088197052,0.0,1.0,1.0,0.0,0.0,0.0,0.0,0.0,0.0,1.0,0.0,0.0,1.0,0.0,0.0,0.0,0
-1.3381874048260212,-0.48984526642106047,0.5474405791868338,-0.6162952101882343,0.9925279152401798,1.2714566512934178,0.0,0.0,1.0,0.0,0.0,1.0,0.0,0.0,0.0,1.0,0.0,0.0,1.0,0.0,0.0,0.0,1
0.5257823478827844,-1.1027964304631628,1.1879185840321804,-0.9705409509506839,0.9925279152401798,-0.14339242763297752,0.0,0.0,0.0,0.0,0.0,0.0,1.0,1.0,0.0,0.0,0.0,0.0,0.0,0.0,0.0,1.0,0
0.5104740315719176,0.44875584938905116,-0.95318002874911,0.3303959935734885,0.9925279152401798,-0.09286210338560645,1.0,0.0,0.0,0.0,0.0,1.0,0.0,0.0,0.0,0.0,0.0,0.0,0.0,1.0,0.0,1.0,0
-0.394903533099312,-0.007657017374606943,1.6407138095338851,0.12375264479539215,0.9925279152401798,1.1198656785513041,0.0,1.0,0.0,0.0,0.0,1.0,0.0,1.0,0.0,0.0,0.0,1.0,0.0,1.0,1.0,0.0,1
-0.9933858041098442,-1.405814339251156,-2.709129171139661,1.2994820430155944,-1.0075283371329782,-0.44657437311720516,0.0,0.0,1.0,0.0,0.0,0.0,0.0,0.0,0.0,1.0,0.0,0.0,1.0,0.0,0.0,0.0,0
1.3181699588309552,1.4759991335375593,-0.643461361491439,0.1247705923263178,-1.0075283371329782,0.8672140573144478,0.0,0.0,1.0,0.0,0.0,0.0,1.0,1.0,0.0,0.0,1.0,0.0,1.0,0.0,1.0,0.0,0
1.2248621260790087,1.1082284351122973,-0.9792704599583155,-0.5776132040130232,0.9925279152401798,-0.39604404886983385,0.0,0.0,1.0,0.0,0.0,0.0,0.0,1.0,0.0,0.0,0.0,0.0,0.0,1.0,0.0,1.0,0
-1.5036630144720513,-1.564238640111269,-0.8690173474290906,-2.4557263985725677,-1.0075283371329782,1.5241082725302741,1.0,0.0,1.0,0.0,0.0,0.0,1.0,1.0,0.0,0.0,1.0,0.0,0.0,1.0,1.0,0.0,0
1.1745633724861615,-1.3354035388688839,0.04667262533271998,-0.22133156818871932,0.9925279152401798,-0.4971046973645765,0.0,1.0,1.0,0.0,0.0,0.0,1.0,0.0,0.0,0.0,1.0,0.0,0.0,1.0,1.0,0.0,0
2.0522401743091585,-2.734896779949114,-0.6981671043494514,0.7111083701400298,-1.0075283371329782,0.8672140573144478,0.0,1.0,1.0,0.0,0.0,1.0,0.0,1.0,0.0,0.0,0.0,0.0,1.0,0.0,1.0,1.0,0
-0.845405413104804,0.7253697080336917,-0.23527235708934535,0.7487724287843138,-1.0075283371329782,-1.4066505338172592,1.0,0.0,1.0,0.0,0.0,0.0,0.0,0.0,0.0,0.0,0.0,1.0,0.0,0.0,0.0,1.0,1
0.05632731434955396,1.9468713610940047,0.01721568687071251,0.4097959009857606,0.9925279152401798,-0.04233177913823491,1.0,0.0,1.0,0.0,0.0,0.0,1.0,0.0,0.0,1.0,1.0,0.0,0.0,0.0,1.0,1.0,0
-0.25056797931114555,1.0579350062678174,-1.106356108751545,0.31614472814051625,-1.0075283371329782,0.9682747058091904,0.0,0.0,0.0,1.0,0.0,0.0,1.0,0.0,1.0,0.0,0.0,0.0,0.0,1.0,0.0,0.0,0
0.2589802636076878,-0.2918148903459198,0.14682621610354274,-0.8707820929198798,0.9925279152401798,-0.4971046973645765,1.0,0.0,1.0,0.0,0.0,0.0,1.0,1.0,0.0,0.0,1.0,0.0,0.0,1.0,1.0,0.0,0
1.367739744980426,2.129185040655246,-1.2889891272159866,1.057210530655067,0.9925279152401798,0.3619108148407351,0.0,1.0,0.0,1.0,0.0,0.0,1.0,0.0,0.0,1.0,0.0,0.0,1.0,0.0,1.0,0.0,0
-0.8366578037843092,0.13505058697160535,0.9775118807321322,0.3588985244394315,0.9925279152401798,1.5241082725302741,0.0,0.0,1.0,0.0,0.0,0.0,1.0,1.0,0.0,0.0,1.0,0.0,1.0,0.0,1.0,0.0,0
-0.9817223250158505,0.6989656578903404,0.087912339179529,0.8597287096553101,0.9925279152401798,-1.1539989125804029,1.0,0.0,1.0,0.0,0.0,0.0,1.0,0.0,0.0,1.0,1.0,0.0,1.0,0.0,1.0,0.0,0
1.7147282480267274,-0.9707761797464027,-0.0576890995041047,0.6154213022329312,-1.0075283371329782,0.1092591936038788,1.0,0.0,0.0,1.0,0.0,0.0,0.0,0.0,1.0,0.0,1.0,0.0,0.0,1.0,1.0,1.0,0
0.2006628681377204,0.40600643487124255,0.25371282137996687,-1.1059279725639206,-1.0075283371329782,0.6650927603249626,1.0,0.0,1.0,0.0,0.0,0.0,0.0,0.0,0.0,1.0,0.0,1.0,0.0,1.0,0.0,0.0,0
-0.5035196821621253,0.19603136944553842,-0.9043656735834983,-0.668210534265489,0.9925279152401798,-0.6992259943540615,0.0,1.0,0.0,0.0,0.0,0.0,0.0,0.0,1.0,0.0,0.0,0.0,0.0,1.0,0.0,0.0,0
0.15692482153524592,-0.8840200149896742,-0.0644221140097061,0.4617112250630168,-1.0075283371329782,0.9177443815618189,0.0,0.0,1.0,0.0,0.0,0.0,0.0,1.0,0.0,0.0,0.0,0.0,0.0,0.0,0.0,0.0,0
0.08985981674478427,0.1979173730272056,-1.136654674026752,0.1705782312180143,-1.0075283371329782,0.56403211183022,1.0,0.0,0.0,0.0,0.0,0.0,0.0,0.0,0.0,1.0,0.0,0.0,1.0,0.0,1.0,0.0,0
-0.49695897517175386,0.4298958135723712,0.14093482841114077,1.9428248825611938,0.9925279152401798,-2.265666046022571,1.0,0.0,1.0,0.0,0.0,1.0,0.0,1.0,0.0,0.0,1.0,0.0,1.0,0.0,0.0,1.0,0
1.0725079304137208,0.0765844759398976,0.9749870002925316,0.5187162867949057,0.9925279152401798,0.008198545109136179,1.0,0.0,0.0,1.0,0.0,0.0,1.0,1.0,0.0,0.0,0.0,1.0,0.0,0.0,0.0,1.0,0
0.9784711302183993,1.0202149346344576,-1.4354321927128202,-0.61731315771916,-1.0075283371329782,-0.5981653458593191,0.0,0.0,0.0,1.0,0.0,1.0,0.0,0.0,0.0,0.0,0.0,1.0,0.0,0.0,0.0,1.0,0
1.531757419739707,0.4902479281857471,0.6972501519364682,0.17261412627986705,0.9925279152401798,-0.8508169670961755,0.0,0.0,1.0,0.0,0.0,0.0,0.0,1.0,0.0,0.0,0.0,1.0,0.0,1.0,1.0,1.0,0
-0.3030536352341153,-1.0116395906825428,0.2840113866551738,1.8033660708242532,0.9925279152401798,0.3113804905933636,0.0,0.0,1.0,0.0,0.0,0.0,0.0,1.0,0.0,0.0,0.0,0.0,1.0,0.0,1.0,0.0,0
0.11683161214964412,-0.4885879306999487,1.6886865378862954,0.7966159627378631,0.9925279152401798,-0.9518776155909179,0.0,0.0,1.0,0.0,0.0,0.0,1.0,0.0,0.0,1.0,0.0,1.0,0.0,0.0,1.0,0.0,0
-2.2049296949983987,1.1547498567934422,0.05256401302512075,-1.0733536515742692,0.9925279152401798,0.1597895178512499,0.0,0.0,1.0,0.0,0.0,0.0,0.0,0.0,0.0,0.0,1.0,0.0,0.0,0.0,1.0,1.0,0
1.3028616425200883,0.10424586180436156,1.033059250403346,-0.020795904596182718,0.9925279152401798,0.9177443815618189,1.0,0.0,1.0,0.0,0.0,0.0,1.0,0.0,0.0,1.0,1.0,0.0,0.0,0.0,0.0,1.0,0
1.194245493457276,-1.7446663160908413,0.8697836486425075,0.8434415491604852,0.9925279152401798,0.008198545109136179,0.0,0.0,1.0,0.0,0.0,0.0,0.0,0.0,0.0,1.0,0.0,1.0,1.0,0.0,0.0,1.0,0
0.8829763951363289,0.6304408610897358,0.938797047324924,-1.244368836769935,-1.0075283371329782,0.7661534088197052,0.0,1.0,1.0,0.0,0.0,1.0,0.0,1.0,0.0,0.0,0.0,1.0,0.0,1.0,1.0,0.0,1
0.8385093810904795,1.8689165463850608,-1.0356594564427286,0.26422940406326006,-1.0075283371329782,0.21031984209862142,0.0,1.0,1.0,0.0,0.0,1.0,0.0,0.0,0.0,0.0,0.0,1.0,0.0,1.0,1.0,0.0,1
0.16129862619549357,0.39406174552067863,0.8529511123785046,2.1677912868959694,0.9925279152401798,-0.29498340037509146,1.0,0.0,1.0,0.0,0.0,1.0,0.0,0.0,0.0,1.0,0.0,1.0,1.0,0.0,1.0,1.0,0
-0.3672027702510782,0.6134668288547231,0.812553025344895,-0.5134825095646489,-1.0075283371329782,-0.19392275188034908,1.0,0.0,0.0,0.0,0.0,1.0,0.0,0.0,0.0,1.0,0.0,0.0,1.0,0.0,1.0,1.0,0
-0.022401169534900744,1.2905421146735385,1.4227324649150348,-0.6244387904356468,0.9925279152401798,0.6145624360775915,0.0,1.0,1.0,0.0,0.0,0.0,0.0,1.0,0.0,0.0,0.0,1.0,0.0,1.0,1.0,1.0,0
0.6023239294371153,0.27084284485170257,1.4951123708502514,-0.1795957194207298,-1.0075283371329782,-0.34551372462246277,1.0,0.0,0.0,0.0,0.0,1.0,0.0,0.0,1.0,0.0,1.0,0.0,0.0,0.0,1.0,1.0,0
-0.15215737445557637,1.1811539069367933,-0.8799584960006928,-0.480908188574999,-1.0075283371329782,-0.29498340037509146,0.0,1.0,0.0,0.0,0.0,1.0,0.0,0.0,0.0,0.0,1.0,0.0,0.0,0.0,1.0,1.0,0
-1.1238709764738943,-1.3957556534822602,-1.1341297935871513,-1.7604682349497123,0.9925279152401798,0.56403211183022,0.0,1.0,1.0,0.0,0.0,0.0,1.0,0.0,0.0,0.0,1.0,0.0,0.0,0.0,1.0,0.0,0
-1.09617021362566,-0.6595855887711813,-0.15026804895612544,0.28662424974364475,-1.0075283371329782,-1.558241506559373,0.0,0.0,0.0,1.0,0.0,1.0,0.0,0.0,0.0,0.0,1.0,0.0,0.0,0.0,0.0,1.0,1
0.4390352221212094,-0.4804152485127205,-1.158536971169957,-1.2128124633112107,-1.0075283371329782,0.4629714633354778,1.0,0.0,0.0,1.0,0.0,0.0,1.0,0.0,0.0,0.0,0.0,0.0,0.0,1.0,1.0,1.0,0
-0.8636295991891686,-0.4370371661343565,0.21583961478595798,0.005670731207907498,0.9925279152401798,-1.8614234520436008,0.0,1.0,0.0,1.0,0.0,1.0,0.0,0.0,0.0,1.0,0.0,0.0,0.0,1.0,1.0,1.0,0
-0.5997433846875702,-0.41503379101489635,0.6021463220448467,-0.07881891385899867,0.9925279152401798,-0.34551372462246277,1.0,0.0,1.0,0.0,0.0,0.0,1.0,0.0,0.0,0.0,0.0,1.0,0.0,0.0,1.0,0.0,0
0.6577254551335839,-0.0755531463146551,-0.0879876647793116,-1.6881939602539249,-1.0075283371329782,0.7156230845723341,1.0,0.0,1.0,0.0,0.0,0.0,0.0,1.0,0.0,0.0,0.0,0.0,1.0,0.0,0.0,1.0,0
-0.21776444435928916,-0.3949164194771042,-0.5298417417094129,0.0301014719501464,-1.0075283371329782,1.4230476240355316,1.0,0.0,0.0,1.0,0.0,1.0,0.0,0.0,1.0,0.0,0.0,1.0,1.0,0.0,1.0,1.0,0
0.3581198359066308,-0.16859598967694325,-1.1795776414999617,0.8597287096553101,0.9925279152401798,0.9682747058091904,1.0,0.0,0.0,0.0,0.0,0.0,1.0,0.0,1.0,0.0,1.0,0.0,0.0,1.0,0.0,0.0,0
-0.4422864169186602,0.12562056906326585,0.2806448794023725,-0.28648021016802067,-1.0075283371329782,0.058728869356507264,1.0,0.0,0.0,1.0,0.0,0.0,0.0,1.0,0.0,0.0,0.0,1.0,0.0,0.0,1.0,1.0,0
0.6650151295673293,-0.3427369870509561,-1.7990149760153036,0.5920085090216195,-1.0075283371329782,0.21031984209862142,0.0,0.0,0.0,1.0,0.0,0.0,0.0,0.0,0.0,1.0,0.0,1.0,1.0,0.0,1.0,1.0,0
-0.33221233296909797,-1.092737744694267,1.3907506460134278,-0.9216794694662089,0.9925279152401798,-0.44657437311720516,1.0,0.0,1.0,0.0,0.0,0.0,1.0,1.0,0.0,0.0,0.0,1.0,1.0,0.0,0.0,1.0,0
-2.7116531890741546,-0.28930021890369584,2.31654014053364,0.6958391571761304,-1.0075283371329782,0.2608501663459925,1.0,0.0,0.0,1.0,0.0,1.0,0.0,1.0,0.0,0.0,0.0,1.0,1.0,0.0,0.0,0.0,1
-1.1508427718787535,1.21007262852237,-0.32532642610176543,-0.8555128799559806,-1.0075283371329782,-1.1034685883330317,1.0,0.0,0.0,1.0,0.0,0.0,1.0,0.0,0.0,0.0,0.0,1.0,0.0,0.0,0.0,0.0,0
1.4595896428456239,-0.046005756868523054,-1.382409703481208,0.6469776756916555,-1.0075283371329782,0.41244113908810626,0.0,1.0,0.0,1.0,0.0,1.0,0.0,0.0,0.0,1.0,1.0,0.0,0.0,1.0,0.0,1.0,0
0.8778736230327073,-0.4646985519988205,-0.08293790390011024,-1.5965786824705326,0.9925279152401798,-0.09286210338560645,0.0,0.0,0.0,0.0,0.0,1.0,0.0,0.0,1.0,0.0,0.0,1.0,0.0,1.0,1.0,1.0,0
0.37415711966087156,1.509947198007583,0.5827889053412421,-0.776112972543707,0.9925279152401798,0.3619108148407351,1.0,0.0,0.0,0.0,0.0,1.0,0.0,0.0,0.0,0.0,1.0,0.0,1.0,0.0,0.0,0.0,1
-1.6195688379686097,0.9548334771366329,-0.7133163869870549,1.675104681927503,-1.0075283371329782,-0.39604404886983385,0.0,0.0,0.0,1.0,0.0,0.0,1.0,0.0,0.0,1.0,1.0,0.0,1.0,0.0,1.0,0.0,0
-1.1741697300667402,-0.9569454868141702,1.2729228921654003,-0.21115209287945408,-1.0075283371329782,1.6251689210250169,1.0,0.0,0.0,0.0,0.0,0.0,0.0,0.0,1.0,0.0,0.0,0.0,0.0,1.0,1.0,0.0,0
-0.8228074223601918,1.3735262722669304,-0.045906324119301956,0.9666132004026025,-1.0075283371329782,-1.6087718308067445,0.0,1.0,0.0,1.0,0.0,0.0,1.0,0.0,0.0,0.0,0.0,0.0,1.0,0.0,1.0,0.0,0
0.47985739895018614,1.9657313969106847,-0.09219579884531233,2.5515575060552904,0.9925279152401798,1.0693353543039326,1.0,0.0,1.0,0.0,0.0,0.0,1.0,1.0,0.0,0.0,1.0,0.0,1.0,0.0,1.0,1.0,0
0.45944631053569773,0.6511869004880838,0.6181372314956503,0.2377627682591684,-1.0075283371329782,-1.6593021550541156,1.0,0.0,0.0,0.0,0.0,0.0,1.0,0.0,1.0,0.0,0.0,0.0,1.0,0.0,0.0,0.0,0
-0.18860574662430546,0.40600643487124255,-0.0677886212625074,-1.1161074478731858,0.9925279152401798,0.058728869356507264,0.0,0.0,0.0,1.0,0.0,0.0,1.0,0.0,0.0,1.0,1.0,0.0,0.0,0.0,1.0,0.0,0
-0.33148336552572405,0.8026958548820802,0.26549559676476964,-1.0377254879918394,0.9925279152401798,1.1198656785513041,0.0,0.0,0.0,0.0,0.0,0.0,0.0,0.0,0.0,1.0,1.0,0.0,0.0,1.0,0.0,0.0,0
1.6768219409712484,-0.7878338323246057,0.45402000292161243,-0.055406120647686866,-1.0075283371329782,0.1092591936038788,0.0,1.0,1.0,0.0,0.0,0.0,0.0,0.0,0.0,1.0,1.0,0.0,0.0,1.0,0.0,0.0,0
-0.6478552359502923,0.9296867627143924,-1.1282384058947499,1.6211534627883941,-1.0075283371329782,1.5241082725302741,0.0,1.0,0.0,1.0,0.0,0.0,0.0,0.0,1.0,0.0,0.0,1.0,0.0,0.0,0.0,0.0,0
-1.0808618973147937,-0.306902918999264,1.3234205009574116,0.49224965099081397,0.9925279152401798,1.8778205422618728,1.0,0.0,1.0,0.0,0.0,0.0,1.0,0.0,0.0,0.0,0.0,0.0,0.0,0.0,0.0,1.0,0
0.34864325914276056,-0.5615134025244448,1.2855472943634039,0.9157158238562734,0.9925279152401798,-1.2550595610751456,0.0,0.0,0.0,1.0,0.0,0.0,0.0,0.0,0.0,0.0,0.0,0.0,1.0,0.0,1.0,0.0,0
-0.3431468446197171,-1.6692261728241213,-0.2840867122549564,0.6042238793927389,0.9925279152401798,-1.356120209569888,0.0,0.0,1.0,0.0,0.0,1.0,0.0,0.0,0.0,0.0,0.0,0.0,0.0,1.0,1.0,1.0,0
0.19264422626060004,-1.2279013347138075,-1.2696317105123822,1.641512413406926,0.9925279152401798,0.1597895178512499,0.0,1.0,0.0,0.0,0.0,1.0,0.0,0.0,0.0,0.0,0.0,1.0,0.0,1.0,0.0,1.0,0
-1.4314952375779677,0.15202461920661806,1.3688683488702225,-0.10324965460123613,-1.0075283371329782,-0.44657437311720516,0.0,0.0,1.0,0.0,0.0,0.0,0.0,0.0,1.0,0.0,0.0,0.0,0.0,1.0,0.0,0.0,0
0.7240614924806706,-0.20380138986807955,1.0843984860085576,0.5533265028464098,0.9925279152401798,-1.760362803548858,1.0,0.0,0.0,1.0,0.0,0.0,1.0,0.0,1.0,0.0,0.0,1.0,1.0,0.0,1.0,0.0,0
-0.7776114408709679,0.6279261896475115,2.6826478042757236,-0.4340826021523754,-1.0075283371329782,1.3725172997881605,0.0,0.0,1.0,0.0,0.0,0.0,0.0,0.0,1.0,0.0,0.0,1.0,1.0,0.0,0.0,0.0,0
-0.8920593294807773,-0.4175484624571203,1.2552487290881968,0.7161981077946624,0.9925279152401798,0.4629714633354778,0.0,1.0,0.0,0.0,0.0,1.0,0.0,0.0,1.0,0.0,1.0,0.0,0.0,1.0,0.0,1.0,0
1.7242048247905968,-0.13087591804358348,0.3378755026999862,-0.00959848175599037,0.9925279152401798,-0.8002866428488041,0.0,1.0,1.0,0.0,0.0,0.0,1.0,0.0,0.0,0.0,0.0,0.0,0.0,0.0,0.0,1.0,0
-1.4263924654743456,-0.5954614669944689,1.2746061457918005,0.3700959472796238,0.9925279152401798,-1.1539989125804029,0.0,1.0,1.0,0.0,0.0,1.0,0.0,0.0,0.0,1.0,0.0,1.0,1.0,0.0,1.0,0.0,1
-0.9831802599025999,0.5493427070780111,1.4799630882126473,0.09830395652222759,-1.0075283371329782,-1.8614234520436008,0.0,0.0,0.0,0.0,0.0,0.0,1.0,0.0,0.0,0.0,0.0,0.0,1.0,0.0,0.0,1.0,0
-0.8811248178301586,0.013717689884297354,-0.7831714124826707,-0.4636030805492469,0.9925279152401798,-0.9013472913435465,0.0,1.0,0.0,0.0,0.0,1.0,0.0,0.0,1.0,0.0,1.0,0.0,0.0,0.0,0.0,0.0,1
-0.7207519802877504,0.4927625996279715,-1.5305360226044422,1.977435098612698,0.9925279152401798,-0.5476350216119478,0.0,1.0,1.0,0.0,0.0,1.0,0.0,1.0,0.0,0.0,1.0,0.0,1.0,0.0,1.0,1.0,0
1.6855695502917438,1.3892429687808303,-0.5862307381938259,1.0317618423819024,0.9925279152401798,0.1597895178512499,1.0,0.0,1.0,0.0,0.0,1.0,0.0,0.0,0.0,0.0,0.0,0.0,0.0,1.0,0.0,1.0,0
-0.1579891140025729,0.9730648450927574,-0.14521828807692408,0.7864364874285963,0.9925279152401798,2.282063136240843,0.0,0.0,1.0,0.0,0.0,0.0,1.0,0.0,0.0,0.0,1.0,0.0,0.0,1.0,1.0,1.0,0
-0.2432783048773991,0.9435174556466245,0.002908031046309087,-1.1629330342958086,0.9925279152401798,-0.14339242763297752,1.0,0.0,0.0,1.0,0.0,0.0,0.0,0.0,0.0,0.0,0.0,1.0,0.0,1.0,0.0,1.0,0
1.8226154296461647,-0.7475990892490215,0.14345970885074144,0.10542958923871297,-1.0075283371329782,2.4841844332303284,0.0,0.0,0.0,0.0,0.0,1.0,0.0,0.0,0.0,0.0,0.0,1.0,0.0,1.0,0.0,0.0,1
1.6593267223302588,-0.4144051231543404,-1.512861859527238,-1.092694654661874,-1.0075283371329782,-0.04233177913823491,1.0,0.0,1.0,0.0,0.0,0.0,0.0,0.0,0.0,0.0,0.0,1.0,0.0,0.0,1.0,1.0,0
-2.2063876298851484,1.454624426278655,1.1416291093061701,0.8515851294078977,-1.0075283371329782,-0.4971046973645765,1.0,0.0,1.0,0.0,0.0,0.0,1.0,0.0,1.0,0.0,0.0,1.0,0.0,0.0,1.0,0.0,0
-0.6544159429406637,0.01937570062930159,1.0490501598541493,1.2048129226394215,-1.0075283371329782,-0.44657437311720516,0.0,0.0,0.0,0.0,0.0,0.0,0.0,0.0,1.0,0.0,0.0,0.0,1.0,0.0,0.0,0.0,0
0.12485025402676447,0.5971214644802677,-0.8361939017142831,1.4755869658658936,0.9925279152401798,0.6145624360775915,0.0,1.0,1.0,0.0,0.0,0.0,1.0,1.0,0.0,0.0,0.0,1.0,0.0,0.0,1.0,0.0,0
-0.12883041626759026,0.360113681050655,0.08538745873992833,0.9605055152170427,-1.0075283371329782,-0.19392275188034908,0.0,1.0,0.0,1.0,0.0,0.0,1.0,0.0,0.0,1.0,0.0,1.0,0.0,1.0,1.0,0.0,0
0.7473884506686567,-0.37919972296320414,0.08286257830032764,0.5339854997588049,-1.0075283371329782,-0.7497563186014329,1.0,0.0,1.0,0.0,0.0,0.0,1.0,1.0,0.0,0.0,0.0,1.0,1.0,0.0,1.0,1.0,0
-1.6917366148626933,-0.4156624588754522,0.5684812495168386,-1.0988023398474338,0.9925279152401798,0.3619108148407351,1.0,0.0,1.0,0.0,0.0,1.0,0.0,1.0,0.0,0.0,1.0,0.0,1.0,0.0,1.0,1.0,0
0.8180982926759911,1.7092349098038357,0.5381826842416317,-0.9257512595899144,0.9925279152401798,0.41244113908810626,0.0,0.0,0.0,0.0,0.0,0.0,0.0,0.0,0.0,1.0,1.0,0.0,0.0,1.0,1.0,1.0,0
1.7737746109400687,-0.8796193399657821,-0.3892900639049805,2.4039551140709357,-1.0075283371329782,-1.4571808580646306,0.0,0.0,1.0,0.0,0.0,1.0,0.0,0.0,1.0,0.0,1.0,0.0,1.0,0.0,0.0,1.0,0
1.881661792559506,0.13002124408715746,0.5491238328132351,-0.07881891385899867,0.9925279152401798,0.8166837330670763,0.0,1.0,0.0,0.0,0.0,1.0,0.0,0.0,0.0,0.0,0.0,1.0,0.0,1.0,0.0,0.0,1
0.4886050082706804,-0.4508678590665885,-0.587913991820226,-1.635260688645743,0.9925279152401798,0.008198545109136179,0.0,0.0,1.0,0.0,0.0,0.0,1.0,0.0,0.0,1.0,0.0,1.0,0.0,1.0,1.0,1.0,0
-0.5180990310296172,0.2312367696366738,-0.3724575276409764,-2.052619176325641,-1.0075283371329782,1.675699245272388,0.0,1.0,0.0,0.0,0.0,1.0,0.0,0.0,0.0,1.0,1.0,0.0,1.0,0.0,0.0,1.0,0
-1.5430272564142788,-0.8538439576829863,-1.1080393623779452,-0.9267692071208415,-1.0075283371329782,-0.44657437311720516,0.0,0.0,1.0,0.0,0.0,0.0,1.0,0.0,0.0,0.0,0.0,1.0,0.0,0.0,1.0,1.0,0
0.5862866456828746,-0.14282060739414737,0.9623625980945294,0.6184751448257111,0.9925279152401798,0.56403211183022,0.0,0.0,1.0,0.0,0.0,1.0,0.0,0.0,1.0,0.0,1.0,0.0,0.0,0.0,0.0,0.0,1
0.5892025154563734,-1.4957138433106643,0.23267215104996208,1.3432537868454368,-1.0075283371329782,-1.6593021550541156,1.0,0.0,0.0,0.0,0.0,0.0,0.0,0.0,0.0,1.0,0.0,0.0,0.0,1.0,0.0,0.0,0
-1.2419637023005763,-0.562770738245557,-1.203984819082767,2.03036837022088,-1.0075283371329782,-0.6486956701066902,1.0,0.0,1.0,0.0,0.0,0.0,0.0,0.0,1.0,0.0,1.0,0.0,1.0,0.0,1.0,0.0,0
0.2159711844485872,-0.2779841974136878,-0.1426934076373234,-1.7655579726043449,0.9925279152401798,0.7661534088197052,0.0,0.0,1.0,0.0,0.0,0.0,0.0,0.0,1.0,0.0,1.0,0.0,0.0,0.0,0.0,0.0,0
-1.0312921111653222,0.6197535074602837,-0.8715422278686907,0.5736854534649403,0.9925279152401798,0.8166837330670763,0.0,0.0,0.0,1.0,0.0,0.0,0.0,0.0,0.0,1.0,0.0,0.0,1.0,0.0,0.0,0.0,0
-0.608490994008065,-0.7155370283606656,1.4555559106298424,-0.1714521391733173,-1.0075283371329782,-1.356120209569888,1.0,0.0,0.0,0.0,0.0,0.0,1.0,0.0,0.0,1.0,0.0,0.0,0.0,0.0,1.0,0.0,1
-0.38834282610894155,0.9824948630010969,0.7881458477620888,-0.9644332657651256,-1.0075283371329782,-0.24445307612772016,0.0,0.0,0.0,0.0,0.0,1.0,0.0,0.0,0.0,1.0,1.0,0.0,0.0,1.0,1.0,0.0,1
-0.3212778213184799,0.7630897796670524,-0.16373407796732825,1.6354047282213664,-1.0075283371329782,0.008198545109136179,1.0,0.0,1.0,0.0,0.0,0.0,0.0,0.0,1.0,0.0,0.0,0.0,1.0,0.0,0.0,1.0,0
1.2234041911922586,0.15579662636995423,0.5011511044608234,-0.19181108979184924,0.9925279152401798,0.7156230845723341,1.0,0.0,0.0,1.0,0.0,0.0,0.0,0.0,0.0,0.0,0.0,0.0,0.0,1.0,0.0,0.0,0
-0.0530178021566333,-0.16545265037416343,1.3596104539250204,1.3086435707939341,-1.0075283371329782,-1.4066505338172592,0.0,0.0,1.0,0.0,0.0,1.0,0.0,0.0,0.0,0.0,1.0,0.0,1.0,0.0,1.0,1.0,0
-0.6077620265646905,-0.13087591804358348,-0.09303742565851295,0.900446610892374,0.9925279152401798,0.1597895178512499,0.0,0.0,0.0,0.0,0.0,0.0,0.0,1.0,0.0,0.0,0.0,0.0,1.0,0.0,1.0,1.0,0
0.16640139829911516,-1.5196032220117925,0.8075032644656936,-1.0153306423114548,0.9925279152401798,0.1597895178512499,0.0,0.0,0.0,0.0,0.0,0.0,0.0,0.0,0.0,0.0,1.0,0.0,0.0,1.0,1.0,1.0,0
0.8975557440038208,-1.0128969264036545,0.6290783800672524,-0.5114466145027962,-1.0075283371329782,-1.911953776290972,0.0,1.0,1.0,0.0,0.0,0.0,1.0,0.0,0.0,1.0,0.0,0.0,0.0,1.0,1.0,0.0,0
1.3633659403201785,0.9856382023038767,-1.9244173711821324,0.3283600985116343,-1.0075283371329782,0.008198545109136179,1.0,0.0,0.0,0.0,0.0,0.0,0.0,0.0,1.0,0.0,0.0,1.0,1.0,0.0,0.0,0.0,0
0.059243184123051705,0.10361719394380524,0.0037496578595097104,1.0969104843612036,-1.0075283371329782,-0.24445307612772016,0.0,0.0,0.0,1.0,0.0,0.0,1.0,1.0,0.0,0.0,0.0,1.0,1.0,0.0,1.0,0.0,0
-1.5393824191974061,-0.7255957141295614,-1.7695580375532967,-0.5511465682089329,0.9925279152401798,1.2209263270460469,0.0,0.0,0.0,0.0,0.0,1.0,0.0,0.0,0.0,0.0,0.0,1.0,0.0,0.0,0.0,0.0,1
-1.0553480367966837,-0.542024698847209,-1.175369507433961,0.2764447744343795,0.9925279152401798,-0.04233177913823491,1.0,0.0,0.0,0.0,0.0,0.0,1.0,0.0,0.0,0.0,0.0,0.0,1.0,0.0,0.0,1.0,0
0.20503667279796806,0.7637184475276078,0.7039831664420696,-1.1883817225689732,-1.0075283371329782,0.8672140573144478,0.0,1.0,1.0,0.0,0.0,0.0,1.0,0.0,1.0,0.0,0.0,1.0,0.0,1.0,0.0,1.0,0
1.384505996178042,0.49150526390685884,1.3554023198590197,-1.4876582966613883,-1.0075283371329782,-1.6087718308067445,0.0,1.0,0.0,0.0,0.0,1.0,0.0,1.0,0.0,0.0,1.0,0.0,0.0,1.0,1.0,0.0,1
0.668659966784202,0.9881528737461012,-1.4901379355708326,1.1478078609075328,0.9925279152401798,0.6145624360775915,0.0,1.0,0.0,1.0,0.0,1.0,0.0,0.0,1.0,0.0,1.0,0.0,1.0,0.0,1.0,0.0,1
-0.7630320920034761,2.1493024121930375,-0.8437685430330846,1.1305027528817821,-1.0075283371329782,1.0188050300565614,0.0,1.0,0.0,0.0,0.0,0.0,0.0,0.0,0.0,1.0,0.0,0.0,1.0,0.0,1.0,0.0,0
-0.7214809477311249,-1.2014972845704552,0.7149243150136729,-1.1517356114556163,-1.0075283371329782,0.1597895178512499,0.0,1.0,1.0,0.0,0.0,1.0,0.0,0.0,0.0,1.0,0.0,1.0,0.0,0.0,0.0,1.0,0
0.7153138831601753,0.8045818584637483,-1.464889131174827,1.8603711325561405,0.9925279152401798,-1.1034685883330317,0.0,0.0,0.0,1.0,0.0,0.0,1.0,0.0,1.0,0.0,1.0,0.0,0.0,0.0,0.0,1.0,0
0.48350223616705884,0.9101980590371571,-0.3808737957729785,-1.6657991145735402,-1.0075283371329782,0.6650927603249626,0.0,0.0,0.0,1.0,0.0,0.0,1.0,1.0,0.0,0.0,1.0,0.0,0.0,1.0,0.0,1.0,0
-0.9117414504518907,-0.17865467544583954,-0.3345843210469675,-0.8656923552652458,0.9925279152401798,0.7156230845723341,1.0,0.0,0.0,0.0,0.0,0.0,1.0,0.0,0.0,0.0,0.0,0.0,0.0,0.0,1.0,1.0,0
0.0052995933133330305,0.9560908128577447,0.9219645110609198,0.808831333108981,0.9925279152401798,0.6650927603249626,0.0,0.0,1.0,0.0,0.0,1.0,0.0,0.0,0.0,1.0,1.0,0.0,0.0,0.0,1.0,1.0,0
1.2394414749464995,2.083920954695213,0.4338209594048082,0.04129889479033875,-1.0075283371329782,-0.29498340037509146,0.0,1.0,1.0,0.0,0.0,0.0,1.0,0.0,0.0,0.0,1.0,0.0,1.0,0.0,1.0,0.0,0
-0.07269992312774776,0.545570699914675,-0.6880675825910487,0.7772749596502567,-1.0075283371329782,0.21031984209862142,1.0,0.0,1.0,0.0,0.0,0.0,0.0,1.0,0.0,0.0,1.0,0.0,0.0,0.0,0.0,0.0,0
-0.02094323464815187,1.0912544028772855,-0.2234895817045426,0.39961642567649536,0.9925279152401798,-1.2045292368277742,0.0,0.0,1.0,0.0,0.0,0.0,1.0,0.0,1.0,0.0,0.0,1.0,1.0,0.0,0.0,1.0,0
0.16129862619549357,-1.43033238581284,-1.273839844578383,0.03519120960477902,-1.0075283371329782,0.1597895178512499,0.0,1.0,0.0,1.0,0.0,0.0,0.0,0.0,1.0,0.0,0.0,0.0,1.0,0.0,1.0,0.0,0
-1.6654937869012085,-0.7299963891534534,-1.1122474964439464,-1.476460873821196,-1.0075283371329782,1.7262295695197594,0.0,0.0,1.0,0.0,0.0,0.0,1.0,0.0,1.0,0.0,1.0,0.0,0.0,1.0,1.0,0.0,0
0.23638227286307556,0.5562580535441272,-0.47597762566460045,-0.20606235522482147,-1.0075283371329782,1.5241082725302741,0.0,1.0,0.0,0.0,0.0,0.0,1.0,0.0,0.0,0.0,0.0,0.0,0.0,0.0,1.0,0.0,0
-0.3183619515449811,-0.4282358160865724,-0.32869293335456673,0.300875515176617,0.9925279152401798,0.7156230845723341,1.0,0.0,0.0,0.0,0.0,0.0,0.0,0.0,0.0,0.0,1.0,0.0,0.0,1.0,0.0,1.0,0
0.3209424962945268,-0.08435449636243916,0.34376689039238695,-2.1014806578101175,0.9925279152401798,0.9177443815618189,1.0,0.0,0.0,0.0,0.0,1.0,0.0,0.0,0.0,1.0,0.0,0.0,0.0,0.0,0.0,0.0,1
1.571121661681935,0.5059646246996472,-0.31606853115656336,-0.32719811140508454,0.9925279152401798,0.1597895178512499,0.0,1.0,1.0,0.0,0.0,0.0,1.0,0.0,0.0,0.0,0.0,0.0,0.0,1.0,1.0,1.0,0
0.4455959291115798,1.6444821201665676,0.29242765478717525,-0.18672135213721663,0.9925279152401798,2.7873663787145557,0.0,0.0,1.0,0.0,0.0,0.0,1.0,0.0,0.0,0.0,1.0,0.0,0.0,1.0,1.0,1.0,0
0.27647548224867735,0.41103577775569045,0.7696300578716847,-0.9725768460125381,0.9925279152401798,-0.04233177913823491,0.0,0.0,1.0,0.0,0.0,0.0,1.0,1.0,0.0,0.0,1.0,0.0,1.0,0.0,0.0,0.0,0
1.4238702381202686,1.1547498567934422,-1.2940388880951879,1.0164926294180046,0.9925279152401798,-1.1034685883330317,1.0,0.0,1.0,0.0,0.0,0.0,1.0,0.0,0.0,0.0,0.0,0.0,0.0,1.0,0.0,0.0,0
-0.0457281277228879,1.7884470602338924,1.123113319415766,0.2784806694962323,0.9925279152401798,-0.44657437311720516,0.0,0.0,1.0,0.0,0.0,1.0,0.0,0.0,0.0,0.0,0.0,1.0,1.0,0.0,1.0,1.0,0
-0.23307276067015492,0.6530729040697519,-0.10650345466971575,0.02093994417180681,-1.0075283371329782,-0.04233177913823491,1.0,0.0,1.0,0.0,0.0,0.0,1.0,0.0,1.0,0.0,0.0,1.0,1.0,0.0,0.0,1.0,0
-0.1310173185977141,0.5738607536396954,1.6827951501938947,0.39758053061464255,-1.0075283371329782,-0.5981653458593191,1.0,0.0,0.0,0.0,0.0,0.0,0.0,1.0,0.0,0.0,0.0,0.0,1.0,0.0,0.0,0.0,0
0.9245275394086806,-0.311303594023156,-0.48186901335700183,-0.6325823706830592,-1.0075283371329782,0.21031984209862142,0.0,1.0,0.0,0.0,0.0,0.0,1.0,0.0,0.0,0.0,1.0,0.0,0.0,1.0,1.0,1.0,0
-0.4495760913524056,2.1455304050297013,-0.3556249913769729,0.009742521331614464,-1.0075283371329782,1.2209263270460469,0.0,0.0,0.0,0.0,0.0,0.0,0.0,0.0,1.0,0.0,1.0,0.0,1.0,0.0,0.0,1.0,0
0.1744200401762355,-0.3842290658476521,0.5331329233624303,0.480034280619696,0.9925279152401798,-0.19392275188034908,0.0,1.0,1.0,0.0,0.0,1.0,0.0,0.0,0.0,1.0,1.0,0.0,0.0,1.0,0.0,1.0,0
0.4849601710538077,-1.1989826131282313,-0.7049001188550528,-1.8785501485371963,-1.0075283371329782,0.3113804905933636,0.0,1.0,0.0,1.0,0.0,0.0,1.0,0.0,1.0,0.0,1.0,0.0,1.0,0.0,0.0,1.0,0
-1.8936605966774527,0.17339932646552147,0.9657291053473296,0.8973927682995941,0.9925279152401798,0.21031984209862142,0.0,0.0,0.0,1.0,0.0,0.0,1.0,0.0,0.0,0.0,0.0,1.0,0.0,1.0,0.0,0.0,0
0.4645490826393193,-1.7779857127003096,-0.4254800168725888,0.3894369503672301,0.9925279152401798,1.0693353543039326,0.0,0.0,1.0,0.0,0.0,0.0,1.0,1.0,0.0,0.0,1.0,0.0,0.0,1.0,1.0,0.0,0
-1.5350086145371584,-0.3634830264493041,-0.5121675786322087,-0.16229061139497772,0.9925279152401798,1.0693353543039326,0.0,0.0,1.0,0.0,0.0,1.0,0.0,1.0,0.0,0.0,0.0,1.0,0.0,0.0,1.0,0.0,1
-0.5990144172441951,0.8800220017304687,-0.3463670964317702,1.2882846201754021,0.9925279152401798,-1.3055898853225167,0.0,1.0,1.0,0.0,0.0,1.0,0.0,1.0,0.0,0.0,0.0,0.0,0.0,1.0,1.0,0.0,1
1.8692693460221381,0.769376458272612,0.24277167280836476,0.920805561510906,-1.0075283371329782,-0.04233177913823491,0.0,1.0,1.0,0.0,0.0,0.0,1.0,0.0,1.0,0.0,1.0,0.0,1.0,0.0,0.0,1.0,0
0.5520251758442694,1.242763357271282,0.05929702753072215,1.7606122745253363,-1.0075283371329782,-0.44657437311720516,1.0,0.0,0.0,1.0,0.0,0.0,0.0,0.0,0.0,1.0,1.0,0.0,0.0,1.0,0.0,0.0,0
-0.5866219707068276,0.8982533696865923,-0.21591494038574058,-0.3343237441215699,-1.0075283371329782,-0.8508169670961755,1.0,0.0,1.0,0.0,0.0,1.0,0.0,0.0,1.0,0.0,0.0,0.0,1.0,0.0,0.0,0.0,1
0.7605098646493997,-0.9720335154675145,0.12662717258673734,0.04638863244497137,-1.0075283371329782,-0.44657437311720516,1.0,0.0,0.0,1.0,0.0,0.0,1.0,1.0,0.0,0.0,1.0,0.0,1.0,0.0,0.0,1.0,0
-0.5385101194441055,-0.27987020099535587,-0.18477474829733306,-0.5083927719100163,0.9925279152401798,-1.3055898853225167,1.0,0.0,0.0,1.0,0.0,0.0,1.0,0.0,0.0,1.0,0.0,0.0,0.0,0.0,0.0,0.0,1
1.65641085255676,-0.8305832468424139,-0.2975527412661592,-1.3278405343059148,0.9925279152401798,-0.6486956701066902,1.0,0.0,0.0,1.0,0.0,0.0,0.0,1.0,0.0,0.0,0.0,1.0,0.0,1.0,0.0,0.0,0
0.3610357056801286,-0.11201588222690313,-2.1853216832741924,1.3147512559794923,-1.0075283371329782,-0.29498340037509146,0.0,1.0,0.0,0.0,0.0,1.0,0.0,0.0,0.0,0.0,1.0,0.0,1.0,0.0,1.0,1.0,0
0.44049315700795827,-0.15099328958137556,-0.005508237085692363,-0.8656923552652458,0.9925279152401798,-0.34551372462246277,1.0,0.0,0.0,0.0,0.0,0.0,0.0,1.0,0.0,0.0,0.0,0.0,0.0,1.0,0.0,0.0,0
0.6599123574637077,1.3100308183507747,0.6341281409464538,-0.7822206577292667,0.9925279152401798,0.56403211183022,0.0,1.0,0.0,1.0,0.0,0.0,1.0,1.0,0.0,0.0,1.0,0.0,0.0,0.0,0.0,1.0,0
-1.0473293949195635,-0.7727458036712616,-0.7654972494054666,0.5024291263000806,-1.0075283371329782,1.7767598937671305,0.0,0.0,0.0,0.0,0.0,0.0,0.0,0.0,1.0,0.0,0.0,1.0,1.0,0.0,0.0,1.0,0
-0.04791503005301173,-1.6736268478480134,0.7898291013884902,1.4430126448762421,0.9925279152401798,-0.04233177913823491,0.0,0.0,0.0,1.0,0.0,0.0,0.0,0.0,0.0,0.0,0.0,0.0,0.0,1.0,1.0,1.0,0
-1.260187888384941,-0.7287390534323417,-1.1417044349059526,0.31003704295495654,0.9925279152401798,-0.8002866428488041,0.0,0.0,0.0,0.0,0.0,0.0,1.0,1.0,0.0,0.0,1.0,0.0,0.0,0.0,1.0,1.0,0
1.8299051040799112,0.25324014475613443,0.5120922530324256,-1.2769431577595858,0.9925279152401798,0.6145624360775915,0.0,0.0,0.0,0.0,0.0,1.0,0.0,0.0,0.0,0.0,1.0,0.0,0.0,0.0,1.0,0.0,1
-0.7367892640419912,2.1493024121930375,1.1357377216137694,0.13291417257373028,0.9925279152401798,-0.29498340037509146,0.0,0.0,0.0,1.0,0.0,0.0,0.0,0.0,0.0,1.0,0.0,0.0,0.0,0.0,1.0,1.0,0
0.31875559396440295,0.5342546784246675,0.11400277038873517,-0.05031638299305424,-1.0075283371329782,-1.1034685883330317,1.0,0.0,1.0,0.0,0.0,0.0,1.0,0.0,0.0,1.0,0.0,0.0,1.0,0.0,0.0,0.0,0
-0.21047476992554376,-0.4540111983693683,-0.36235800588257433,1.7534866418088495,0.9925279152401798,-0.4971046973645765,1.0,0.0,1.0,0.0,0.0,1.0,0.0,1.0,0.0,0.0,0.0,0.0,0.0,0.0,1.0,1.0,0
0.9201537347484329,0.2551261483378025,-2.3898369988818393,-0.5776132040130232,-1.0075283371329782,-1.8614234520436008,0.0,0.0,1.0,0.0,0.0,1.0,0.0,0.0,0.0,1.0,1.0,0.0,0.0,1.0,0.0,1.0,0
-0.85269508753855,-0.20568739344974762,-0.19739915049533643,1.761630222056262,0.9925279152401798,0.8166837330670763,1.0,0.0,1.0,0.0,0.0,0.0,1.0,0.0,0.0,0.0,1.0,0.0,0.0,0.0,1.0,1.0,0
-0.5720426218393359,0.4827039138590748,0.7881458477620888,0.8699081849645769,-1.0075283371329782,1.4735779482829032,0.0,0.0,1.0,0.0,0.0,0.0,0.0,0.0,0.0,0.0,1.0,0.0,0.0,1.0,0.0,1.0,0
0.49006294315742926,-0.49110260214217266,-2.4958819773450633,0.8159569658254678,-1.0075283371329782,-0.6486956701066902,0.0,0.0,1.0,0.0,0.0,0.0,0.0,0.0,0.0,0.0,0.0,1.0,0.0,1.0,1.0,1.0,0
0.556398980504517,-1.0443303194314546,0.5465989523736343,-0.2936058428845075,0.9925279152401798,-0.09286210338560645,1.0,0.0,1.0,0.0,0.0,1.0,0.0,0.0,0.0,0.0,1.0,0.0,0.0,0.0,1.0,0.0,1
-2.113808764576576,1.688488870405488,-0.6712350463270452,1.539717660314268,0.9925279152401798,0.7156230845723341,0.0,0.0,1.0,0.0,0.0,0.0,0.0,1.0,0.0,0.0,0.0,1.0,0.0,0.0,0.0,0.0,0
-0.5509025659814725,-0.1409346038124793,-0.6400948542386378,-1.6240632658055507,-1.0075283371329782,0.9177443815618189,0.0,0.0,0.0,1.0,0.0,0.0,0.0,0.0,0.0,1.0,0.0,1.0,0.0,0.0,1.0,0.0,0
-0.5115383240392457,-1.87228589178371,0.033206596321515985,-0.9461102102084464,-1.0075283371329782,0.6650927603249626,0.0,1.0,0.0,1.0,0.0,1.0,0.0,0.0,0.0,0.0,1.0,0.0,0.0,1.0,0.0,0.0,1
-0.9824512924592256,-0.4269784803654602,0.15776736467514485,0.525841919511391,-1.0075283371329782,1.2209263270460469,0.0,0.0,1.0,0.0,0.0,0.0,0.0,0.0,0.0,0.0,0.0,0.0,1.0,0.0,0.0,1.0,0
-0.19662438850142583,-0.9330561081130424,1.13826260205337,0.49326759852174107,0.9925279152401798,0.21031984209862142,0.0,1.0,1.0,0.0,0.0,0.0,0.0,1.0,0.0,0.0,0.0,0.0,1.0,0.0,0.0,0.0,0
1.132283260770436,1.2528220430401777,-0.5382580098414149,0.6836237868050125,-1.0075283371329782,0.3619108148407351,0.0,1.0,1.0,0.0,0.0,0.0,1.0,0.0,1.0,0.0,1.0,0.0,1.0,0.0,0.0,0.0,0
-1.0917964089654129,-0.27484085811090797,0.8512678587521033,-1.2698175250430996,-1.0075283371329782,-1.0024079398382892,0.0,0.0,0.0,1.0,0.0,0.0,1.0,0.0,1.0,0.0,0.0,0.0,0.0,1.0,1.0,1.0,0
0.45215663610195134,-1.3567782461277882,0.08202095148712703,-1.3451456423316668,0.9925279152401798,1.2209263270460469,0.0,0.0,1.0,0.0,0.0,1.0,0.0,0.0,0.0,1.0,0.0,0.0,0.0,0.0,1.0,1.0,0
-0.6041171893478173,-0.4558972019510364,0.004591284672710334,-0.3078571083174797,0.9925279152401798,-0.24445307612772016,1.0,0.0,1.0,0.0,0.0,0.0,0.0,0.0,0.0,0.0,1.0,0.0,0.0,0.0,0.0,1.0,0
-0.370118640024577,-0.02966039249406667,-0.2571546542325508,-1.8887296238464615,-1.0075283371329782,2.079941839251358,0.0,0.0,1.0,0.0,0.0,0.0,0.0,0.0,0.0,0.0,1.0,0.0,0.0,1.0,0.0,0.0,0
0.5367168595334025,1.1786392354945698,1.520361175246257,-1.406222494187262,-1.0075283371329782,0.56403211183022,0.0,0.0,1.0,0.0,0.0,0.0,1.0,0.0,1.0,0.0,1.0,0.0,0.0,1.0,1.0,1.0,0
-1.0035913483170884,0.16145463711495756,1.8039894112947223,0.06776553059442897,-1.0075283371329782,0.8672140573144478,0.0,0.0,1.0,0.0,0.0,0.0,1.0,0.0,0.0,1.0,1.0,0.0,0.0,1.0,1.0,1.0,0
-1.7143346056073057,-1.104682434044831,-0.05348096543810398,-2.5381801485776214,-1.0075283371329782,1.2209263270460469,0.0,1.0,0.0,1.0,0.0,0.0,1.0,0.0,1.0,0.0,0.0,1.0,1.0,0.0,0.0,1.0,0
-0.5027907147187504,0.11053254040992123,-1.1720030001811597,0.7396109010059742,0.9925279152401798,-0.8002866428488041,0.0,1.0,0.0,1.0,0.0,0.0,1.0,0.0,0.0,1.0,0.0,0.0,1.0,0.0,1.0,1.0,0
-0.6748270313551517,0.9925535487699927,1.4538726570034424,-0.8290462441518889,-1.0075283371329782,-1.8614234520436008,1.0,0.0,1.0,0.0,0.0,1.0,0.0,0.0,0.0,0.0,0.0,1.0,0.0,0.0,0.0,1.0,1
0.7051083389529311,-0.13590526092803137,-1.5322192762308422,1.2058308701703488,-1.0075283371329782,-0.4971046973645765,0.0,0.0,0.0,1.0,0.0,1.0,0.0,1.0,0.0,0.0,0.0,0.0,0.0,1.0,1.0,0.0,1
-0.8629006317457941,-0.9185967473202541,-0.45241207489499496,0.5859008238360597,0.9925279152401798,-0.44657437311720516,0.0,1.0,1.0,0.0,0.0,1.0,0.0,1.0,0.0,0.0,1.0,0.0,1.0,0.0,0.0,0.0,1
-0.22942792345328222,1.5363512481509352,1.164353033262575,0.9146978763253463,-1.0075283371329782,-0.44657437311720516,1.0,0.0,1.0,0.0,0.0,1.0,0.0,0.0,1.0,0.0,1.0,0.0,1.0,0.0,1.0,0.0,1
-1.4672146423033223,0.042007743609317645,0.2596042090723677,-1.1731125096050747,-1.0075283371329782,-1.1539989125804029,0.0,1.0,0.0,1.0,0.0,1.0,0.0,0.0,0.0,1.0,0.0,1.0,1.0,0.0,1.0,1.0,0
-0.47436098442714164,0.6210108431813954,-0.6005383940182287,0.4362625367898522,-1.0075283371329782,2.4841844332303284,1.0,0.0,1.0,0.0,0.0,0.0,0.0,0.0,1.0,0.0,0.0,1.0,1.0,0.0,1.0,0.0,0
2.047866369648911,0.4707592245085109,-0.8572345720442879,0.007706626269761704,0.9925279152401798,-0.8002866428488041,0.0,1.0,1.0,0.0,0.0,1.0,0.0,0.0,1.0,0.0,1.0,0.0,0.0,0.0,1.0,1.0,0
-2.2304435555165094,0.3525696667239827,0.8529511123785046,-0.9786845311980978,0.9925279152401798,-0.5981653458593191,1.0,0.0,1.0,0.0,0.0,1.0,0.0,1.0,0.0,0.0,0.0,1.0,0.0,0.0,0.0,1.0,0
0.794771334488005,-1.1895525952198913,-1.3546360186456017,0.5360213948206577,-1.0075283371329782,0.8166837330670763,0.0,1.0,0.0,0.0,0.0,0.0,1.0,0.0,0.0,1.0,0.0,0.0,0.0,1.0,1.0,1.0,0
1.3043195774068372,-0.4030891016643324,0.6821008692988654,-0.09307017929197088,0.9925279152401798,-1.4066505338172592,0.0,0.0,1.0,0.0,0.0,0.0,1.0,1.0,0.0,0.0,0.0,1.0,0.0,1.0,0.0,1.0,0
1.4508420335251284,-0.7243383784084496,-0.05516421906450403,-0.514500457095576,-1.0075283371329782,2.079941839251358,0.0,1.0,1.0,0.0,0.0,0.0,1.0,0.0,0.0,1.0,1.0,0.0,0.0,0.0,0.0,1.0,0
0.31511075674753025,-1.0506169980370148,0.08707071236632838,-0.3292340064669373,-1.0075283371329782,-2.265666046022571,0.0,0.0,1.0,0.0,0.0,0.0,0.0,0.0,0.0,0.0,1.0,0.0,1.0,0.0,1.0,0.0,0
-0.9489187900639947,-1.8408524987559098,-0.9447637606171079,-0.7241976484664522,-1.0075283371329782,1.2714566512934178,0.0,1.0,0.0,1.0,0.0,0.0,0.0,0.0,0.0,1.0,1.0,0.0,0.0,0.0,0.0,0.0,0
0.33916668237889136,0.31547826295117837,-1.6029159285396588,2.2532988794938014,-1.0075283371329782,0.5135017875828488,0.0,0.0,0.0,1.0,0.0,1.0,0.0,0.0,1.0,0.0,1.0,0.0,0.0,0.0,0.0,1.0,0
-0.457594733229527,0.8070965299059727,0.17628315456554902,0.2611755614704802,0.9925279152401798,-1.3055898853225167,0.0,1.0,0.0,0.0,0.0,1.0,0.0,0.0,1.0,0.0,0.0,0.0,0.0,0.0,0.0,0.0,1
-0.46998717976689397,0.24003811968445787,-0.8993159127042976,-1.108981815156699,-1.0075283371329782,-0.5981653458593191,0.0,1.0,1.0,0.0,0.0,1.0,0.0,0.0,0.0,1.0,0.0,1.0,1.0,0.0,1.0,0.0,1
0.4783994640634362,-0.6080348242055891,0.0980118609379317,0.9370927220057309,0.9925279152401798,0.2608501663459925,0.0,0.0,1.0,0.0,0.0,0.0,0.0,0.0,0.0,1.0,1.0,0.0,0.0,1.0,1.0,0.0,0
-0.20755890015204498,-0.582888109783349,-0.6106379157766314,-0.9349127873682541,0.9925279152401798,0.008198545109136179,1.0,0.0,0.0,1.0,0.0,0.0,0.0,0.0,0.0,0.0,0.0,1.0,0.0,1.0,0.0,1.0,0
1.332749307698446,-1.8571978631303658,-1.5002374573292354,0.18584744418191362,-1.0075283371329782,-0.29498340037509146,0.0,0.0,0.0,0.0,0.0,0.0,0.0,1.0,0.0,0.0,0.0,0.0,0.0,0.0,0.0,0.0,0
0.09131775163153313,-1.1380018306542992,-1.3310704678759961,1.2475667189383384,0.9925279152401798,-0.39604404886983385,0.0,0.0,1.0,0.0,0.0,1.0,0.0,0.0,1.0,0.0,0.0,1.0,1.0,0.0,0.0,0.0,1
0.10589710049902498,1.0723943670606058,-0.13343551269212134,0.08405269108925538,0.9925279152401798,0.6145624360775915,0.0,1.0,0.0,1.0,0.0,0.0,1.0,0.0,0.0,1.0,1.0,0.0,1.0,0.0,0.0,0.0,0
-0.8461343805481785,-0.5778587668989011,2.3619879884464496,1.427743431912343,-1.0075283371329782,0.5135017875828488,1.0,0.0,1.0,0.0,0.0,0.0,1.0,1.0,0.0,0.0,1.0,0.0,1.0,0.0,1.0,0.0,0
0.982115967435272,2.1493024121930375,-1.0920484529271417,-2.133037031268842,-1.0075283371329782,-1.356120209569888,0.0,0.0,1.0,0.0,0.0,1.0,0.0,0.0,0.0,1.0,1.0,0.0,0.0,0.0,0.0,0.0,1
-0.0420832905060152,0.9799801915588734,-0.5618235606110198,-0.5368953027759608,0.9925279152401798,0.5135017875828488,0.0,0.0,1.0,0.0,0.0,0.0,1.0,0.0,0.0,0.0,0.0,0.0,1.0,0.0,1.0,0.0,0
0.03883209570856334,-0.3842290658476521,0.8024535035864923,-0.39743649103901846,0.9925279152401798,-1.2550595610751456,0.0,0.0,0.0,1.0,0.0,0.0,1.0,0.0,0.0,0.0,1.0,0.0,0.0,0.0,0.0,0.0,0
-0.04791503005301173,-0.829954578981858,-0.08630441115291154,-1.0957484972546538,-1.0075283371329782,0.7156230845723341,0.0,0.0,0.0,1.0,0.0,0.0,0.0,1.0,0.0,0.0,0.0,1.0,0.0,1.0,1.0,0.0,0
-0.6813877383455231,0.05961044370488578,-1.8570872261261167,0.4189574287641002,0.9925279152401798,1.0693353543039326,0.0,0.0,1.0,0.0,0.0,0.0,1.0,0.0,0.0,0.0,0.0,0.0,1.0,0.0,1.0,0.0,0
-1.1100205950497775,0.7134250186831278,-0.026548907415697185,0.6062597744545917,-1.0075283371329782,-0.5981653458593191,0.0,0.0,1.0,0.0,0.0,0.0,0.0,0.0,1.0,0.0,0.0,0.0,0.0,1.0,0.0,0.0,0
0.6292957248419752,0.9089407233160445,1.2804975334842024,2.3927576912307433,-1.0075283371329782,-0.29498340037509146,1.0,0.0,0.0,0.0,0.0,0.0,0.0,0.0,1.0,0.0,0.0,1.0,0.0,1.0,1.0,0.0,0
1.9377922856993497,0.7310277187786959,-0.9397139997379066,-0.5653978336419051,0.9925279152401798,0.8166837330670763,0.0,0.0,0.0,0.0,0.0,0.0,0.0,0.0,1.0,0.0,0.0,1.0,1.0,0.0,0.0,0.0,0
-0.24619417465089788,0.21614874098333006,-0.7671805030318672,0.9442183547222163,0.9925279152401798,-0.09286210338560645,1.0,0.0,0.0,1.0,0.0,0.0,1.0,0.0,1.0,0.0,1.0,0.0,1.0,0.0,0.0,1.0,0
2.0522401743091585,0.8391585907943283,0.43466258621800885,0.7966159627378631,0.9925279152401798,1.9283508665092448,1.0,0.0,0.0,0.0,0.0,0.0,0.0,1.0,0.0,0.0,1.0,0.0,0.0,1.0,1.0,0.0,0
1.2963009355297168,-0.0849831642229955,0.028998462255515257,0.5156624442021258,-1.0075283371329782,0.21031984209862142,0.0,0.0,1.0,0.0,0.0,0.0,1.0,0.0,1.0,0.0,0.0,1.0,0.0,0.0,0.0,1.0,0
-0.46634234255002127,0.8837940088938049,1.4782798345862473,-0.4320467070905226,0.9925279152401798,0.21031984209862142,0.0,0.0,1.0,0.0,0.0,0.0,0.0,0.0,0.0,1.0,1.0,0.0,1.0,0.0,0.0,0.0,0
0.16785933318586505,-0.32702029053705606,1.0305343699637453,0.03722710466663178,-1.0075283371329782,0.058728869356507264,1.0,0.0,0.0,0.0,0.0,0.0,0.0,1.0,0.0,0.0,0.0,1.0,1.0,0.0,1.0,1.0,0
-1.1413661951148844,-0.332049633421504,0.08538745873992833,0.3477011015992391,-1.0075283371329782,0.7156230845723341,0.0,1.0,1.0,0.0,0.0,0.0,0.0,0.0,0.0,0.0,0.0,0.0,0.0,1.0,1.0,1.0,0
-1.5889522053468776,-0.7350257320379018,0.16113387192794615,-0.850423142301348,-1.0075283371329782,0.4629714633354778,0.0,0.0,1.0,0.0,0.0,0.0,0.0,0.0,0.0,1.0,0.0,1.0,0.0,0.0,1.0,0.0,0
0.14599030988462677,1.421305029669187,0.0475142521459194,-0.3658801175802942,-1.0075283371329782,-2.265666046022571,0.0,0.0,1.0,0.0,0.0,0.0,0.0,0.0,1.0,0.0,1.0,0.0,0.0,0.0,0.0,0.0,1
1.232151800512754,1.4099890081791784,-0.2394804911553461,0.24997813863028784,-1.0075283371329782,0.9682747058091904,0.0,1.0,0.0,0.0,0.0,0.0,0.0,0.0,1.0,0.0,0.0,0.0,0.0,0.0,1.0,1.0,0
0.9340041161725499,-1.7207769373897135,-2.1179915382181767,-0.9603614756414186,-1.0075283371329782,-0.29498340037509146,0.0,1.0,1.0,0.0,0.0,0.0,0.0,1.0,0.0,0.0,1.0,0.0,1.0,0.0,0.0,0.0,0
-1.6778862334385765,0.7228550365914682,-1.136654674026752,1.146789913376607,-1.0075283371329782,-0.8002866428488041,0.0,0.0,0.0,1.0,0.0,0.0,0.0,0.0,0.0,1.0,0.0,0.0,1.0,0.0,0.0,1.0,0
1.2540208238139912,-0.9946655584475305,-1.1913604168847645,-0.7679693922962945,0.9925279152401798,-0.8508169670961755,0.0,0.0,1.0,0.0,0.0,0.0,0.0,0.0,0.0,1.0,1.0,0.0,1.0,0.0,1.0,0.0,0
0.6453330085962159,-1.7930737413536537,2.027020516792773,0.07183732071813594,0.9925279152401798,0.8166837330670763,0.0,1.0,0.0,1.0,0.0,1.0,0.0,1.0,0.0,0.0,1.0,0.0,0.0,1.0,0.0,1.0,0
-0.4524919611259044,-1.2040119560126796,0.635811394572855,-1.184309932445267,0.9925279152401798,0.1092591936038788,0.0,0.0,0.0,1.0,0.0,0.0,0.0,0.0,1.0,0.0,0.0,0.0,1.0,0.0,1.0,0.0,0
0.12776612380026223,0.46510121376350666,0.035731476761116654,0.7060186324853971,0.9925279152401798,-0.29498340037509146,0.0,1.0,0.0,1.0,0.0,0.0,1.0,0.0,1.0,0.0,1.0,0.0,0.0,1.0,1.0,1.0,0
1.05647064665948,-0.05480710691630712,-0.2537881469797495,-1.274907262697733,-1.0075283371329782,-1.4066505338172592,1.0,0.0,1.0,0.0,0.0,1.0,0.0,0.0,0.0,0.0,1.0,0.0,0.0,1.0,1.0,0.0,1
-2.118182569236824,1.669628834588808,1.1500453774381727,0.07998090096554841,0.9925279152401798,2.079941839251358,1.0,0.0,0.0,0.0,0.0,0.0,0.0,0.0,0.0,1.0,1.0,0.0,0.0,0.0,1.0,0.0,0
1.4297019776672653,-1.2348166811799235,-0.8681757206158901,-0.339413481776204,0.9925279152401798,0.1092591936038788,1.0,0.0,0.0,0.0,0.0,0.0,0.0,0.0,0.0,1.0,0.0,0.0,1.0,0.0,0.0,0.0,0
0.23419537053295175,-0.8136092146074021,1.420207584475434,-0.16432650645683192,0.9925279152401798,1.3725172997881605,0.0,1.0,1.0,0.0,0.0,0.0,1.0,0.0,0.0,1.0,0.0,1.0,0.0,0.0,1.0,1.0,0
-1.7070449311735596,-0.29055755462480803,0.2915860279739758,-0.5888106268532155,0.9925279152401798,0.1092591936038788,0.0,1.0,1.0,0.0,0.0,0.0,1.0,0.0,0.0,1.0,1.0,0.0,1.0,0.0,1.0,1.0,0
0.6628282272372055,-0.13841993237025535,2.027020516792773,1.536663817721488,-1.0075283371329782,-0.04233177913823491,0.0,1.0,0.0,1.0,0.0,1.0,0.0,1.0,0.0,0.0,0.0,0.0,1.0,0.0,0.0,1.0,0
1.546336768607199,0.732913722360364,0.9135482429289183,-0.7445565990849827,0.9925279152401798,1.675699245272388,0.0,0.0,0.0,0.0,0.0,1.0,0.0,0.0,0.0,1.0,1.0,0.0,1.0,0.0,0.0,1.0,0
-1.0429555902593157,1.4558817619997668,0.541549191494433,2.0547991109631187,-1.0075283371329782,-0.5981653458593191,0.0,0.0,1.0,0.0,0.0,0.0,0.0,0.0,0.0,1.0,1.0,0.0,0.0,0.0,1.0,0.0,0
0.11756057959301804,-0.6206081814167093,2.6826478042757236,-0.23354693855983877,-1.0075283371329782,-1.0024079398382892,0.0,0.0,1.0,0.0,0.0,0.0,0.0,1.0,0.0,0.0,0.0,0.0,1.0,0.0,0.0,0.0,0
-1.6370640566095997,-0.6004908098789172,-0.5534072924790183,-0.5419850404305934,0.9925279152401798,-0.4971046973645765,0.0,0.0,0.0,1.0,0.0,0.0,1.0,0.0,0.0,0.0,0.0,0.0,0.0,0.0,0.0,0.0,0
0.7583229623192759,-0.06172245338242312,-0.9237230902871031,-0.21827772559593947,-1.0075283371329782,-0.29498340037509146,0.0,0.0,0.0,0.0,0.0,0.0,1.0,0.0,0.0,1.0,0.0,1.0,0.0,1.0,0.0,1.0,0
-0.5392390868874795,-0.08624049994410725,-1.2140843408411692,-1.1598791917030289,-1.0075283371329782,-0.9013472913435465,0.0,1.0,1.0,0.0,0.0,0.0,0.0,0.0,0.0,1.0,0.0,1.0,0.0,1.0,0.0,1.0,0
0.02425274684107253,-0.29370089392758786,0.5331329233624303,1.3768460553660138,-1.0075283371329782,-0.8002866428488041,1.0,0.0,1.0,0.0,0.0,0.0,0.0,0.0,1.0,0.0,0.0,0.0,0.0,0.0,1.0,0.0,0
0.41935310115009494,0.8008098513004122,-1.4093417615036141,-0.8870692534147048,-1.0075283371329782,1.7767598937671305,0.0,0.0,1.0,0.0,0.0,0.0,0.0,1.0,0.0,0.0,1.0,0.0,0.0,0.0,0.0,0.0,0
1.519364973202339,0.09670184747768924,0.26549559676476964,-0.5704875712965378,0.9925279152401798,2.130472163498729,0.0,0.0,0.0,1.0,0.0,0.0,0.0,0.0,1.0,0.0,0.0,1.0,0.0,1.0,1.0,1.0,0
-1.9038661408846969,-0.11767389297190736,1.2544071022749963,-0.11444707744142847,-1.0075283371329782,-0.09286210338560645,1.0,0.0,1.0,0.0,0.0,1.0,0.0,1.0,0.0,0.0,0.0,0.0,0.0,0.0,0.0,0.0,1
-0.2534838490846433,1.1044564279489613,-1.0238766810579258,-0.35570064227102893,0.9925279152401798,0.1092591936038788,0.0,1.0,1.0,0.0,0.0,0.0,1.0,0.0,1.0,0.0,0.0,1.0,0.0,0.0,1.0,0.0,0
0.9799290651051492,-1.7132329230630412,0.7721549383112855,0.18890128677469348,0.9925279152401798,1.321986975540789,0.0,1.0,0.0,0.0,0.0,0.0,1.0,0.0,1.0,0.0,0.0,0.0,0.0,0.0,1.0,1.0,0
0.48058636639356006,-0.05920778194019871,-0.829460887208681,-1.080479284290756,0.9925279152401798,-1.0024079398382892,0.0,0.0,0.0,0.0,0.0,0.0,0.0,1.0,0.0,0.0,0.0,0.0,1.0,0.0,0.0,1.0,0
-0.4940431053982561,-0.16293797893193948,-0.18056661423133233,-1.0764074941670492,-1.0075283371329782,-1.5077111823120017,1.0,0.0,0.0,0.0,0.0,0.0,1.0,0.0,0.0,0.0,0.0,1.0,1.0,0.0,1.0,0.0,0
0.2495036868438175,0.23249410535778645,1.8738444367903382,2.352039789993681,0.9925279152401798,0.1092591936038788,0.0,1.0,0.0,1.0,0.0,0.0,1.0,1.0,0.0,0.0,1.0,0.0,0.0,1.0,1.0,0.0,0
-1.6778862334385765,0.25135414117446636,0.8117113985316944,1.025654157196344,-1.0075283371329782,0.4629714633354778,1.0,0.0,0.0,1.0,0.0,0.0,1.0,0.0,0.0,1.0,0.0,1.0,1.0,0.0,1.0,1.0,0
0.27355961247517857,0.07532714021878584,0.9051319747969158,0.8322441263202929,0.9925279152401798,0.8672140573144478,1.0,0.0,0.0,1.0,0.0,0.0,1.0,0.0,0.0,0.0,0.0,0.0,0.0,1.0,1.0,0.0,0
0.26699890548480815,2.1493024121930375,0.02394870137631391,0.6032059318618118,-1.0075283371329782,1.2209263270460469,1.0,0.0,0.0,0.0,0.0,1.0,0.0,0.0,0.0,0.0,1.0,0.0,0.0,1.0,1.0,1.0,0
-1.4103551817201048,0.5166519783290993,1.0280094895241445,2.3988653764163033,-1.0075283371329782,-1.4066505338172592,0.0,0.0,1.0,0.0,0.0,0.0,1.0,0.0,0.0,0.0,0.0,0.0,1.0,0.0,0.0,0.0,0
-1.4409718143418375,0.9611201557421926,1.027167862710944,-0.4473159200544205,0.9925279152401798,0.21031984209862142,1.0,0.0,1.0,0.0,0.0,0.0,1.0,1.0,0.0,0.0,1.0,0.0,0.0,1.0,0.0,1.0,0
-1.7646333592001515,2.1493024121930375,1.0069688191941397,1.9784530461436252,0.9925279152401798,-0.6486956701066902,0.0,1.0,1.0,0.0,0.0,1.0,0.0,0.0,0.0,0.0,0.0,1.0,0.0,0.0,1.0,0.0,1
0.7845657902807608,0.5575153892652398,2.6826478042757236,0.21333202751693092,-1.0075283371329782,1.1198656785513041,1.0,0.0,0.0,0.0,0.0,0.0,1.0,0.0,0.0,1.0,0.0,0.0,1.0,0.0,1.0,0.0,0
1.482187633590236,-0.18682735763306726,-2.709129171139661,-2.5381801485776214,-1.0075283371329782,1.1198656785513041,0.0,1.0,0.0,1.0,0.0,0.0,0.0,1.0,0.0,0.0,0.0,1.0,1.0,0.0,0.0,0.0,0
-1.9483331549305465,0.8253278978620963,0.9345889132589232,-1.775737447913611,-1.0075283371329782,-2.265666046022571,1.0,0.0,1.0,0.0,0.0,0.0,0.0,0.0,1.0,0.0,1.0,0.0,0.0,0.0,1.0,1.0,1
-0.6937801848828912,-0.24403613294366372,-0.1216527373073186,1.4063665337628855,-1.0075283371329782,-0.24445307612772016,0.0,1.0,0.0,0.0,0.0,1.0,0.0,0.0,0.0,1.0,0.0,1.0,0.0,0.0,1.0,0.0,1
-0.7127333384106301,0.625411518205288,-0.8782752423742928,0.3191985707332947,0.9925279152401798,-0.6992259943540615,0.0,1.0,0.0,1.0,0.0,0.0,0.0,0.0,0.0,1.0,1.0,0.0,1.0,0.0,0.0,0.0,0
-0.22796998856653333,-1.2700220813710597,-0.7890628001750721,0.442370221975412,-1.0075283371329782,0.008198545109136179,0.0,1.0,0.0,1.0,0.0,0.0,1.0,1.0,0.0,0.0,1.0,0.0,1.0,0.0,0.0,1.0,0
0.8421542183073532,-1.6994022301308092,2.05479420162838,2.5515575060552904,0.9925279152401798,0.1092591936038788,0.0,0.0,1.0,0.0,0.0,0.0,1.0,1.0,0.0,0.0,0.0,0.0,0.0,0.0,1.0,0.0,0
-0.2848294491497508,-1.1285718127459592,-0.4852355206098025,-0.5939003645078496,-1.0075283371329782,0.41244113908810626,1.0,0.0,0.0,0.0,0.0,0.0,1.0,1.0,0.0,0.0,0.0,1.0,0.0,1.0,0.0,1.0,0
0.5600438177213897,-0.18871336121473536,2.6826478042757236,1.4755869658658936,0.9925279152401798,-0.4971046973645765,1.0,0.0,0.0,1.0,0.0,0.0,1.0,0.0,0.0,1.0,1.0,0.0,0.0,0.0,0.0,1.0,0
-1.2944493582235461,-0.9864928762603028,0.13420181390553937,2.3662910554266534,-1.0075283371329782,1.321986975540789,1.0,0.0,1.0,0.0,0.0,1.0,0.0,0.0,0.0,1.0,0.0,1.0,0.0,1.0,0.0,0.0,1
0.2939707008896669,0.17591399790774587,0.7149243150136729,-1.0194024324351603,-1.0075283371329782,1.1198656785513041,1.0,0.0,0.0,1.0,0.0,0.0,1.0,1.0,0.0,0.0,1.0,0.0,0.0,1.0,0.0,1.0,0
-0.7586582873432289,0.35131233100287096,0.6568520649028599,-0.7231797009355251,0.9925279152401798,-0.5981653458593191,0.0,0.0,0.0,1.0,0.0,1.0,0.0,0.0,0.0,1.0,0.0,1.0,1.0,0.0,1.0,0.0,1
-1.1143943997100245,1.5212632194975915,-0.6064297817106301,-0.5796490990748774,-1.0075283371329782,0.56403211183022,1.0,0.0,0.0,1.0,0.0,0.0,0.0,0.0,0.0,0.0,0.0,1.0,1.0,0.0,0.0,0.0,0
-0.3030536352341153,-0.22329009354531576,-0.05263933862490335,0.18177565405820664,-1.0075283371329782,-0.09286210338560645,1.0,0.0,1.0,0.0,0.0,1.0,0.0,1.0,0.0,0.0,0.0,0.0,1.0,0.0,0.0,1.0,0
0.7955003019313799,-0.2182607506608674,0.0710798029155249,-0.6814438521675356,-1.0075283371329782,0.8166837330670763,1.0,0.0,0.0,0.0,0.0,1.0,0.0,0.0,1.0,0.0,0.0,1.0,0.0,0.0,0.0,0.0,1
-0.9511056923941186,0.17277065860496604,-0.8185197386370789,1.4939100214225713,0.9925279152401798,0.8672140573144478,1.0,0.0,1.0,0.0,0.0,1.0,0.0,0.0,0.0,1.0,1.0,0.0,1.0,0.0,0.0,0.0,1
-0.1208117743904699,0.4500131851101629,0.08959559280592905,1.2750513022733556,-1.0075283371329782,-1.8108931277962295,1.0,0.0,1.0,0.0,0.0,0.0,0.0,0.0,1.0,0.0,0.0,1.0,0.0,0.0,1.0,1.0,1
0.26772787292818206,0.0049163398365132845,-1.0718494094103368,0.10237574664593312,0.9925279152401798,-1.558241506559373,1.0,0.0,1.0,0.0,0.0,1.0,0.0,0.0,1.0,0.0,0.0,0.0,0.0,1.0,0.0,0.0,1
-0.23161482578340603,-0.5099626379588525,0.6080377097372476,-0.029957432374522305,-1.0075283371329782,-1.709832479301487,1.0,0.0,0.0,0.0,0.0,0.0,0.0,0.0,1.0,0.0,1.0,0.0,0.0,1.0,1.0,0.0,0
-1.3462060467031416,0.026919714955973013,-0.6804929412722474,0.5716495584030875,-1.0075283371329782,-1.8108931277962295,0.0,0.0,1.0,0.0,0.0,0.0,0.0,0.0,0.0,1.0,0.0,0.0,0.0,0.0,0.0,0.0,1
0.406231687169353,0.9089407233160445,-0.1965575236821358,1.0490669504076544,-1.0075283371329782,-0.44657437311720516,0.0,1.0,0.0,0.0,0.0,0.0,1.0,0.0,0.0,0.0,1.0,0.0,0.0,0.0,1.0,0.0,0
1.0593865164329779,1.2622520609485182,0.9270142719401212,0.4963214411145209,0.9925279152401798,0.6650927603249626,0.0,0.0,0.0,0.0,0.0,1.0,0.0,1.0,0.0,0.0,0.0,0.0,0.0,1.0,0.0,1.0,0
-0.7849011153047138,0.06589712231044545,-0.4473623140157936,-0.4320467070905226,0.9925279152401798,0.058728869356507264,0.0,1.0,1.0,0.0,0.0,0.0,1.0,1.0,0.0,0.0,0.0,1.0,0.0,1.0,1.0,1.0,0
0.8042479112518742,0.9956968880727735,-1.553259946560847,1.7636661171181163,0.9925279152401798,-0.7497563186014329,0.0,1.0,0.0,1.0,0.0,0.0,0.0,1.0,0.0,0.0,1.0,0.0,0.0,0.0,1.0,0.0,0
-1.0881515717485395,0.0024016683942888815,1.1113305440309633,0.1797397589963539,-1.0075283371329782,0.5135017875828488,0.0,0.0,1.0,0.0,0.0,1.0,0.0,0.0,1.0,0.0,0.0,0.0,1.0,0.0,1.0,0.0,1
-0.6872194778925196,-1.033642965802003,0.3016855497323773,0.2937498824601301,-1.0075283371329782,-2.265666046022571,0.0,0.0,0.0,1.0,0.0,0.0,1.0,0.0,1.0,0.0,0.0,1.0,1.0,0.0,1.0,0.0,0
2.0522401743091585,-1.400784996366708,0.07949607104752635,-0.8025796083477986,-1.0075283371329782,1.0693353543039326,0.0,1.0,1.0,0.0,0.0,1.0,0.0,0.0,0.0,1.0,0.0,1.0,0.0,1.0,0.0,1.0,0
-2.7116531890741546,-0.23020544001143176,-0.5996967672050287,1.3493614720309965,0.9925279152401798,-0.7497563186014329,0.0,1.0,1.0,0.0,0.0,0.0,0.0,0.0,0.0,1.0,1.0,0.0,0.0,0.0,0.0,1.0,0
-0.08582133710848969,-0.4709852306043806,2.40659420954606,0.3253062559188544,0.9925279152401798,-1.0024079398382892,1.0,0.0,1.0,0.0,0.0,0.0,1.0,0.0,0.0,0.0,1.0,0.0,0.0,1.0,0.0,0.0,0
2.044950499875413,-0.5501973810344367,-0.9397139997379066,1.269961564618723,-1.0075283371329782,1.675699245272388,0.0,1.0,1.0,0.0,0.0,0.0,1.0,0.0,0.0,1.0,1.0,0.0,1.0,0.0,1.0,0.0,0
-0.1018586208627304,0.2771295234572622,-0.595488633139028,-0.74252070402313,-1.0075283371329782,-0.24445307612772016,0.0,1.0,1.0,0.0,0.0,0.0,0.0,0.0,0.0,0.0,1.0,0.0,0.0,1.0,1.0,1.0,0
0.605968766653988,0.545570699914675,0.9581544640285287,-0.017742062003402854,-1.0075283371329782,1.3725172997881605,0.0,1.0,0.0,0.0,0.0,0.0,0.0,0.0,0.0,0.0,1.0,0.0,0.0,1.0,1.0,0.0,0
0.34937222658613554,-0.12773257874080318,0.4725357928120166,-0.19995467003926173,-1.0075283371329782,-0.24445307612772016,1.0,0.0,0.0,1.0,0.0,0.0,0.0,1.0,0.0,0.0,0.0,1.0,0.0,1.0,1.0,0.0,0
0.19847596580759658,-0.8268112396790782,1.6003157225002755,-0.09001633669919101,0.9925279152401798,1.0188050300565614,0.0,1.0,0.0,0.0,0.0,0.0,0.0,0.0,1.0,0.0,1.0,0.0,1.0,0.0,0.0,0.0,0
-0.17694226753031242,-1.2102986346182394,-0.7259407891850577,-0.8870692534147048,0.9925279152401798,-0.8002866428488041,1.0,0.0,0.0,0.0,0.0,1.0,0.0,0.0,0.0,0.0,1.0,0.0,0.0,0.0,0.0,1.0,0
0.1474482447713767,0.12624923692382128,2.145689897454001,-1.3716122781357578,0.9925279152401798,-0.04233177913823491,0.0,0.0,1.0,0.0,0.0,1.0,0.0,0.0,1.0,0.0,0.0,1.0,0.0,1.0,1.0,1.0,0
-0.09019514176873734,-1.4429057430239605,-0.12586087137332053,0.5726675059340146,-1.0075283371329782,-0.04233177913823491,1.0,0.0,1.0,0.0,0.0,0.0,1.0,0.0,0.0,1.0,1.0,0.0,0.0,0.0,0.0,1.0,0
0.1897283564871023,1.0032409023994449,-0.007191490712092415,-0.9786845311980978,-1.0075283371329782,0.21031984209862142,0.0,0.0,1.0,0.0,0.0,1.0,0.0,1.0,0.0,0.0,0.0,0.0,1.0,0.0,1.0,0.0,1
0.2269056960992053,0.30353357360061445,-1.2612154423803803,-0.7058745929097731,-1.0075283371329782,0.6650927603249626,0.0,1.0,0.0,0.0,0.0,0.0,0.0,0.0,0.0,0.0,0.0,0.0,0.0,0.0,1.0,0.0,0
0.2597092310510617,1.2635093966696298,-2.5278637962466703,-0.15312908361663813,0.9925279152401798,-2.1646053975278283,1.0,0.0,1.0,0.0,0.0,0.0,0.0,0.0,0.0,1.0,0.0,0.0,0.0,1.0,0.0,0.0,0
0.4375772872344595,-1.858455198851478,0.021423820936713234,-0.10935733978679585,0.9925279152401798,-1.5077111823120017,0.0,1.0,1.0,0.0,0.0,0.0,0.0,0.0,0.0,0.0,0.0,1.0,0.0,0.0,0.0,0.0,1
0.3982130452922326,1.4351357226014188,0.6080377097372476,1.3849896356134277,0.9925279152401798,-0.29498340037509146,0.0,0.0,1.0,0.0,0.0,0.0,0.0,0.0,0.0,0.0,1.0,0.0,0.0,1.0,1.0,1.0,0
-0.42916500293791826,-0.5413960309866527,-0.9784288331451155,-0.8941948861311902,0.9925279152401798,1.1198656785513041,1.0,0.0,1.0,0.0,0.0,0.0,1.0,0.0,0.0,1.0,0.0,0.0,0.0,1.0,1.0,0.0,0
-0.9336104737531284,0.9900388773277692,-0.43221303137819017,-0.4798902410440719,-1.0075283371329782,0.058728869356507264,1.0,0.0,0.0,0.0,0.0,0.0,1.0,0.0,0.0,0.0,1.0,0.0,1.0,0.0,1.0,1.0,0
0.5527541432876443,0.7027376650536756,0.7325984780908764,1.0897848516447184,0.9925279152401798,-0.14339242763297752,0.0,0.0,1.0,0.0,0.0,1.0,0.0,1.0,0.0,0.0,1.0,0.0,0.0,0.0,1.0,0.0,1
0.5352589246466537,-0.49738928074773275,-1.533060903044043,1.166130916464212,0.9925279152401798,0.5135017875828488,0.0,1.0,1.0,0.0,0.0,0.0,1.0,0.0,0.0,1.0,1.0,0.0,0.0,1.0,0.0,1.0,0
0.9106771579845637,-0.4709852306043806,-0.994419742595919,1.3401999442526569,0.9925279152401798,0.9177443815618189,0.0,0.0,1.0,0.0,0.0,0.0,1.0,0.0,0.0,0.0,0.0,1.0,1.0,0.0,1.0,0.0,0
0.9522283022569143,-0.06172245338242312,-0.7907460538014728,-1.9375911053309378,0.9925279152401798,0.008198545109136179,1.0,0.0,1.0,0.0,0.0,0.0,1.0,1.0,0.0,0.0,1.0,0.0,1.0,0.0,0.0,1.0,0
0.6088846364274868,0.5801474322452559,-0.6931173434702501,0.6897314719905707,-1.0075283371329782,-2.114075073280457,0.0,0.0,0.0,0.0,0.0,1.0,0.0,0.0,1.0,0.0,1.0,0.0,0.0,0.0,1.0,1.0,1
0.2232608588823326,-2.5097551023874964,-0.5121675786322087,0.2581217188777003,0.9925279152401798,-2.0635447490330856,1.0,0.0,0.0,0.0,0.0,0.0,0.0,0.0,0.0,1.0,0.0,1.0,0.0,0.0,0.0,0.0,1
0.1904573239304762,-0.361597022867636,-0.9001575395174976,0.3487190491301662,0.9925279152401798,-2.265666046022571,0.0,1.0,0.0,0.0,0.0,0.0,1.0,1.0,0.0,0.0,1.0,0.0,0.0,0.0,0.0,1.0,1
-0.5290335426802353,1.3081448147691066,-0.6931173434702501,0.6062597744545917,0.9925279152401798,-0.9518776155909179,0.0,1.0,1.0,0.0,0.0,0.0,0.0,0.0,1.0,0.0,0.0,1.0,1.0,0.0,1.0,1.0,0
0.5002684873646734,-0.9336847759735983,-0.09892881335091372,-1.7798092380373172,0.9925279152401798,1.1198656785513041,1.0,0.0,0.0,1.0,0.0,0.0,0.0,0.0,0.0,1.0,1.0,0.0,0.0,1.0,1.0,1.0,0
-0.22796998856653333,-0.5753440954566772,-0.4877604010494032,1.4704972282112596,0.9925279152401798,-1.558241506559373,0.0,1.0,0.0,1.0,0.0,0.0,0.0,0.0,0.0,1.0,1.0,0.0,0.0,0.0,0.0,0.0,1
-0.4503050587957806,1.6746581774732558,0.7494310143548806,-0.2966596854772873,-1.0075283371329782,-0.34551372462246277,1.0,0.0,0.0,0.0,0.0,1.0,0.0,1.0,0.0,0.0,1.0,0.0,0.0,1.0,0.0,1.0,0
1.420954368346771,2.1493024121930375,-0.6636604050082432,-1.537537725676791,0.9925279152401798,0.56403211183022,0.0,1.0,1.0,0.0,0.0,0.0,0.0,0.0,1.0,0.0,1.0,0.0,1.0,0.0,1.0,0.0,0
-0.33221233296909797,-0.6991916639862096,0.4262463180860062,-0.8758718305745125,0.9925279152401798,-0.5981653458593191,1.0,0.0,0.0,1.0,0.0,0.0,0.0,1.0,0.0,0.0,0.0,1.0,0.0,1.0,1.0,0.0,0
-0.8147887804830715,-0.017715703143502768,-0.5374163830282143,-1.5446633583932772,0.9925279152401798,1.321986975540789,0.0,0.0,0.0,0.0,0.0,1.0,0.0,0.0,1.0,0.0,0.0,1.0,0.0,0.0,1.0,0.0,1
-1.1923939161511048,-1.3083708208649758,0.7224989563324737,-0.37402369782770667,0.9925279152401798,-0.19392275188034908,0.0,0.0,1.0,0.0,0.0,0.0,1.0,0.0,1.0,0.0,0.0,0.0,0.0,1.0,1.0,1.0,0
0.5374458269767775,-0.1824266826091757,-0.26052116148535087,2.5515575060552904,-1.0075283371329782,0.1597895178512499,0.0,0.0,1.0,0.0,0.0,0.0,0.0,0.0,0.0,0.0,0.0,0.0,0.0,0.0,1.0,1.0,0
-1.5838494332432556,0.9799801915588734,2.617842539659309,1.5346279226596353,-1.0075283371329782,-0.04233177913823491,0.0,1.0,1.0,0.0,0.0,0.0,1.0,1.0,0.0,0.0,1.0,0.0,0.0,1.0,0.0,0.0,0
-0.10914829529647685,-0.621865517137821,-0.6072714085238308,0.896374820768667,0.9925279152401798,-0.44657437311720516,0.0,1.0,1.0,0.0,0.0,1.0,0.0,0.0,0.0,0.0,0.0,1.0,0.0,0.0,0.0,1.0,0
0.5979501247768677,0.314849595090622,-1.337803482381598,-1.8622629880423704,0.9925279152401798,-0.5476350216119478,0.0,0.0,0.0,0.0,0.0,0.0,0.0,0.0,0.0,1.0,0.0,1.0,0.0,1.0,1.0,0.0,0
0.18535455182685465,-0.4389231697160246,0.6349697677596544,0.39758053061464255,0.9925279152401798,0.2608501663459925,0.0,1.0,0.0,0.0,0.0,0.0,0.0,1.0,0.0,0.0,0.0,0.0,1.0,0.0,1.0,1.0,0
-0.20901683503879384,-1.4737104681912045,-0.48860202786260326,1.253674404123898,-1.0075283371329782,-1.1034685883330317,0.0,1.0,0.0,0.0,0.0,1.0,0.0,0.0,1.0,0.0,0.0,0.0,0.0,0.0,1.0,0.0,1
0.1598406913087447,-0.7884625001851616,1.2746061457918005,-0.25695973177115056,0.9925279152401798,-2.0130144247857147,0.0,0.0,1.0,0.0,0.0,0.0,1.0,0.0,0.0,0.0,0.0,0.0,0.0,0.0,0.0,1.0,1
1.9071756530776172,-1.4391337358606242,0.8681003950161075,-1.2392790991153024,-1.0075283371329782,1.2714566512934178,0.0,0.0,1.0,0.0,0.0,0.0,0.0,0.0,0.0,0.0,1.0,0.0,1.0,0.0,0.0,1.0,0
-0.5443418589911021,-0.9732908511886267,0.48600182182322055,-0.12666244781254793,-1.0075283371329782,-1.356120209569888,0.0,1.0,1.0,0.0,0.0,0.0,0.0,0.0,1.0,0.0,0.0,1.0,1.0,0.0,0.0,0.0,0
-2.7116531890741546,0.8221845585593165,-0.994419742595919,-1.1344305034298643,0.9925279152401798,1.321986975540789,0.0,0.0,0.0,0.0,0.0,1.0,0.0,0.0,0.0,0.0,0.0,1.0,1.0,0.0,0.0,1.0,0
0.9988822186328876,0.13442191911104992,-1.0390259636955292,-0.32618016387415744,-1.0075283371329782,0.6145624360775915,0.0,0.0,1.0,0.0,0.0,0.0,1.0,1.0,0.0,0.0,0.0,1.0,1.0,0.0,0.0,1.0,0
1.432617847440764,0.3745730418434424,-0.8370355285274831,0.1624346509706018,0.9925279152401798,-0.44657437311720516,0.0,1.0,1.0,0.0,0.0,0.0,0.0,0.0,1.0,0.0,0.0,0.0,1.0,0.0,0.0,0.0,0
-0.9802643901291017,-1.2813381028610678,-0.8218862458898797,-0.5185722472192815,0.9925279152401798,0.56403211183022,1.0,0.0,1.0,0.0,0.0,0.0,1.0,0.0,0.0,1.0,0.0,0.0,0.0,1.0,1.0,1.0,0
0.2575223287209379,-1.5315479113623565,0.44644536160281156,0.7548801139698721,-1.0075283371329782,0.7156230845723341,0.0,0.0,1.0,0.0,0.0,1.0,0.0,1.0,0.0,0.0,0.0,1.0,0.0,1.0,1.0,0.0,1
-0.7163781756275028,-0.4785292449310524,0.6736846011668627,0.20518844726951846,-1.0075283371329782,-1.0024079398382892,1.0,0.0,0.0,1.0,0.0,0.0,1.0,0.0,0.0,0.0,0.0,0.0,0.0,0.0,1.0,0.0,0
0.20941047745821573,1.2333333393629424,-0.9708541918263135,-1.376702015790391,0.9925279152401798,1.5241082725302741,0.0,0.0,0.0,1.0,0.0,1.0,0.0,0.0,0.0,1.0,0.0,1.0,0.0,0.0,0.0,1.0,0
-0.9117414504518907,-1.319686842354984,-0.8446101698462846,0.16752438862523444,0.9925279152401798,0.41244113908810626,1.0,0.0,1.0,0.0,0.0,0.0,1.0,0.0,0.0,0.0,0.0,1.0,1.0,0.0,0.0,0.0,0
-0.7229388826178743,-0.7545144357151375,0.045830998519519356,0.34057546888275375,-1.0075283371329782,0.9177443815618189,0.0,0.0,1.0,0.0,0.0,0.0,1.0,0.0,0.0,0.0,0.0,0.0,0.0,1.0,1.0,1.0,0
1.1373860328740586,0.07784181166100936,0.5600649813848372,0.08303474355832828,-1.0075283371329782,0.41244113908810626,1.0,0.0,0.0,1.0,0.0,0.0,0.0,0.0,0.0,1.0,0.0,0.0,0.0,0.0,0.0,1.0,0
-1.5386534517540311,-0.41943446603878837,-1.342853243260799,-0.38114933054419353,0.9925279152401798,0.6650927603249626,0.0,0.0,1.0,0.0,0.0,0.0,1.0,0.0,0.0,1.0,1.0,0.0,0.0,0.0,1.0,0.0,0
-1.6844469404289475,1.411246343900291,-0.15952594390132752,1.206848817701276,-1.0075283371329782,1.4735779482829032,0.0,0.0,1.0,0.0,0.0,0.0,0.0,0.0,1.0,0.0,1.0,0.0,0.0,1.0,0.0,0.0,0
-0.0646812812506274,0.06589712231044545,-1.7687164107400966,-1.2718534201049532,0.9925279152401798,0.3113804905933636,1.0,0.0,1.0,0.0,0.0,0.0,0.0,0.0,0.0,1.0,0.0,1.0,0.0,0.0,1.0,0.0,0
-0.7819852455312156,0.5550007178230154,-0.4852355206098025,0.5553623979082626,0.9925279152401798,-0.7497563186014329,0.0,0.0,0.0,1.0,0.0,1.0,0.0,0.0,0.0,1.0,0.0,0.0,1.0,0.0,0.0,0.0,1
-0.5589212078585929,0.6882783042608882,-0.7899044269882721,-1.581309469506634,-1.0075283371329782,2.7873663787145557,0.0,1.0,1.0,0.0,0.0,0.0,1.0,0.0,1.0,0.0,1.0,0.0,0.0,1.0,1.0,0.0,0
1.1410308700909313,1.0906257350167292,2.0110296073419693,-0.12564450028162083,-1.0075283371329782,-0.24445307612772016,0.0,0.0,1.0,0.0,0.0,1.0,0.0,0.0,1.0,0.0,0.0,1.0,0.0,1.0,0.0,0.0,1
-2.5110960212157236,-0.35531034426207636,-0.2807202050021551,0.70805452754725,-1.0075283371329782,0.56403211183022,0.0,0.0,0.0,1.0,0.0,1.0,0.0,0.0,1.0,0.0,1.0,0.0,1.0,0.0,0.0,1.0,0
-0.08655030455186465,-1.4014136642272639,1.6062071101926763,-0.3536647472091762,-1.0075283371329782,-0.5476350216119478,0.0,0.0,1.0,0.0,0.0,0.0,1.0,0.0,0.0,1.0,0.0,1.0,0.0,1.0,1.0,0.0,0
2.0522401743091585,1.3898716366413868,-0.3977063320369825,-0.30174942313192,0.9925279152401798,0.4629714633354778,0.0,1.0,1.0,0.0,0.0,0.0,1.0,1.0,0.0,0.0,1.0,0.0,0.0,1.0,0.0,1.0,0
-1.103459888059406,1.5407519231748268,1.3478276785402177,-0.7292873861210849,-1.0075283371329782,-0.7497563186014329,1.0,0.0,1.0,0.0,0.0,0.0,0.0,0.0,1.0,0.0,0.0,0.0,0.0,0.0,1.0,1.0,0
-0.838115738671058,-2.2249685615556274,0.31262669830398065,1.799294280700546,-1.0075283371329782,0.21031984209862142,0.0,1.0,1.0,0.0,0.0,0.0,0.0,0.0,0.0,1.0,1.0,0.0,1.0,0.0,1.0,1.0,0
-0.7207519802877504,-0.7545144357151375,-0.6855427021514486,-1.74927081210952,0.9925279152401798,-0.7497563186014329,1.0,0.0,0.0,1.0,0.0,0.0,0.0,0.0,0.0,0.0,0.0,1.0,0.0,0.0,1.0,1.0,0
-1.5167844284527938,0.79012249767096,0.5516487132528357,-1.3848455960378037,-1.0075283371329782,-0.34551372462246277,1.0,0.0,1.0,0.0,0.0,0.0,1.0,0.0,0.0,0.0,0.0,0.0,0.0,1.0,1.0,1.0,0
-0.25056797931114555,-1.4479350859084084,-0.16036757071452815,-0.6112054725336002,-1.0075283371329782,0.21031984209862142,0.0,1.0,1.0,0.0,0.0,1.0,0.0,1.0,0.0,0.0,0.0,0.0,0.0,0.0,0.0,0.0,1
-0.06613921613737628,-1.7144902587841535,0.2200477488519587,-0.9471281577393735,0.9925279152401798,1.7767598937671305,0.0,1.0,1.0,0.0,0.0,1.0,0.0,0.0,0.0,1.0,0.0,1.0,0.0,1.0,1.0,0.0,1
-0.7885459525215865,-0.4804152485127205,2.177671716355608,-0.9583255805795658,0.9925279152401798,-1.1034685883330317,0.0,0.0,1.0,0.0,0.0,1.0,0.0,0.0,1.0,0.0,0.0,1.0,0.0,1.0,0.0,0.0,1
2.0522401743091585,-1.5830986759279486,-0.540782890281015,1.8776762405818925,0.9925279152401798,0.4629714633354778,0.0,1.0,1.0,0.0,0.0,1.0,0.0,1.0,0.0,0.0,1.0,0.0,0.0,1.0,0.0,1.0,0
0.7072952412830549,-1.5070298648006724,1.2241085369997893,-0.22438541078149918,-1.0075283371329782,0.1597895178512499,1.0,0.0,1.0,0.0,0.0,0.0,0.0,0.0,1.0,0.0,0.0,0.0,1.0,0.0,0.0,1.0,0
0.34718532425601173,0.5556293856835718,-0.06610536763610615,-1.2850867380069981,-1.0075283371329782,-0.34551372462246277,0.0,0.0,1.0,0.0,0.0,0.0,1.0,0.0,0.0,0.0,0.0,1.0,0.0,0.0,0.0,0.0,0
-1.1661510881896198,-0.299987572533148,-0.23863886434214546,1.3748101603041611,0.9925279152401798,0.6650927603249626,0.0,0.0,1.0,0.0,0.0,1.0,0.0,0.0,0.0,0.0,1.0,0.0,1.0,0.0,1.0,0.0,1
0.8355935113169817,-0.2132314077764195,1.3587688271118197,-0.21013414534852698,-1.0075283371329782,-0.5476350216119478,0.0,0.0,1.0,0.0,0.0,1.0,0.0,1.0,0.0,0.0,0.0,0.0,0.0,1.0,0.0,1.0,0
0.09496258884840687,-1.2455040348093755,-0.014766132030894438,-0.7669514447653674,0.9925279152401798,0.7661534088197052,1.0,0.0,1.0,0.0,0.0,0.0,0.0,1.0,0.0,0.0,0.0,0.0,0.0,1.0,0.0,1.0,0
-0.4503050587957806,-0.39743109091932816,1.2325248051317907,0.08405269108925538,0.9925279152401798,0.1092591936038788,1.0,0.0,1.0,0.0,0.0,0.0,1.0,0.0,0.0,1.0,0.0,1.0,1.0,0.0,0.0,1.0,0
1.4129357264696505,-2.3871648695790757,1.2375745660109922,-0.6559951638943711,0.9925279152401798,1.675699245272388,1.0,0.0,0.0,0.0,0.0,0.0,1.0,0.0,0.0,0.0,0.0,0.0,1.0,0.0,1.0,1.0,0
-0.5086224542657469,-0.37919972296320414,1.5977908420606748,0.4484779071609717,-1.0075283371329782,0.7661534088197052,0.0,0.0,1.0,0.0,0.0,1.0,0.0,0.0,0.0,0.0,0.0,0.0,0.0,0.0,1.0,1.0,0
-1.6531013403638404,0.020633036350413345,0.22341425610476,-1.3543071701100058,0.9925279152401798,-0.14339242763297752,0.0,0.0,0.0,1.0,0.0,1.0,0.0,1.0,0.0,0.0,0.0,0.0,0.0,0.0,1.0,0.0,1
0.6096136038708607,-0.4521251947877007,0.8234941739164972,0.5217701293876855,-1.0075283371329782,-0.44657437311720516,0.0,1.0,0.0,1.0,0.0,0.0,1.0,0.0,0.0,1.0,0.0,0.0,0.0,1.0,0.0,0.0,0
-1.3199632187416566,0.7718911297148364,0.4809520609440192,-0.027921537312669546,-1.0075283371329782,0.1597895178512499,1.0,0.0,1.0,0.0,0.0,0.0,0.0,0.0,1.0,0.0,0.0,1.0,1.0,0.0,1.0,0.0,0
-0.041354323062640246,0.6662749291414276,-0.6552441368762412,-0.4910876638842642,0.9925279152401798,0.1597895178512499,0.0,0.0,0.0,0.0,0.0,1.0,0.0,0.0,0.0,1.0,0.0,0.0,0.0,0.0,0.0,0.0,1
0.6905289900854392,-1.112855116232059,-0.40191446610298326,0.7467365337224595,-1.0075283371329782,0.6145624360775915,1.0,0.0,1.0,0.0,0.0,0.0,1.0,1.0,0.0,0.0,0.0,1.0,0.0,0.0,1.0,1.0,0
0.8487149252977236,-0.21700341493975564,0.07276305654192496,0.08608858615110813,0.9925279152401798,0.4629714633354778,1.0,0.0,0.0,1.0,0.0,0.0,1.0,0.0,0.0,0.0,0.0,1.0,0.0,1.0,1.0,1.0,0
0.18754145415697848,-1.8458818416403577,-0.3488919768713715,1.8970172436694974,0.9925279152401798,1.7767598937671305,1.0,0.0,1.0,0.0,0.0,1.0,0.0,0.0,0.0,0.0,1.0,0.0,0.0,1.0,1.0,1.0,0
-0.1732974303134397,0.7461157474320406,-0.11576134961491782,1.321876888695979,-1.0075283371329782,0.008198545109136179,0.0,1.0,0.0,1.0,0.0,0.0,1.0,0.0,0.0,1.0,0.0,0.0,1.0,0.0,1.0,0.0,0
-1.0378528181556936,0.45127052083127467,-0.12081111049411918,0.25913966640862746,-1.0075283371329782,-1.0024079398382892,0.0,1.0,0.0,1.0,0.0,1.0,0.0,1.0,0.0,0.0,0.0,0.0,0.0,1.0,0.0,0.0,1
-0.5800612637164562,-0.9707761797464027,-0.0745216357681088,-2.0210628028669175,-1.0075283371329782,0.058728869356507264,0.0,0.0,0.0,1.0,0.0,0.0,0.0,1.0,0.0,0.0,0.0,1.0,0.0,0.0,1.0,0.0,0
-2.7116531890741546,-1.1669205522398753,1.5405602187630623,-0.5338414601831809,0.9925279152401798,0.6145624360775915,1.0,0.0,1.0,0.0,0.0,0.0,1.0,0.0,0.0,0.0,1.0,0.0,0.0,1.0,0.0,0.0,0
-0.08873720688198847,0.7574317689220481,0.3993142600636006,2.0741401140507234,0.9925279152401798,-1.2550595610751456,0.0,1.0,0.0,1.0,0.0,1.0,0.0,0.0,1.0,0.0,0.0,1.0,0.0,0.0,1.0,1.0,0
1.8488582576076498,1.242763357271282,-1.0466006050143313,-1.499873667032507,0.9925279152401798,-0.39604404886983385,1.0,0.0,0.0,1.0,0.0,1.0,0.0,0.0,1.0,0.0,0.0,1.0,1.0,0.0,1.0,0.0,1
0.34499842192588787,0.26769950554892186,0.4977845972080233,-1.5863992071612667,0.9925279152401798,1.675699245272388,1.0,0.0,1.0,0.0,0.0,1.0,0.0,1.0,0.0,0.0,0.0,0.0,0.0,0.0,1.0,1.0,0
0.4076896220561019,-0.23774945433810363,-1.1509623298511549,0.24590634850658089,-1.0075283371329782,-0.4971046973645765,0.0,1.0,0.0,0.0,0.0,1.0,0.0,0.0,0.0,1.0,0.0,1.0,0.0,0.0,0.0,1.0,0
-0.11279313251334955,-0.6960483246834294,1.5380353383234617,-0.48294408363685176,0.9925279152401798,-0.6992259943540615,0.0,1.0,1.0,0.0,0.0,1.0,0.0,0.0,1.0,0.0,1.0,0.0,0.0,0.0,1.0,0.0,1
0.4455959291115798,0.46447254590295123,-0.675443180393046,-1.4550839756717375,0.9925279152401798,-1.356120209569888,0.0,0.0,1.0,0.0,0.0,1.0,0.0,0.0,0.0,1.0,0.0,1.0,1.0,0.0,0.0,0.0,1
-0.8300970967939377,-0.3747990479393121,-0.9102570612758997,1.2648718269640904,-1.0075283371329782,-0.5981653458593191,0.0,0.0,1.0,0.0,0.0,0.0,1.0,1.0,0.0,0.0,0.0,0.0,0.0,0.0,1.0,0.0,0
-0.5669398497357143,-1.076392380319811,0.6762094816064633,0.3599164719703586,0.9925279152401798,-1.6087718308067445,1.0,0.0,1.0,0.0,0.0,0.0,1.0,0.0,0.0,0.0,0.0,1.0,1.0,0.0,0.0,0.0,0
-0.05228883471325938,-1.165663216518763,0.07528793698152562,0.5970982466762521,-1.0075283371329782,-0.19392275188034908,0.0,0.0,0.0,1.0,0.0,1.0,0.0,0.0,0.0,1.0,1.0,0.0,1.0,0.0,1.0,0.0,1
-0.29430602591362004,1.0547916669650375,-1.099623094245943,-1.3553251176409329,-1.0075283371329782,0.5135017875828488,0.0,1.0,1.0,0.0,0.0,0.0,0.0,1.0,0.0,0.0,0.0,1.0,0.0,1.0,1.0,0.0,0
-1.2842438140163024,0.9648921629055287,0.2739118648967711,0.31003704295495654,-1.0075283371329782,-0.6486956701066902,0.0,0.0,0.0,0.0,0.0,0.0,0.0,1.0,0.0,0.0,1.0,0.0,0.0,0.0,0.0,0.0,0
0.6278377899552253,-0.36788370147319616,-0.01729101247049511,-1.493765981846948,0.9925279152401798,0.3619108148407351,0.0,1.0,1.0,0.0,0.0,0.0,1.0,0.0,1.0,0.0,1.0,0.0,1.0,0.0,1.0,0.0,0
-0.18277400707730893,0.32805162016229855,-0.009716371151693088,-0.49719534906982393,-1.0075283371329782,-1.8108931277962295,0.0,1.0,0.0,1.0,0.0,0.0,0.0,0.0,0.0,0.0,1.0,0.0,0.0,0.0,0.0,0.0,1
0.8020610089217504,-0.07115247129076262,0.39426449918439926,-0.13785987065274027,0.9925279152401798,1.7262295695197594,0.0,1.0,0.0,1.0,0.0,0.0,0.0,1.0,0.0,0.0,1.0,0.0,1.0,0.0,0.0,0.0,0
-0.9051807434615198,-0.3955450873376601,0.9371137936985239,1.6537277837780455,0.9925279152401798,0.058728869356507264,1.0,0.0,1.0,0.0,0.0,0.0,1.0,0.0,0.0,1.0,1.0,0.0,0.0,0.0,0.0,1.0,0
0.8144534554591184,-2.0747169428827426,-0.18140824104453296,0.34159341641368085,-1.0075283371329782,0.008198545109136179,0.0,1.0,0.0,1.0,0.0,0.0,0.0,0.0,0.0,1.0,0.0,1.0,0.0,0.0,0.0,1.0,0
1.5616450849180648,-0.3747990479393121,-1.3899843448000098,-0.30480326572469985,0.9925279152401798,1.4735779482829032,1.0,0.0,1.0,0.0,0.0,1.0,0.0,0.0,1.0,0.0,0.0,0.0,0.0,0.0,0.0,1.0,0
0.14890617965812555,0.34502565239731037,2.002613339209968,-0.9980255342857026,0.9925279152401798,-1.1034685883330317,1.0,0.0,1.0,0.0,0.0,1.0,0.0,0.0,0.0,1.0,0.0,0.0,0.0,1.0,1.0,0.0,1
0.9886766744256434,0.6977083221692277,0.8992405871045149,-0.9623973707032714,-1.0075283371329782,0.3619108148407351,0.0,1.0,1.0,0.0,0.0,0.0,0.0,0.0,0.0,0.0,1.0,0.0,1.0,0.0,0.0,1.0,0
-0.5093514217091218,-1.622704751142977,-0.6030632744578294,-0.5104286669718691,-1.0075283371329782,0.1092591936038788,0.0,0.0,0.0,0.0,0.0,0.0,0.0,0.0,0.0,0.0,0.0,0.0,1.0,0.0,0.0,0.0,0
-1.879081247809961,-1.0298709586386667,-0.907732180836299,1.008349049170592,0.9925279152401798,0.4629714633354778,0.0,1.0,0.0,1.0,0.0,1.0,0.0,0.0,0.0,1.0,0.0,0.0,1.0,0.0,0.0,0.0,1
-0.8432185107746801,0.6537015719303073,-0.7688637566582673,0.06369374047072345,0.9925279152401798,0.2608501663459925,1.0,0.0,0.0,1.0,0.0,0.0,0.0,0.0,1.0,0.0,0.0,0.0,1.0,0.0,1.0,1.0,0
-0.1871478117375566,-1.0084962513797624,1.7509669220631106,0.07692705837276856,0.9925279152401798,-0.39604404886983385,0.0,0.0,1.0,0.0,0.0,0.0,1.0,0.0,0.0,1.0,0.0,1.0,0.0,1.0,0.0,0.0,0
0.08548601208453661,-0.17111066111916723,-1.3554776454588016,0.30494730530032393,0.9925279152401798,-2.265666046022571,1.0,0.0,0.0,1.0,0.0,1.0,0.0,0.0,0.0,0.0,0.0,0.0,0.0,1.0,1.0,0.0,1
0.45653044076219895,0.12939257622660202,1.6036822297530768,-0.389292910791606,-1.0075283371329782,1.2209263270460469,0.0,1.0,1.0,0.0,0.0,0.0,1.0,1.0,0.0,0.0,0.0,1.0,0.0,1.0,1.0,1.0,0
-0.03989638817589137,1.5042891872625788,-1.6862369830464774,-2.1065703954647503,0.9925279152401798,0.1092591936038788,0.0,0.0,1.0,0.0,0.0,1.0,0.0,0.0,0.0,1.0,1.0,0.0,0.0,0.0,0.0,1.0,0
0.34062461726564025,1.5614979625731755,-0.6468278687442397,1.9967761017003027,-1.0075283371329782,0.56403211183022,0.0,1.0,1.0,0.0,0.0,0.0,0.0,0.0,0.0,1.0,0.0,0.0,1.0,0.0,1.0,1.0,0
0.0818411748676639,1.3854709616174943,-0.5163757126982095,0.6775161016194527,-1.0075283371329782,-0.44657437311720516,0.0,1.0,0.0,0.0,0.0,0.0,1.0,0.0,0.0,0.0,0.0,0.0,0.0,0.0,1.0,1.0,0
-0.7601162222299778,1.145948506745658,-2.208045607230597,-1.4683172935737834,0.9925279152401798,-0.29498340037509146,0.0,1.0,1.0,0.0,0.0,1.0,0.0,0.0,1.0,0.0,1.0,0.0,1.0,0.0,0.0,0.0,1
-0.8096860083794494,1.139033160279542,-0.9220398366607024,-0.5959362595697023,0.9925279152401798,-1.0529382640856604,1.0,0.0,1.0,0.0,0.0,0.0,1.0,0.0,0.0,0.0,1.0,0.0,1.0,0.0,1.0,1.0,0
-1.1355344555678872,0.8429305979576645,-0.08209627708690963,0.0657296355325762,-1.0075283371329782,-0.4971046973645765,0.0,0.0,1.0,0.0,0.0,0.0,1.0,0.0,1.0,0.0,0.0,0.0,0.0,0.0,0.0,1.0,0
-0.05155986726988443,-0.9009940472246865,-0.5803393505014246,0.7823646973048908,0.9925279152401798,2.7873663787145557,0.0,1.0,1.0,0.0,0.0,1.0,0.0,1.0,0.0,0.0,0.0,1.0,1.0,0.0,0.0,1.0,0
0.0009257886530853741,-0.770859800089594,0.5836305321544426,-0.09307017929197088,-1.0075283371329782,1.2714566512934178,0.0,1.0,1.0,0.0,0.0,0.0,1.0,1.0,0.0,0.0,0.0,1.0,0.0,1.0,0.0,1.0,0
0.20139183558109536,1.2213886500123776,-0.19739915049533643,0.5146444966711987,0.9925279152401798,0.56403211183022,1.0,0.0,0.0,0.0,0.0,0.0,1.0,1.0,0.0,0.0,0.0,1.0,1.0,0.0,1.0,0.0,0
-0.4816506588608881,2.0506015580857455,1.044000398974948,-0.5959362595697023,-1.0075283371329782,0.1597895178512499,1.0,0.0,0.0,0.0,0.0,1.0,0.0,0.0,1.0,0.0,0.0,0.0,0.0,1.0,1.0,0.0,1
0.5323430548731559,-0.05166376761352729,1.5136281607406554,-0.58473883672951,-1.0075283371329782,-2.265666046022571,0.0,0.0,1.0,0.0,0.0,1.0,0.0,0.0,0.0,0.0,0.0,1.0,0.0,1.0,1.0,1.0,0
-1.0086941204207105,-1.2492760419727118,0.8403267101805012,-1.4408327102387655,0.9925279152401798,0.3619108148407351,1.0,0.0,0.0,1.0,0.0,1.0,0.0,1.0,0.0,0.0,0.0,1.0,0.0,0.0,1.0,1.0,0
0.76852850652652,-0.18494135405139964,0.8159195325976951,0.9757747281809406,0.9925279152401798,-0.19392275188034908,0.0,0.0,1.0,0.0,0.0,0.0,0.0,1.0,0.0,0.0,0.0,1.0,0.0,0.0,0.0,0.0,0
0.5090160966851688,-1.4762251396334285,0.007116165112309812,0.002616888615127635,0.9925279152401798,-1.6087718308067445,0.0,1.0,1.0,0.0,0.0,1.0,0.0,1.0,0.0,0.0,0.0,1.0,0.0,1.0,0.0,0.0,1
-1.5860363355733789,-2.734896779949114,0.4876850754496206,0.5563803454391897,0.9925279152401798,1.1198656785513041,1.0,0.0,1.0,0.0,0.0,1.0,0.0,0.0,0.0,0.0,0.0,1.0,0.0,1.0,1.0,1.0,0
1.0025270558497603,-0.07995382133854669,-0.02402402697609651,1.0561925831241412,-1.0075283371329782,-0.19392275188034908,1.0,0.0,1.0,0.0,0.0,1.0,0.0,0.0,1.0,0.0,0.0,0.0,0.0,1.0,0.0,1.0,0
2.0522401743091585,2.1493024121930375,1.1879185840321804,-0.6865335898221682,-1.0075283371329782,-1.1539989125804029,0.0,0.0,0.0,1.0,0.0,0.0,1.0,0.0,0.0,0.0,0.0,0.0,0.0,1.0,0.0,0.0,0
-0.29795086313049274,-0.6727876138428575,-0.20497379181413847,-1.2677816299812468,-1.0075283371329782,-0.8508169670961755,0.0,0.0,1.0,0.0,0.0,1.0,0.0,0.0,0.0,1.0,0.0,1.0,1.0,0.0,1.0,0.0,1
-0.7972935618420819,0.7310277187786959,-0.3413173355525701,0.9554157775624087,0.9925279152401798,-2.265666046022571,1.0,0.0,1.0,0.0,0.0,0.0,1.0,0.0,1.0,0.0,0.0,1.0,0.0,0.0,1.0,1.0,1
-1.1420951625582587,1.6916322097082677,0.1754415277523484,0.4576394349393113,-1.0075283371329782,0.8166837330670763,0.0,1.0,1.0,0.0,0.0,0.0,0.0,1.0,0.0,0.0,0.0,0.0,0.0,0.0,0.0,1.0,0
-1.1610483160859977,-0.05606444263741888,0.2604458358855683,-0.650905426239737,-1.0075283371329782,-0.7497563186014329,1.0,0.0,0.0,0.0,0.0,0.0,0.0,0.0,0.0,0.0,0.0,0.0,0.0,1.0,1.0,1.0,0
-0.5472577287645998,-0.9160820758780301,0.2368802851159628,1.8013301757623987,0.9925279152401798,0.9682747058091904,0.0,0.0,0.0,0.0,0.0,0.0,1.0,1.0,0.0,0.0,0.0,1.0,1.0,0.0,1.0,1.0,0
-0.7382471989287406,0.2670708376883664,1.217375522494188,-0.1205547626269882,0.9925279152401798,-1.1034685883330317,1.0,0.0,0.0,0.0,0.0,0.0,0.0,0.0,0.0,0.0,0.0,1.0,0.0,0.0,0.0,0.0,0
-0.03916742073251642,1.320718171980226,-0.9296144779795045,0.9686490954644552,-1.0075283371329782,0.1092591936038788,0.0,1.0,1.0,0.0,0.0,0.0,0.0,0.0,1.0,0.0,1.0,0.0,0.0,0.0,1.0,1.0,0
-0.3970904354294358,0.3494263274212029,-0.15952594390132752,-1.0519767534248117,0.9925279152401798,-1.2550595610751456,0.0,0.0,1.0,0.0,0.0,0.0,1.0,0.0,1.0,0.0,1.0,0.0,1.0,0.0,0.0,1.0,0
0.8297617717699851,-0.6715302781217451,1.4892209831578493,0.5665598207484549,0.9925279152401798,0.3619108148407351,0.0,1.0,0.0,1.0,0.0,0.0,0.0,1.0,0.0,0.0,0.0,0.0,1.0,0.0,0.0,0.0,0
-0.20682993270867,-0.9651181690013985,0.756164028860482,-0.3994723861008712,0.9925279152401798,0.058728869356507264,0.0,1.0,1.0,0.0,0.0,1.0,0.0,0.0,1.0,0.0,0.0,0.0,1.0,0.0,1.0,1.0,0
0.6978186645191857,0.13693659055327342,-0.3960230784105819,0.19602691949117887,-1.0075283371329782,1.675699245272388,0.0,0.0,1.0,0.0,0.0,0.0,0.0,1.0,0.0,0.0,0.0,0.0,0.0,1.0,0.0,1.0,0
1.1308253258836871,-1.0122682585430987,0.8479013514993032,0.613385407171077,-1.0075283371329782,-1.1034685883330317,0.0,1.0,0.0,1.0,0.0,0.0,1.0,0.0,0.0,1.0,0.0,1.0,0.0,1.0,0.0,1.0,0
0.6912579575288142,-0.07115247129076262,0.26549559676476964,-1.4316711824604265,0.9925279152401798,-0.14339242763297752,0.0,0.0,0.0,0.0,0.0,0.0,0.0,1.0,0.0,0.0,0.0,0.0,1.0,0.0,1.0,0.0,0
-0.29284809102687115,-0.4753859056282726,-1.1879939096319636,-0.25085204658559085,-1.0075283371329782,-0.19392275188034908,0.0,1.0,0.0,0.0,0.0,1.0,0.0,1.0,0.0,0.0,0.0,0.0,1.0,0.0,0.0,0.0,1
-0.8585268270855465,-1.1945819381043392,0.8874578117197122,-0.7781488676055598,-1.0075283371329782,-0.34551372462246277,0.0,0.0,0.0,0.0,0.0,0.0,0.0,0.0,0.0,0.0,1.0,0.0,0.0,1.0,0.0,1.0,0
0.03372932360494176,1.3615815829163664,0.8967157066649143,0.042316842321264404,-1.0075283371329782,0.1597895178512499,0.0,1.0,1.0,0.0,0.0,0.0,0.0,0.0,0.0,1.0,0.0,0.0,0.0,1.0,0.0,1.0,0
-0.042812257949389115,0.1884873551188661,1.3461444249138175,-0.15109318855478537,0.9925279152401798,-1.4571808580646306,0.0,0.0,1.0,0.0,0.0,0.0,0.0,0.0,1.0,0.0,1.0,0.0,0.0,0.0,1.0,1.0,1
-0.2396334676605264,-0.7589151107390296,-1.0516503658935321,1.2821769349898424,-1.0075283371329782,-0.29498340037509146,1.0,0.0,0.0,1.0,0.0,1.0,0.0,1.0,0.0,0.0,0.0,1.0,1.0,0.0,1.0,0.0,1
-0.4335388075981649,0.876878662427689,1.7509669220631106,-1.342091799738887,-1.0075283371329782,0.9682747058091904,0.0,1.0,0.0,1.0,0.0,0.0,1.0,0.0,0.0,0.0,0.0,1.0,0.0,0.0,1.0,1.0,0
1.356805233329807,-0.9399714545791584,-0.5096426981926081,0.39758053061464255,-1.0075283371329782,-0.34551372462246277,0.0,1.0,0.0,1.0,0.0,0.0,1.0,0.0,0.0,1.0,0.0,0.0,1.0,0.0,1.0,0.0,0
0.6161743108612322,1.7331242885049636,0.6812592424856647,-0.2019905651011145,0.9925279152401798,-0.04233177913823491,0.0,0.0,0.0,1.0,0.0,0.0,1.0,0.0,0.0,0.0,0.0,1.0,0.0,0.0,0.0,1.0,0
-0.0719709556843728,-0.827439907539634,-0.7907460538014728,-0.5928824169769225,-1.0075283371329782,-0.5476350216119478,1.0,0.0,0.0,0.0,0.0,0.0,1.0,0.0,0.0,1.0,0.0,1.0,1.0,0.0,0.0,0.0,0
-0.07342889057112167,0.15831129781217773,-0.050956084998503307,-1.457119870733591,-1.0075283371329782,0.6650927603249626,0.0,0.0,1.0,0.0,0.0,1.0,0.0,0.0,1.0,0.0,0.0,1.0,0.0,0.0,1.0,0.0,1
1.2715160424549818,1.2352193429446097,-0.11071158873571647,0.5187162867949057,0.9925279152401798,1.1198656785513041,0.0,1.0,1.0,0.0,0.0,1.0,0.0,0.0,0.0,0.0,1.0,0.0,1.0,0.0,0.0,0.0,1
-0.5312204450103591,2.0782629439502096,1.6457635704130864,-0.5745593614202433,-1.0075283371329782,0.4629714633354778,0.0,1.0,0.0,1.0,0.0,0.0,1.0,0.0,0.0,0.0,0.0,0.0,0.0,1.0,1.0,1.0,0
-0.9285077016495064,0.3217649415567389,-1.39166759842641,-0.9623973707032714,0.9925279152401798,-0.29498340037509146,0.0,0.0,0.0,0.0,0.0,1.0,0.0,0.0,0.0,1.0,0.0,0.0,0.0,1.0,0.0,1.0,0
-0.13612009070133566,-1.7760997091186415,-1.9084264617313285,0.725359635573002,-1.0075283371329782,-1.2045292368277742,1.0,0.0,0.0,1.0,0.0,0.0,1.0,0.0,0.0,1.0,0.0,0.0,0.0,0.0,1.0,1.0,0
-0.12299867672059372,2.0153961578946094,-0.5618235606110198,0.6754802065575986,-1.0075283371329782,-0.4971046973645765,0.0,0.0,1.0,0.0,0.0,0.0,1.0,0.0,0.0,0.0,0.0,0.0,0.0,0.0,1.0,1.0,0
-0.9963016738833425,-0.535109352381093,0.6585353185292598,-1.8846578337227553,-1.0075283371329782,-0.19392275188034908,0.0,0.0,0.0,1.0,0.0,1.0,0.0,0.0,1.0,0.0,0.0,0.0,1.0,0.0,0.0,1.0,0
1.0098167302835068,-2.734896779949114,0.2368802851159628,-0.243726413869104,-1.0075283371329782,0.1092591936038788,1.0,0.0,1.0,0.0,0.0,0.0,1.0,0.0,1.0,0.0,1.0,0.0,0.0,0.0,0.0,1.0,0
-1.3352715350525228,-1.033642965802003,1.4235740917282353,0.7660775368100644,-1.0075283371329782,0.008198545109136179,1.0,0.0,0.0,0.0,0.0,1.0,0.0,0.0,0.0,1.0,0.0,1.0,0.0,1.0,0.0,0.0,1
-2.430180635001145,0.2997615664372783,0.7957204890808909,-0.4605492379564671,0.9925279152401798,-0.09286210338560645,0.0,0.0,1.0,0.0,0.0,1.0,0.0,0.0,0.0,1.0,0.0,1.0,0.0,1.0,0.0,0.0,1
-0.0909241092121123,-0.0045136780718271095,1.2552487290881968,0.1481833855376296,-1.0075283371329782,-0.24445307612772016,1.0,0.0,0.0,0.0,0.0,0.0,1.0,0.0,1.0,0.0,0.0,0.0,0.0,0.0,0.0,1.0,0
0.3646805428970013,-0.7105076854762177,-0.21086517950653924,0.07794500590369566,-1.0075283371329782,-2.265666046022571,1.0,0.0,1.0,0.0,0.0,0.0,0.0,1.0,0.0,0.0,1.0,0.0,0.0,1.0,1.0,1.0,0
-1.0203575995147036,2.007223475707381,-0.6779680608326466,1.8654608702107744,-1.0075283371329782,-0.8508169670961755,0.0,1.0,1.0,0.0,0.0,1.0,0.0,0.0,0.0,0.0,1.0,0.0,1.0,0.0,0.0,1.0,0
-2.225340783412887,-0.839384596890198,-1.3588441527116029,-0.28851610522987486,0.9925279152401798,-0.6992259943540615,0.0,0.0,1.0,0.0,0.0,1.0,0.0,0.0,1.0,0.0,0.0,0.0,0.0,0.0,0.0,1.0,0
1.4391785544311355,1.0491336562200333,1.002760685128139,0.051478370099603994,-1.0075283371329782,-0.24445307612772016,0.0,1.0,0.0,1.0,0.0,0.0,0.0,1.0,0.0,0.0,1.0,0.0,0.0,0.0,0.0,0.0,0
0.30417624509691116,0.1218485618999297,-1.629847986562065,-1.5823274170375603,-1.0075283371329782,0.8166837330670763,1.0,0.0,0.0,0.0,0.0,0.0,0.0,0.0,0.0,1.0,0.0,1.0,0.0,0.0,1.0,0.0,0
0.7109400784999276,-0.008285685235162373,-0.5172173395114101,-0.5939003645078496,0.9925279152401798,1.7262295695197594,0.0,0.0,1.0,0.0,0.0,0.0,1.0,1.0,0.0,0.0,1.0,0.0,0.0,0.0,0.0,1.0,0
0.8632942741652154,-0.1139018858085712,0.42877119852560686,-0.6590490064871509,0.9925279152401798,-0.19392275188034908,0.0,0.0,0.0,1.0,0.0,0.0,1.0,0.0,1.0,0.0,0.0,1.0,0.0,0.0,0.0,0.0,0
0.04757970502905865,0.28215886634171017,-0.9195149562211018,-1.4316711824604265,0.9925279152401798,0.6145624360775915,0.0,1.0,0.0,0.0,0.0,0.0,1.0,0.0,0.0,1.0,0.0,0.0,0.0,1.0,0.0,1.0,0
0.5833707759093758,-0.02966039249406667,-1.7375762186516897,-0.1653444539877576,-1.0075283371329782,0.058728869356507264,1.0,0.0,0.0,0.0,0.0,0.0,0.0,0.0,1.0,0.0,0.0,1.0,0.0,1.0,1.0,1.0,0
0.7648836693096474,0.34691165597897844,-0.37329915445417705,0.5920085090216195,0.9925279152401798,-2.265666046022571,0.0,1.0,0.0,0.0,0.0,0.0,0.0,0.0,0.0,1.0,0.0,1.0,0.0,0.0,1.0,1.0,1
-0.5020617472753764,-1.7792430484214217,-0.8732254814950914,2.259406564679361,-1.0075283371329782,-0.6486956701066902,1.0,0.0,0.0,1.0,0.0,0.0,1.0,0.0,0.0,0.0,0.0,0.0,0.0,1.0,0.0,1.0,0
-0.738976166372115,-0.21008806847363964,-0.13259388587892193,0.7151801602637353,0.9925279152401798,0.008198545109136179,0.0,1.0,0.0,1.0,0.0,1.0,0.0,0.0,0.0,0.0,0.0,1.0,0.0,0.0,0.0,0.0,1
1.0900031490547104,-0.010171688816830452,0.20153195896155454,1.519358709695736,0.9925279152401798,0.5135017875828488,1.0,0.0,1.0,0.0,0.0,0.0,1.0,1.0,0.0,0.0,1.0,0.0,1.0,0.0,0.0,0.0,0
0.7991451391482526,-1.34546222463778,-0.8159948581974783,0.07489116331091579,-1.0075283371329782,-2.2151357217751997,0.0,0.0,1.0,0.0,0.0,0.0,0.0,0.0,0.0,1.0,0.0,1.0,0.0,0.0,1.0,1.0,1
-0.14268079769170716,-0.7174230319423336,0.21163148071995724,-1.1975432503473122,0.9925279152401798,0.058728869356507264,0.0,0.0,0.0,0.0,0.0,1.0,0.0,0.0,1.0,0.0,0.0,1.0,0.0,0.0,0.0,1.0,0
0.506100226911671,-1.565495975832381,1.4984788781030527,0.07081937318720882,0.9925279152401798,-1.1034685883330317,0.0,1.0,1.0,0.0,0.0,0.0,0.0,0.0,1.0,0.0,1.0,0.0,1.0,0.0,1.0,0.0,0
-0.8388447061144325,1.7450689778555275,-0.3345843210469675,0.7905082775523034,0.9925279152401798,-0.8508169670961755,0.0,0.0,1.0,0.0,0.0,1.0,0.0,0.0,1.0,0.0,0.0,1.0,1.0,0.0,1.0,0.0,1
-0.24765210953764674,1.5451525981987193,2.1103415712995925,-0.2986955805391401,0.9925279152401798,-0.7497563186014329,0.0,1.0,0.0,1.0,0.0,0.0,0.0,1.0,0.0,0.0,0.0,0.0,1.0,0.0,1.0,1.0,0
0.8786025904760822,1.3565522400319185,1.567492276785468,-0.2895340527608005,0.9925279152401798,0.6650927603249626,0.0,1.0,0.0,1.0,0.0,1.0,0.0,0.0,1.0,0.0,0.0,0.0,1.0,0.0,1.0,1.0,0
0.7940423670446299,0.502192617536311,-0.8000039487466748,0.2255473978880504,-1.0075283371329782,-1.1539989125804029,0.0,0.0,1.0,0.0,0.0,0.0,0.0,0.0,0.0,0.0,0.0,1.0,1.0,0.0,0.0,1.0,0
-0.1244566116073426,1.4829144800036753,1.1273214534817666,-0.32719811140508454,-1.0075283371329782,-0.19392275188034908,0.0,0.0,0.0,1.0,0.0,0.0,0.0,0.0,0.0,1.0,0.0,1.0,0.0,0.0,0.0,0.0,0
-0.7251257849479981,-0.621865517137821,0.7536391484208813,-0.7496463367396168,0.9925279152401798,-0.5476350216119478,0.0,1.0,1.0,0.0,0.0,1.0,0.0,0.0,0.0,0.0,1.0,0.0,0.0,1.0,0.0,0.0,1
0.24294297985344707,0.6763336149103234,0.033206596321515985,1.1335565954745606,-1.0075283371329782,-0.8508169670961755,1.0,0.0,0.0,1.0,0.0,0.0,0.0,0.0,1.0,0.0,0.0,0.0,1.0,0.0,0.0,1.0,0
0.18899938904372734,0.058353107983773134,-0.11912785686771912,-1.5314300404912313,-1.0075283371329782,0.9682747058091904,0.0,0.0,1.0,0.0,0.0,0.0,0.0,0.0,0.0,0.0,0.0,0.0,0.0,1.0,1.0,1.0,0
-1.1231420090305198,-0.42572114464434846,2.1162329589919935,1.0093669967015177,-1.0075283371329782,1.2714566512934178,0.0,0.0,1.0,0.0,0.0,0.0,0.0,1.0,0.0,0.0,1.0,0.0,0.0,1.0,0.0,0.0,0
1.119161846789694,-0.05732177835853063,-0.5062761909398074,-1.9671115837278086,-1.0075283371329782,-1.2045292368277742,1.0,0.0,0.0,1.0,0.0,0.0,1.0,1.0,0.0,0.0,0.0,1.0,0.0,0.0,0.0,0.0,0
0.6052397992106141,-0.06360845696409119,-2.709129171139661,-0.8952128336621173,-1.0075283371329782,0.4629714633354778,0.0,1.0,1.0,0.0,0.0,0.0,1.0,0.0,1.0,0.0,0.0,1.0,0.0,1.0,0.0,1.0,0
-0.6157806684418109,-0.6991916639862096,1.5254109361254582,0.14207570035206987,-1.0075283371329782,0.9177443815618189,1.0,0.0,1.0,0.0,0.0,0.0,0.0,0.0,0.0,0.0,1.0,0.0,0.0,1.0,0.0,0.0,0
-2.603674886524295,-0.8337265861451941,-0.7772800247902694,-0.6641387441417835,0.9925279152401798,-0.44657437311720516,0.0,0.0,0.0,1.0,0.0,0.0,1.0,0.0,0.0,1.0,0.0,1.0,0.0,1.0,1.0,0.0,0
-0.0530178021566333,-1.316543503052204,-0.3387924551129694,1.1539155460930925,-1.0075283371329782,0.8166837330670763,1.0,0.0,0.0,0.0,0.0,1.0,0.0,1.0,0.0,0.0,0.0,0.0,0.0,0.0,1.0,1.0,0
-0.269521132838884,1.5363512481509352,0.5188252675380282,-0.704856645378846,0.9925279152401798,0.2608501663459925,0.0,0.0,1.0,0.0,0.0,0.0,1.0,0.0,0.0,1.0,0.0,0.0,1.0,0.0,1.0,1.0,0
1.343683819349065,-0.6488982351417292,-0.6703934195138452,-2.236867679423353,0.9925279152401798,-0.6486956701066902,1.0,0.0,1.0,0.0,0.0,0.0,1.0,0.0,1.0,0.0,0.0,1.0,0.0,0.0,0.0,1.0,0
0.05851421667967779,-0.37857105510264827,-1.7325264577724884,1.8430660245303898,-1.0075283371329782,-0.39604404886983385,1.0,0.0,0.0,1.0,0.0,0.0,0.0,0.0,1.0,0.0,0.0,1.0,1.0,0.0,1.0,1.0,0
1.4122067590262757,-0.9248834259258143,-1.4185996564488161,-1.4143660744346744,-1.0075283371329782,0.41244113908810626,0.0,0.0,1.0,0.0,0.0,0.0,1.0,0.0,0.0,0.0,1.0,0.0,1.0,0.0,0.0,1.0,0
1.5638319872481885,-0.8909353614557902,-0.3791905421465784,-0.2763007348587554,0.9925279152401798,0.6650927603249626,0.0,1.0,1.0,0.0,0.0,1.0,0.0,1.0,0.0,0.0,0.0,0.0,1.0,0.0,1.0,0.0,1
-0.532678379897108,0.7115390151014597,0.17796640819194906,0.17465002134172128,0.9925279152401798,-0.7497563186014329,0.0,0.0,0.0,1.0,0.0,0.0,0.0,0.0,0.0,1.0,0.0,0.0,1.0,0.0,1.0,1.0,0
0.19118629137385118,-1.0619330195270227,-0.2815618318153557,-1.270835472574026,-1.0075283371329782,-1.1034685883330317,0.0,0.0,1.0,0.0,0.0,0.0,1.0,0.0,0.0,0.0,1.0,0.0,0.0,1.0,0.0,1.0,0
-0.46780027743677016,-0.7268530498506736,-0.86649246698949,-0.389292910791606,-1.0075283371329782,0.6145624360775915,1.0,0.0,0.0,1.0,0.0,0.0,1.0,0.0,0.0,1.0,1.0,0.0,1.0,0.0,0.0,1.0,0
1.2489180517103697,-0.39365908375599246,0.7048247932552703,1.1895437096755237,-1.0075283371329782,-0.44657437311720516,0.0,0.0,1.0,0.0,0.0,0.0,1.0,1.0,0.0,0.0,0.0,0.0,0.0,1.0,1.0,1.0,0
-0.9868250971194727,0.6417568825797435,1.2746061457918005,-0.6743182194510488,-1.0075283371329782,-0.04233177913823491,0.0,0.0,1.0,0.0,0.0,0.0,1.0,0.0,0.0,1.0,0.0,0.0,0.0,1.0,1.0,1.0,0
-0.31180124455461067,1.2735680824385258,0.44897024204241104,0.4036882158002023,0.9925279152401798,-1.1034685883330317,0.0,1.0,0.0,1.0,0.0,0.0,1.0,0.0,0.0,1.0,0.0,1.0,1.0,0.0,0.0,1.0,0
-0.6733690964684027,1.7155215884093955,-2.3595384336066316,0.006688678738834601,-1.0075283371329782,1.6251689210250169,1.0,0.0,0.0,1.0,0.0,0.0,0.0,1.0,0.0,0.0,0.0,0.0,0.0,0.0,1.0,0.0,0
-0.4736320169837677,-0.6954196568228734,1.7694827119535146,-1.1476638213319101,0.9925279152401798,1.8272902180145016,1.0,0.0,1.0,0.0,0.0,0.0,1.0,1.0,0.0,0.0,0.0,1.0,0.0,0.0,0.0,0.0,0
0.6066977340973629,1.1811539069367933,-0.6964838507230507,1.3941511633917658,-1.0075283371329782,0.8166837330670763,1.0,0.0,1.0,0.0,0.0,0.0,1.0,0.0,0.0,1.0,0.0,0.0,1.0,0.0,1.0,0.0,0
-0.763761059446851,0.8592759623321208,-0.3488919768713715,1.2567282467166778,0.9925279152401798,-0.39604404886983385,0.0,0.0,1.0,0.0,0.0,0.0,0.0,0.0,0.0,1.0,0.0,1.0,1.0,0.0,1.0,0.0,0
-0.5217438682464899,-0.30124490825425976,0.5289247892964296,-0.5063568768481636,-1.0075283371329782,1.7262295695197594,0.0,0.0,1.0,0.0,0.0,1.0,0.0,0.0,0.0,1.0,0.0,0.0,1.0,0.0,0.0,0.0,1
-0.5348652822272318,0.34879765956064657,0.1560841110487448,-0.2488161515237381,0.9925279152401798,0.1597895178512499,0.0,0.0,0.0,0.0,0.0,0.0,1.0,0.0,0.0,0.0,0.0,1.0,0.0,0.0,1.0,0.0,0
1.6381866664723956,-1.4743391360517606,-1.3007719026007891,0.6154213022329312,0.9925279152401798,0.9682747058091904,1.0,0.0,1.0,0.0,0.0,1.0,0.0,0.0,1.0,0.0,0.0,0.0,1.0,0.0,0.0,1.0,0
1.670261233980878,-0.06675179626687103,-0.6156876766558322,-1.325804639244062,-1.0075283371329782,-0.6992259943540615,1.0,0.0,0.0,0.0,0.0,1.0,0.0,0.0,0.0,1.0,0.0,0.0,0.0,0.0,0.0,1.0,0
0.38582059875486463,0.18911602297942154,-0.9700125650131135,-1.7686118151971248,0.9925279152401798,-0.4971046973645765,0.0,0.0,1.0,0.0,0.0,0.0,1.0,0.0,1.0,0.0,0.0,0.0,1.0,0.0,1.0,1.0,0
-1.108562660163028,-1.7666696912103015,1.4631305519486444,0.3110549904858822,0.9925279152401798,-0.4971046973645765,1.0,0.0,0.0,0.0,0.0,0.0,1.0,0.0,0.0,1.0,1.0,0.0,1.0,0.0,0.0,0.0,0
0.04029003059531325,-0.1409346038124793,-1.5397939175496442,-0.12259065768884095,0.9925279152401798,0.4629714633354778,1.0,0.0,0.0,0.0,0.0,1.0,0.0,0.0,0.0,1.0,0.0,1.0,1.0,0.0,1.0,0.0,1
0.5257823478827844,-0.12144590013524308,0.2983190424795772,0.8770338176810623,-1.0075283371329782,-1.5077111823120017,0.0,0.0,0.0,0.0,0.0,1.0,0.0,0.0,1.0,0.0,0.0,1.0,0.0,0.0,1.0,1.0,1
-0.5603791427453427,-0.30250224397537195,-0.9977862498487197,0.4749445429650619,-1.0075283371329782,0.6145624360775915,1.0,0.0,1.0,0.0,0.0,0.0,0.0,0.0,1.0,0.0,0.0,0.0,1.0,0.0,0.0,0.0,0
-0.8074991060493255,0.09041516887212958,-0.6905924630306494,-0.1846854570753624,0.9925279152401798,-0.44657437311720516,0.0,0.0,0.0,0.0,0.0,0.0,1.0,1.0,0.0,0.0,0.0,0.0,1.0,0.0,1.0,1.0,0
0.23784020774982445,-2.306066715567352,-0.5912804990730267,0.5970982466762521,-1.0075283371329782,0.1597895178512499,1.0,0.0,1.0,0.0,0.0,0.0,1.0,0.0,0.0,1.0,0.0,0.0,1.0,0.0,1.0,0.0,0
-0.7601162222299778,0.3525696667239827,-0.07283838214170756,0.21943971270249066,-1.0075283371329782,0.7156230845723341,1.0,0.0,0.0,1.0,0.0,1.0,0.0,0.0,1.0,0.0,1.0,0.0,0.0,0.0,1.0,1.0,0
2.0522401743091585,-0.9883788798419704,1.2973300697482064,-0.3658801175802942,0.9925279152401798,-0.8508169670961755,0.0,0.0,1.0,0.0,0.0,0.0,1.0,1.0,0.0,0.0,0.0,0.0,0.0,1.0,1.0,0.0,0
0.594305287559995,-0.4489818554849204,-0.1999240309349371,-0.5053389293172365,-1.0075283371329782,-0.5981653458593191,1.0,0.0,1.0,0.0,0.0,1.0,0.0,0.0,0.0,1.0,1.0,0.0,0.0,1.0,0.0,0.0,1
-1.591139107677001,-1.2989408029566358,0.20826497346715594,-0.28749815769894776,-1.0075283371329782,-0.6992259943540615,0.0,1.0,0.0,1.0,0.0,0.0,0.0,0.0,1.0,0.0,0.0,0.0,1.0,0.0,1.0,1.0,0
0.22836363098595522,-0.18934202907529168,1.3259453813970121,0.13902185775929002,-1.0075283371329782,-0.9518776155909179,0.0,0.0,0.0,1.0,0.0,0.0,1.0,1.0,0.0,0.0,1.0,0.0,0.0,0.0,0.0,0.0,0
0.23492433797632567,1.4106176760397346,-0.26641254917775287,-1.2148483583730643,0.9925279152401798,1.2714566512934178,1.0,0.0,0.0,0.0,0.0,1.0,0.0,0.0,0.0,1.0,1.0,0.0,1.0,0.0,1.0,0.0,1
-0.29430602591362004,-0.5527120524766607,-1.3807264498548077,-0.7068925404407002,-1.0075283371329782,0.3113804905933636,0.0,0.0,0.0,1.0,0.0,0.0,0.0,0.0,1.0,0.0,0.0,1.0,0.0,0.0,0.0,0.0,0
0.6300246922853491,1.0397036383116929,0.6778927352328646,1.3849896356134277,0.9925279152401798,-1.9624841005383433,0.0,0.0,1.0,0.0,0.0,1.0,0.0,0.0,1.0,0.0,0.0,0.0,0.0,1.0,0.0,1.0,0
0.07163563066041972,-0.3169616047681598,2.0800430060243857,-0.06863943854973198,-1.0075283371329782,-2.265666046022571,1.0,0.0,0.0,0.0,0.0,0.0,0.0,1.0,0.0,0.0,1.0,0.0,1.0,0.0,1.0,1.0,0
-0.4845665286343858,-0.5049332950744047,1.1887602108453812,2.1718630770196747,-1.0075283371329782,1.0693353543039326,1.0,0.0,0.0,0.0,0.0,1.0,0.0,0.0,0.0,1.0,0.0,0.0,0.0,1.0,0.0,0.0,1
-1.4059813770598573,-0.8085798717229538,0.1013783681907318,-1.1486817688628366,-1.0075283371329782,0.8166837330670763,1.0,0.0,0.0,0.0,0.0,0.0,0.0,1.0,0.0,0.0,0.0,1.0,0.0,1.0,0.0,1.0,0
-0.8854986224904058,0.8529892837265602,-0.2529465201665489,0.10135779911500746,0.9925279152401798,0.7661534088197052,1.0,0.0,1.0,0.0,0.0,1.0,0.0,0.0,0.0,0.0,0.0,0.0,1.0,0.0,0.0,1.0,0
-0.3817821191185701,0.5996361359224912,0.11147788994913449,-1.8235809818671602,-1.0075283371329782,0.7156230845723341,0.0,1.0,0.0,1.0,0.0,1.0,0.0,0.0,0.0,0.0,0.0,0.0,0.0,1.0,1.0,0.0,1
1.0863583118378377,0.7869791583681801,0.04498937170631873,-0.20911619781760132,0.9925279152401798,-0.5476350216119478,0.0,0.0,1.0,0.0,0.0,0.0,1.0,0.0,1.0,0.0,1.0,0.0,0.0,1.0,0.0,0.0,0
-0.13976492791820835,-1.885487916855386,0.5154587602852269,-0.7404848089612772,0.9925279152401798,-1.558241506559373,0.0,1.0,1.0,0.0,0.0,1.0,0.0,0.0,0.0,1.0,0.0,1.0,0.0,1.0,0.0,0.0,1
-1.3680750700043793,-0.79349184306961,-1.551576692934447,1.8339044967520501,0.9925279152401798,0.9177443815618189,1.0,0.0,0.0,1.0,0.0,0.0,1.0,0.0,1.0,0.0,0.0,1.0,1.0,0.0,0.0,1.0,0
-0.5108093565958707,-0.08624049994410725,-0.2992359948925604,0.018904049109954052,-1.0075283371329782,-0.4971046973645765,0.0,1.0,1.0,0.0,0.0,0.0,0.0,0.0,0.0,0.0,0.0,1.0,0.0,0.0,1.0,1.0,0
0.4033158173958542,0.3387389737917507,-0.5029096836870066,-1.6525657966714944,-1.0075283371329782,0.3619108148407351,1.0,0.0,0.0,0.0,0.0,0.0,1.0,0.0,0.0,1.0,0.0,0.0,1.0,0.0,0.0,1.0,0
0.931817213842426,-1.0531316694792388,1.3890673923870267,0.21434997504785805,-1.0075283371329782,0.7156230845723341,0.0,0.0,1.0,0.0,0.0,1.0,0.0,0.0,0.0,0.0,1.0,0.0,0.0,0.0,1.0,1.0,0
-0.2986798305738677,0.3381103059311944,-0.6771264340194466,0.29273193492920446,0.9925279152401798,0.2608501663459925,0.0,0.0,0.0,0.0,0.0,0.0,0.0,1.0,0.0,0.0,1.0,0.0,1.0,0.0,0.0,0.0,0
-0.5990144172441951,-0.5602560668033331,0.2032152125879558,-0.9430563676156666,0.9925279152401798,-1.6087718308067445,0.0,0.0,0.0,1.0,0.0,0.0,0.0,0.0,0.0,0.0,0.0,1.0,1.0,0.0,0.0,0.0,0
0.11901851447976795,0.33433829876785826,0.7881458477620888,0.2520140336921406,0.9925279152401798,-0.24445307612772016,0.0,1.0,1.0,0.0,0.0,0.0,0.0,1.0,0.0,0.0,0.0,1.0,1.0,0.0,0.0,1.0,0
0.0016547560964603287,1.2767114217413065,1.495953997663452,-1.8408860898929122,-1.0075283371329782,0.058728869356507264,0.0,0.0,0.0,0.0,0.0,0.0,1.0,0.0,1.0,0.0,0.0,1.0,0.0,1.0,1.0,1.0,0
0.17223313784611166,0.8121258727904206,-0.16205082434092818,1.1213412251034425,-1.0075283371329782,2.130472163498729,1.0,0.0,1.0,0.0,0.0,0.0,1.0,0.0,1.0,0.0,0.0,0.0,1.0,0.0,0.0,1.0,0
-1.939585545610051,2.1493024121930375,-1.407658507877214,0.4973393886454466,-1.0075283371329782,1.675699245272388,0.0,0.0,1.0,0.0,0.0,1.0,0.0,0.0,1.0,0.0,0.0,1.0,0.0,1.0,1.0,1.0,0
-0.9540215621676168,-0.5344806845205367,-0.9885283549035176,-1.1751484046669274,0.9925279152401798,0.4629714633354778,1.0,0.0,1.0,0.0,0.0,0.0,1.0,0.0,1.0,0.0,1.0,0.0,0.0,1.0,0.0,1.0,0
-1.007236185533961,-0.5061906307955168,-0.08882929159251222,0.8352979689130727,-1.0075283371329782,0.6145624360775915,1.0,0.0,1.0,0.0,0.0,1.0,0.0,1.0,0.0,0.0,1.0,0.0,0.0,0.0,0.0,1.0,0
2.0522401743091585,-0.7274817177112295,0.756164028860482,-0.44629797252349485,0.9925279152401798,-1.3055898853225167,1.0,0.0,0.0,1.0,0.0,0.0,0.0,1.0,0.0,0.0,0.0,1.0,1.0,0.0,1.0,1.0,0
-1.6377930240529741,0.41732245636125104,1.2964884429350059,0.48817786086710846,0.9925279152401798,-0.8508169670961755,0.0,0.0,0.0,1.0,0.0,1.0,0.0,0.0,0.0,1.0,1.0,0.0,0.0,1.0,0.0,0.0,1
-0.0530178021566333,-0.4326364911104645,0.4498118688556117,0.30392935776939684,0.9925279152401798,-0.24445307612772016,1.0,0.0,1.0,0.0,0.0,0.0,0.0,0.0,0.0,1.0,1.0,0.0,0.0,1.0,0.0,0.0,0
-1.3731778421080014,-0.46092654483548473,0.011324299178311733,0.16650644109430734,0.9925279152401798,0.008198545109136179,0.0,0.0,0.0,0.0,0.0,0.0,1.0,0.0,0.0,0.0,0.0,1.0,1.0,0.0,0.0,1.0,0
-0.6704532266949045,-0.02777438891239859,-0.9910532353431183,0.7436826911296797,0.9925279152401798,1.1198656785513041,0.0,1.0,1.0,0.0,0.0,0.0,0.0,0.0,0.0,1.0,0.0,1.0,0.0,0.0,1.0,1.0,0
-1.2230105487728373,-2.2061085257389474,0.6164539778692502,-0.8158129262498438,0.9925279152401798,1.6251689210250169,1.0,0.0,1.0,0.0,0.0,1.0,0.0,0.0,0.0,1.0,1.0,0.0,1.0,0.0,1.0,1.0,0
-0.5902668079237003,0.9969542237938852,-0.963279550507512,0.7039827374235429,0.9925279152401798,1.675699245272388,0.0,1.0,1.0,0.0,0.0,0.0,0.0,0.0,1.0,0.0,0.0,1.0,0.0,0.0,0.0,0.0,0
0.5374458269767775,-0.24215012936199565,0.22593913654436068,0.5828469812432798,-1.0075283371329782,0.3113804905933636,1.0,0.0,0.0,0.0,0.0,1.0,0.0,0.0,0.0,0.0,0.0,0.0,1.0,0.0,0.0,1.0,0
-1.485438828387687,1.6212214093259951,-0.21254843313294047,-0.6987489601932877,-1.0075283371329782,1.2209263270460469,1.0,0.0,1.0,0.0,0.0,0.0,0.0,0.0,0.0,1.0,0.0,0.0,1.0,0.0,0.0,0.0,0
0.35155912891625934,0.396576416962903,0.8327520688616992,-1.113053605280406,-1.0075283371329782,-0.34551372462246277,0.0,0.0,1.0,0.0,0.0,0.0,0.0,0.0,0.0,0.0,0.0,0.0,1.0,0.0,0.0,0.0,0
-0.14778356979532975,0.4210944635245872,-1.4354321927128202,-0.9532358429249332,-1.0075283371329782,-0.24445307612772016,1.0,0.0,1.0,0.0,0.0,0.0,1.0,0.0,0.0,0.0,0.0,0.0,1.0,0.0,1.0,1.0,0
0.010402365416954605,1.173609892610122,-1.108880989191145,2.305214203571057,0.9925279152401798,-0.24445307612772016,0.0,1.0,0.0,0.0,0.0,0.0,1.0,0.0,0.0,0.0,1.0,0.0,1.0,0.0,1.0,1.0,0
-0.3132591794413595,-0.7677164607868137,0.7039831664420696,-0.5949183120387752,-1.0075283371329782,0.8672140573144478,1.0,0.0,1.0,0.0,0.0,0.0,0.0,0.0,0.0,1.0,0.0,0.0,1.0,0.0,1.0,1.0,0
0.8115375856856206,-0.8343552540057501,-0.09051254521891228,-0.7873103953838994,0.9925279152401798,-0.6992259943540615,1.0,0.0,0.0,0.0,0.0,0.0,0.0,1.0,0.0,0.0,1.0,0.0,0.0,0.0,1.0,0.0,0
0.38144679409461696,-1.5422352649918087,-0.1864580019237343,-0.5155184046265017,-1.0075283371329782,-2.114075073280457,0.0,1.0,0.0,0.0,0.0,0.0,1.0,1.0,0.0,0.0,0.0,1.0,1.0,0.0,0.0,1.0,0
-0.345333746949841,0.4908765960463034,1.209800881175386,-1.0865869694763144,-1.0075283371329782,-1.8614234520436008,0.0,0.0,1.0,0.0,0.0,0.0,0.0,0.0,1.0,0.0,0.0,0.0,1.0,0.0,0.0,0.0,0
0.05559834690617901,-0.6231228528589333,1.194651598537782,-1.2077227256565781,-1.0075283371329782,-1.0529382640856604,0.0,1.0,0.0,1.0,0.0,1.0,0.0,0.0,0.0,0.0,1.0,0.0,0.0,0.0,0.0,1.0,0
-0.8279101944638139,1.2710534109963023,-0.7074249992946535,-0.41372365153384344,-1.0075283371329782,0.4629714633354778,1.0,0.0,0.0,0.0,0.0,0.0,0.0,1.0,0.0,0.0,0.0,1.0,0.0,0.0,0.0,0.0,0
-0.58224816604658,1.352151565008026,-0.36740776676177567,-0.33737758671434975,-1.0075283371329782,-0.7497563186014329,0.0,0.0,0.0,1.0,0.0,0.0,1.0,0.0,1.0,0.0,1.0,0.0,0.0,0.0,0.0,1.0,0
-0.39854837031618573,-1.4944565075895526,0.6417027822652558,-0.8819795157600722,-1.0075283371329782,-1.2550595610751456,0.0,1.0,1.0,0.0,0.0,0.0,0.0,0.0,1.0,0.0,1.0,0.0,0.0,0.0,1.0,0.0,0
0.3872785336416135,-0.8896780257346785,0.5423908183076325,0.6205110398875638,-1.0075283371329782,-0.34551372462246277,0.0,0.0,0.0,0.0,0.0,0.0,0.0,1.0,0.0,0.0,0.0,1.0,1.0,0.0,1.0,1.0,0
1.9049887507474932,1.7048342347799443,0.900923840730915,1.307625623263007,-1.0075283371329782,-0.44657437311720516,0.0,1.0,0.0,1.0,0.0,0.0,0.0,0.0,1.0,0.0,0.0,1.0,0.0,1.0,1.0,0.0,0
1.0389754280184895,-0.3144469333259358,0.8739917827085094,-0.7201258583427452,0.9925279152401798,-1.356120209569888,1.0,0.0,0.0,0.0,0.0,0.0,1.0,0.0,1.0,0.0,1.0,0.0,1.0,0.0,1.0,1.0,0
0.1831676494967308,0.7656044511092759,-1.1400211812795527,0.7477544812533867,-1.0075283371329782,0.6145624360775915,1.0,0.0,1.0,0.0,0.0,0.0,1.0,0.0,1.0,0.0,1.0,0.0,0.0,1.0,0.0,0.0,0
0.0993363935086535,1.0132995881683415,1.168561167328577,1.0103849442324448,-1.0075283371329782,-2.265666046022571,0.0,1.0,1.0,0.0,0.0,0.0,1.0,1.0,0.0,0.0,0.0,1.0,0.0,1.0,1.0,1.0,0
-1.2237395162162117,1.4118750117608465,-0.8151532313842783,-0.7730591299509272,0.9925279152401798,0.41244113908810626,0.0,1.0,0.0,1.0,0.0,0.0,0.0,0.0,0.0,1.0,0.0,0.0,0.0,1.0,0.0,1.0,0
0.8173693252326172,-0.8833913471291183,0.6972501519364682,0.8241005460728803,0.9925279152401798,-0.44657437311720516,1.0,0.0,1.0,0.0,0.0,0.0,0.0,0.0,0.0,1.0,1.0,0.0,0.0,0.0,1.0,1.0,0
-2.094855611048837,0.04452241505154115,-0.95486328237551,-0.74252070402313,-1.0075283371329782,1.3725172997881605,1.0,0.0,1.0,0.0,0.0,0.0,1.0,0.0,1.0,0.0,1.0,0.0,0.0,0.0,1.0,0.0,0
-1.2069732650185967,0.043893747190985724,1.234208058758192,-2.036332015830816,-1.0075283371329782,-0.8002866428488041,0.0,0.0,1.0,0.0,0.0,1.0,0.0,0.0,0.0,0.0,1.0,0.0,0.0,0.0,0.0,0.0,1
-0.007821820667409938,1.3691255972430387,-0.6804929412722474,0.8047595429852755,-1.0075283371329782,0.6650927603249626,1.0,0.0,1.0,0.0,0.0,1.0,0.0,0.0,0.0,1.0,1.0,0.0,1.0,0.0,0.0,1.0,0
-0.3759503795715735,-0.20568739344974762,-0.22853934258374395,1.5977406695770824,0.9925279152401798,0.7661534088197052,0.0,1.0,0.0,0.0,0.0,0.0,1.0,1.0,0.0,0.0,0.0,1.0,0.0,0.0,0.0,1.0,0
-1.6538303078072154,0.4022344277079064,-0.69227571665705,1.2322975059744403,0.9925279152401798,-0.6486956701066902,1.0,0.0,1.0,0.0,0.0,1.0,0.0,0.0,0.0,1.0,0.0,1.0,0.0,1.0,1.0,0.0,1
-1.9096978804316935,-0.5564840596399969,-0.9961029962223197,-0.560308095987271,0.9925279152401798,-1.0024079398382892,0.0,0.0,0.0,0.0,0.0,1.0,0.0,1.0,0.0,0.0,0.0,0.0,1.0,0.0,0.0,0.0,1
-0.6799298034587737,1.211958632104038,-0.16205082434092818,0.900446610892374,-1.0075283371329782,1.9283508665092448,0.0,1.0,1.0,0.0,0.0,1.0,0.0,0.0,1.0,0.0,1.0,0.0,1.0,0.0,0.0,1.0,0
-1.7959789592652586,1.4539957584180987,-0.17467522653893156,0.06776553059442897,0.9925279152401798,-0.29498340037509146,0.0,0.0,0.0,0.0,0.0,0.0,1.0,0.0,0.0,1.0,0.0,0.0,0.0,0.0,0.0,1.0,0
-0.3839690214486939,0.42235179924569893,-2.4647417852566558,0.2581217188777003,0.9925279152401798,-1.4066505338172592,1.0,0.0,0.0,0.0,0.0,1.0,0.0,0.0,0.0,0.0,0.0,0.0,0.0,1.0,1.0,0.0,1
1.4916642103541053,0.2626701626644739,0.20910660028035657,-0.4198313367194032,-1.0075283371329782,-0.14339242763297752,0.0,1.0,1.0,0.0,0.0,1.0,0.0,0.0,0.0,1.0,0.0,0.0,1.0,0.0,0.0,1.0,0
0.982115967435272,-0.9022513829457982,-0.42800489731218944,-0.70994638303348,0.9925279152401798,1.7262295695197594,0.0,0.0,1.0,0.0,0.0,0.0,1.0,1.0,0.0,0.0,0.0,1.0,0.0,0.0,0.0,0.0,0
2.0522401743091585,0.001144332673177127,-0.7949541878674735,0.8526030769388248,0.9925279152401798,-1.1034685883330317,0.0,1.0,1.0,0.0,0.0,0.0,0.0,0.0,1.0,0.0,1.0,0.0,0.0,0.0,1.0,0.0,0
0.0884018818580354,0.26958550913058993,1.904143002065545,0.7233237405111492,0.9925279152401798,-2.0130144247857147,0.0,0.0,0.0,0.0,0.0,0.0,0.0,0.0,0.0,0.0,0.0,1.0,1.0,0.0,0.0,0.0,0
-0.66972425925153,-1.2549340527177155,1.6693291211826906,-0.9501820003321534,0.9925279152401798,-0.5981653458593191,0.0,0.0,1.0,0.0,0.0,1.0,0.0,0.0,0.0,1.0,0.0,0.0,0.0,0.0,1.0,0.0,1
1.183310981806657,-0.35531034426207636,-1.8175307659057076,-0.07678301879714446,-1.0075283371329782,-0.34551372462246277,0.0,0.0,1.0,0.0,0.0,0.0,1.0,0.0,1.0,0.0,0.0,1.0,0.0,1.0,0.0,0.0,0
-0.31690401665823226,-0.7941205109301659,1.6289310341490824,-0.016724114472477198,-1.0075283371329782,-0.44657437311720516,1.0,0.0,1.0,0.0,0.0,1.0,0.0,1.0,0.0,0.0,0.0,1.0,0.0,1.0,0.0,0.0,1
0.5782680038057543,0.20797605879610231,-0.8437685430330846,-0.6712643768582689,0.9925279152401798,0.1597895178512499,0.0,1.0,1.0,0.0,0.0,0.0,1.0,1.0,0.0,0.0,0.0,0.0,0.0,0.0,0.0,1.0,0
1.206637939994644,-1.362436256872792,1.3091128451330092,0.3772215799961106,0.9925279152401798,1.1198656785513041,1.0,0.0,0.0,1.0,0.0,0.0,0.0,1.0,0.0,0.0,0.0,0.0,0.0,1.0,0.0,1.0,0
0.50755816179842,1.3257475148646747,1.608731990632277,-0.28037252498246096,0.9925279152401798,-1.5077111823120017,0.0,0.0,0.0,0.0,0.0,1.0,0.0,0.0,0.0,1.0,1.0,0.0,0.0,0.0,0.0,1.0,1
1.706709606149607,-1.7496956589752897,0.2671788503911697,-1.1955073552854594,-1.0075283371329782,-2.265666046022571,0.0,1.0,1.0,0.0,0.0,0.0,0.0,0.0,0.0,1.0,1.0,0.0,1.0,0.0,0.0,1.0,0
0.059972151566426664,0.025033711374304934,-0.9666460577603128,-0.61731315771916,0.9925279152401798,0.3619108148407351,1.0,0.0,0.0,1.0,0.0,0.0,1.0,0.0,0.0,0.0,1.0,0.0,1.0,0.0,1.0,1.0,0
-0.8986200364711482,0.19163069442164593,0.7006166591892695,0.5736854534649403,-1.0075283371329782,-0.04233177913823491,0.0,1.0,0.0,0.0,0.0,0.0,0.0,0.0,0.0,0.0,0.0,0.0,0.0,1.0,1.0,0.0,0
-2.048930662116238,0.30667691290339427,1.5161530411802562,-0.02181385212710982,0.9925279152401798,1.1703960027986753,0.0,0.0,0.0,1.0,0.0,0.0,0.0,0.0,1.0,0.0,0.0,1.0,0.0,1.0,0.0,0.0,0
1.0929190188282092,-0.9091667294119142,-0.6645020318214439,-0.6702464293273432,0.9925279152401798,-0.9518776155909179,0.0,1.0,0.0,0.0,0.0,0.0,1.0,1.0,0.0,0.0,0.0,0.0,0.0,1.0,0.0,1.0,0
0.5585858828346408,-0.8066938681412861,-0.7343570573170597,1.3829537405515735,-1.0075283371329782,-0.5476350216119478,1.0,0.0,1.0,0.0,0.0,0.0,0.0,1.0,0.0,0.0,0.0,0.0,0.0,1.0,0.0,1.0,0
0.9959663488593898,0.19980337660887368,0.07360468335512557,-0.8392257194611555,-1.0075283371329782,-0.8002866428488041,0.0,0.0,0.0,1.0,0.0,1.0,0.0,0.0,0.0,0.0,0.0,1.0,0.0,0.0,1.0,0.0,1
0.2392981426365733,-0.14282060739414737,-1.9193676103029311,-0.36282627498751435,0.9925279152401798,-0.04233177913823491,0.0,1.0,0.0,1.0,0.0,0.0,0.0,0.0,1.0,0.0,1.0,0.0,0.0,1.0,0.0,1.0,0
0.9835739023220219,-1.146803180702083,0.4270879448992068,0.6775161016194527,-1.0075283371329782,-1.0529382640856604,0.0,1.0,1.0,0.0,0.0,1.0,0.0,1.0,0.0,0.0,1.0,0.0,0.0,0.0,1.0,1.0,0
-0.14413873257845602,0.19854604088776193,-0.35057523049777156,0.6429058855679486,-1.0075283371329782,1.2714566512934178,1.0,0.0,0.0,0.0,0.0,0.0,0.0,0.0,0.0,0.0,1.0,0.0,0.0,1.0,0.0,1.0,0
1.6986909642724868,-0.8406419326113101,0.2831697598419732,1.9285736171282217,0.9925279152401798,0.4629714633354778,0.0,1.0,0.0,1.0,0.0,0.0,1.0,0.0,0.0,0.0,0.0,0.0,0.0,0.0,0.0,0.0,0
0.7211456227071719,0.20106071232998632,2.6826478042757236,-0.7913821855076063,0.9925279152401798,1.0188050300565614,0.0,0.0,1.0,0.0,0.0,1.0,0.0,1.0,0.0,0.0,1.0,0.0,0.0,1.0,0.0,0.0,1
0.7634257344228974,-0.010171688816830452,1.0692492033709535,1.1131976448560301,0.9925279152401798,0.2608501663459925,0.0,1.0,1.0,0.0,0.0,1.0,0.0,0.0,0.0,0.0,0.0,0.0,0.0,0.0,0.0,1.0,0
-0.58224816604658,-1.7434089803697297,-0.7427733254490617,-0.6906053799458738,-1.0075283371329782,-0.39604404886983385,0.0,0.0,0.0,1.0,0.0,1.0,0.0,1.0,0.0,0.0,0.0,0.0,0.0,0.0,1.0,0.0,1
2.0391187603284155,0.13002124408715746,-0.41874700236698736,-1.6057402102488723,-1.0075283371329782,0.1092591936038788,1.0,0.0,1.0,0.0,0.0,0.0,1.0,1.0,0.0,0.0,1.0,0.0,0.0,0.0,0.0,1.0,0
0.45215663610195134,1.1025704243672931,-0.6165293034690328,0.866854342371797,-1.0075283371329782,0.2608501663459925,0.0,1.0,0.0,0.0,0.0,1.0,0.0,0.0,0.0,0.0,1.0,0.0,1.0,0.0,1.0,0.0,1
-0.7812562780878406,0.16962731930218622,0.8512678587521033,-1.2514944694864212,0.9925279152401798,0.7156230845723341,0.0,1.0,0.0,1.0,0.0,0.0,1.0,1.0,0.0,0.0,1.0,0.0,1.0,0.0,1.0,1.0,0
0.8778736230327073,-0.9116814008541382,-0.1864580019237343,0.21740381764063646,-1.0075283371329782,2.079941839251358,0.0,1.0,0.0,0.0,0.0,0.0,0.0,0.0,1.0,0.0,0.0,0.0,0.0,1.0,1.0,1.0,0
1.732952434111092,-0.7035923390101017,-1.0062025179807217,1.0093669967015177,-1.0075283371329782,-1.4571808580646306,0.0,1.0,0.0,1.0,0.0,0.0,1.0,1.0,0.0,0.0,0.0,1.0,0.0,0.0,0.0,1.0,1
1.8554189645980212,-2.44311630916856,0.05593052027792205,1.4195998516649304,0.9925279152401798,-1.0024079398382892,1.0,0.0,0.0,1.0,0.0,1.0,0.0,0.0,0.0,1.0,0.0,0.0,0.0,1.0,1.0,0.0,1
0.5658755572683862,0.0979591831988019,0.5196668943512276,-0.23049309596705891,-1.0075283371329782,-1.911953776290972,0.0,0.0,0.0,0.0,0.0,0.0,1.0,0.0,0.0,0.0,0.0,1.0,0.0,0.0,1.0,0.0,1
-1.260187888384941,-0.582888109783349,-0.028232161042097234,0.4118317960476148,-1.0075283371329782,-1.1034685883330317,1.0,0.0,0.0,1.0,0.0,0.0,1.0,0.0,0.0,1.0,0.0,0.0,0.0,1.0,0.0,1.0,0
2.0522401743091585,0.5487140392174558,-1.0036776375411212,0.7172160553255895,-1.0075283371329782,0.1092591936038788,0.0,1.0,0.0,0.0,0.0,1.0,0.0,0.0,0.0,0.0,0.0,0.0,0.0,1.0,0.0,1.0,0
0.13286889590388484,-0.5036759593532929,-0.8808001228138934,1.3178050985722722,0.9925279152401798,0.5135017875828488,1.0,0.0,1.0,0.0,0.0,1.0,0.0,1.0,0.0,0.0,1.0,0.0,0.0,0.0,0.0,1.0,0
0.7838368228373858,-0.22329009354531576,1.1736109282077771,-1.0662280188577837,-1.0075283371329782,0.21031984209862142,1.0,0.0,0.0,0.0,0.0,0.0,1.0,0.0,0.0,1.0,0.0,1.0,0.0,1.0,0.0,0.0,0
-0.4167725564005503,-0.19437137195973958,-0.4229551364329881,-1.0937126021928012,0.9925279152401798,-0.8508169670961755,0.0,0.0,1.0,0.0,0.0,0.0,1.0,1.0,0.0,0.0,0.0,0.0,0.0,1.0,0.0,0.0,0
-1.692465582306068,-0.7387977392012375,-0.4263216436857888,0.5899726139597667,-1.0075283371329782,-0.24445307612772016,1.0,0.0,1.0,0.0,0.0,1.0,0.0,0.0,1.0,0.0,0.0,1.0,0.0,0.0,0.0,1.0,0
0.3646805428970013,0.5417986927513397,-0.540782890281015,-0.4442620774616421,0.9925279152401798,-0.34551372462246277,0.0,0.0,1.0,0.0,0.0,1.0,0.0,0.0,0.0,0.0,0.0,0.0,0.0,0.0,1.0,1.0,0
-0.857068892198797,0.6147241645758358,-1.535585783483643,1.1559514411549467,0.9925279152401798,0.7661534088197052,0.0,1.0,0.0,0.0,0.0,0.0,0.0,0.0,0.0,1.0,0.0,0.0,0.0,1.0,1.0,1.0,0
-0.8162467153698209,0.2658135019672547,1.2872305479898039,0.6093136170473715,0.9925279152401798,0.7661534088197052,0.0,1.0,0.0,1.0,0.0,0.0,1.0,0.0,1.0,0.0,0.0,1.0,0.0,1.0,0.0,1.0,0
1.3794032240744192,0.7033663329142319,0.675367854793264,-0.06456764842602646,-1.0075283371329782,-0.14339242763297752,0.0,0.0,1.0,0.0,0.0,0.0,0.0,0.0,1.0,0.0,0.0,1.0,1.0,0.0,0.0,1.0,0
-0.9773485203556035,1.29808612900021,-1.7535671281024932,-0.5928824169769225,-1.0075283371329782,-0.39604404886983385,0.0,0.0,1.0,0.0,0.0,0.0,0.0,0.0,0.0,0.0,0.0,1.0,0.0,1.0,0.0,1.0,0
1.895512173983623,0.5078506282813152,0.9160731233685191,-0.46971076573480663,-1.0075283371329782,-0.39604404886983385,0.0,1.0,0.0,0.0,0.0,0.0,1.0,0.0,0.0,0.0,0.0,0.0,0.0,0.0,0.0,0.0,0
-0.6099489288948143,0.6826202935158839,0.16955014005994762,0.1797397589963539,-1.0075283371329782,1.4735779482829032,1.0,0.0,1.0,0.0,0.0,1.0,0.0,0.0,1.0,0.0,0.0,0.0,0.0,1.0,0.0,0.0,1
0.2589802636076878,-1.2197286525265798,0.01048267236511111,0.025011734295513777,-1.0075283371329782,-1.0024079398382892,0.0,0.0,1.0,0.0,0.0,0.0,0.0,1.0,0.0,0.0,0.0,0.0,0.0,0.0,0.0,0.0,0
0.8822474276929549,0.4525278565523873,-0.1250192445601199,-0.688569484884021,0.9925279152401798,0.7661534088197052,0.0,1.0,0.0,1.0,0.0,1.0,0.0,0.0,0.0,1.0,1.0,0.0,0.0,1.0,1.0,1.0,0
0.9755552604449015,1.2515647073190659,0.0054329114859097615,-1.537537725676791,0.9925279152401798,-0.9013472913435465,1.0,0.0,1.0,0.0,0.0,1.0,0.0,0.0,1.0,0.0,0.0,0.0,1.0,0.0,1.0,0.0,1
1.192787558570526,-0.5087053022377408,0.129152053026338,-1.0438331731773978,0.9925279152401798,-0.4971046973645765,1.0,0.0,1.0,0.0,0.0,0.0,0.0,0.0,0.0,1.0,0.0,0.0,0.0,0.0,0.0,0.0,0
0.693444859858938,-1.074506376738143,0.4834769413836199,-0.010616429286917473,-1.0075283371329782,1.5241082725302741,1.0,0.0,1.0,0.0,0.0,1.0,0.0,1.0,0.0,0.0,0.0,1.0,1.0,0.0,1.0,1.0,0
0.7473884506686567,-1.3284881924027678,-1.4118666419432147,-0.7750950250127814,-1.0075283371329782,-0.44657437311720516,0.0,1.0,1.0,0.0,0.0,0.0,1.0,0.0,1.0,0.0,0.0,0.0,0.0,1.0,1.0,1.0,0
-0.9481898226206198,0.7480017510137077,0.8445348442465019,-0.21115209287945408,-1.0075283371329782,1.7262295695197594,1.0,0.0,0.0,0.0,0.0,1.0,0.0,0.0,0.0,1.0,1.0,0.0,0.0,1.0,1.0,0.0,1
-0.5144541938127434,-0.5074479665166286,0.7191324490796737,1.1742744967116245,0.9925279152401798,-0.6992259943540615,1.0,0.0,0.0,0.0,0.0,0.0,1.0,0.0,0.0,1.0,0.0,0.0,1.0,0.0,1.0,0.0,0
-0.9656850412616099,0.4097784420345787,2.3872367928424554,-2.5381801485776214,0.9925279152401798,-1.558241506559373,0.0,1.0,1.0,0.0,0.0,0.0,1.0,0.0,0.0,0.0,1.0,0.0,0.0,1.0,0.0,0.0,0
2.0522401743091585,1.640081445142676,0.11231951676233393,-0.6631207966108564,-1.0075283371329782,0.41244113908810626,1.0,0.0,0.0,1.0,0.0,0.0,0.0,1.0,0.0,0.0,0.0,1.0,0.0,0.0,0.0,1.0,0
-0.7491817105793592,0.4129217813373585,-0.9666460577603128,0.4403343269135592,-1.0075283371329782,0.7156230845723341,1.0,0.0,1.0,0.0,0.0,1.0,0.0,0.0,1.0,0.0,0.0,0.0,1.0,0.0,1.0,1.0,0
0.014776170077202262,-0.0038850102112707855,-0.018132639283695736,-0.5012671391935295,0.9925279152401798,-1.2045292368277742,0.0,0.0,0.0,0.0,0.0,1.0,0.0,1.0,0.0,0.0,0.0,1.0,1.0,0.0,1.0,1.0,0
-1.0050492832038371,-0.3483949977959599,0.5280831624832302,-1.941662895454644,-1.0075283371329782,0.058728869356507264,0.0,1.0,0.0,0.0,0.0,0.0,1.0,1.0,0.0,0.0,0.0,0.0,0.0,0.0,0.0,0.0,0
0.47912843150681117,1.9254966538351006,0.10474487544353309,-2.0312422781761836,-1.0075283371329782,1.8272902180145016,0.0,1.0,1.0,0.0,0.0,1.0,0.0,1.0,0.0,0.0,0.0,0.0,0.0,0.0,1.0,0.0,1
-0.8082280734927004,1.130231810231758,-2.04477000546976,-1.9589680034803962,-1.0075283371329782,-1.1034685883330317,0.0,0.0,1.0,0.0,0.0,0.0,1.0,0.0,0.0,0.0,1.0,0.0,1.0,0.0,1.0,1.0,0
0.5330720223165298,-1.9414393564448702,-0.6156876766558322,0.30291141023846974,-1.0075283371329782,0.8166837330670763,0.0,0.0,1.0,0.0,0.0,0.0,1.0,0.0,0.0,0.0,0.0,0.0,0.0,1.0,0.0,1.0,0
0.6730337714444496,1.0246156096583492,0.2612874626987689,-0.9797024787290235,-1.0075283371329782,-0.29498340037509146,0.0,0.0,1.0,0.0,0.0,0.0,1.0,0.0,0.0,0.0,1.0,0.0,0.0,1.0,1.0,0.0,0
-1.6217557402987335,-1.1486891842837512,-1.7636666498608953,-0.30989300337933245,-1.0075283371329782,0.9177443815618189,0.0,0.0,1.0,0.0,0.0,1.0,0.0,1.0,0.0,0.0,0.0,0.0,1.0,0.0,1.0,0.0,1
-0.3220067887618538,0.9730648450927574,-0.7612891153394659,0.5970982466762521,-1.0075283371329782,-0.6992259943540615,0.0,0.0,0.0,1.0,0.0,0.0,1.0,0.0,0.0,1.0,1.0,0.0,1.0,0.0,1.0,0.0,0
-0.5348652822272318,-0.44835318762436455,1.0162267141393417,-0.8829974632909978,-1.0075283371329782,-0.5476350216119478,0.0,0.0,1.0,0.0,0.0,0.0,1.0,0.0,0.0,1.0,0.0,0.0,1.0,0.0,1.0,0.0,0
-0.2921191235834962,-1.2492760419727118,0.43213770577840815,1.659835468963604,0.9925279152401798,0.1597895178512499,0.0,0.0,1.0,0.0,0.0,0.0,0.0,0.0,1.0,0.0,0.0,1.0,0.0,0.0,0.0,1.0,0
1.1242646188933156,-0.3339356370031721,-0.04001493642689998,0.8159569658254678,0.9925279152401798,0.3113804905933636,0.0,0.0,1.0,0.0,0.0,0.0,1.0,0.0,1.0,0.0,1.0,0.0,0.0,0.0,0.0,1.0,0
-0.3387730399594695,-0.4489818554849204,-0.5037513105002067,-0.6417438984613988,0.9925279152401798,-1.0024079398382892,1.0,0.0,1.0,0.0,0.0,0.0,1.0,0.0,1.0,0.0,1.0,0.0,1.0,0.0,1.0,0.0,0
1.22996489818263,1.9902494434723688,0.6518023040236585,-2.10962423805753,-1.0075283371329782,-0.09286210338560645,0.0,0.0,0.0,0.0,0.0,1.0,0.0,0.0,1.0,0.0,1.0,0.0,1.0,0.0,1.0,0.0,1
-0.3934455982125631,-0.19877204698363163,0.1964821980823532,-1.1985611978782393,-1.0075283371329782,1.8778205422618728,1.0,0.0,1.0,0.0,0.0,1.0,0.0,0.0,0.0,1.0,0.0,0.0,0.0,1.0,0.0,1.0,0
1.2029931027777703,-0.16168064321082726,-1.320970946117594,0.15429107072318934,-1.0075283371329782,-0.14339242763297752,1.0,0.0,1.0,0.0,0.0,0.0,0.0,1.0,0.0,0.0,1.0,0.0,0.0,1.0,0.0,0.0,0
-0.08144753244824203,0.47515989953240334,-1.6988613852444807,0.13698596269743726,0.9925279152401798,1.9283508665092448,0.0,0.0,1.0,0.0,0.0,0.0,0.0,0.0,1.0,0.0,0.0,1.0,1.0,0.0,0.0,1.0,0
-0.9788064552423523,-0.272326186668684,0.15692573786194425,0.7070365800163227,-1.0075283371329782,-0.04233177913823491,1.0,0.0,1.0,0.0,0.0,0.0,1.0,0.0,0.0,1.0,1.0,0.0,0.0,1.0,1.0,1.0,0
-0.24911004442439563,0.7096530115197917,0.8495846051257033,-0.06660354348787921,0.9925279152401798,0.9177443815618189,0.0,1.0,0.0,1.0,0.0,0.0,1.0,1.0,0.0,0.0,0.0,1.0,0.0,1.0,1.0,1.0,0
-0.3533523888269613,-0.34902366565651627,0.29579416203997655,1.1925975522683037,0.9925279152401798,0.058728869356507264,0.0,1.0,0.0,0.0,0.0,1.0,0.0,0.0,0.0,0.0,0.0,1.0,1.0,0.0,1.0,0.0,1
0.21305531467508843,1.3986729866891707,0.6686348402876614,-0.2589956268330033,-1.0075283371329782,0.7661534088197052,1.0,0.0,0.0,0.0,0.0,0.0,1.0,1.0,0.0,0.0,0.0,0.0,1.0,0.0,1.0,0.0,0
-1.2871596837898007,0.6700469363047638,1.0381090112825462,0.02093994417180681,-1.0075283371329782,-0.6992259943540615,1.0,0.0,1.0,0.0,0.0,0.0,1.0,0.0,0.0,1.0,0.0,0.0,1.0,0.0,0.0,1.0,0
-1.1537586416522518,1.572185316202627,1.0078104460073392,0.1492013330685567,0.9925279152401798,-1.2045292368277742,0.0,1.0,0.0,0.0,0.0,0.0,0.0,0.0,0.0,1.0,1.0,0.0,0.0,1.0,0.0,0.0,0
-0.5924537102538242,-0.8450426076352022,0.3791152165467952,0.45865738247023696,0.9925279152401798,0.1092591936038788,1.0,0.0,0.0,0.0,0.0,0.0,0.0,0.0,0.0,1.0,0.0,0.0,0.0,1.0,1.0,1.0,0
1.97132478809458,-1.6170467403979727,-2.709129171139661,-0.43611849721422813,-1.0075283371329782,-0.19392275188034908,1.0,0.0,0.0,0.0,0.0,0.0,0.0,0.0,0.0,1.0,0.0,1.0,0.0,0.0,0.0,0.0,0
-1.344019144373018,1.6451107880271238,0.6139290974296495,0.05860400281609082,-1.0075283371329782,1.1198656785513041,1.0,0.0,1.0,0.0,0.0,0.0,1.0,0.0,1.0,0.0,0.0,1.0,1.0,0.0,0.0,1.0,0
-0.5239307705766137,-2.0476842248788345,1.2224252833733893,0.49835733617637373,-1.0075283371329782,-0.09286210338560645,0.0,1.0,1.0,0.0,0.0,0.0,1.0,0.0,0.0,0.0,0.0,0.0,0.0,0.0,1.0,0.0,0
0.6271088225118514,0.9642634950449733,-0.8917412713854955,-0.7781488676055598,-1.0075283371329782,0.7661534088197052,0.0,1.0,0.0,1.0,0.0,1.0,0.0,0.0,0.0,1.0,0.0,0.0,0.0,1.0,0.0,0.0,1
0.37925989176449315,0.817783883535424,0.0980118609379317,0.003634836146054738,0.9925279152401798,2.079941839251358,1.0,0.0,0.0,0.0,0.0,1.0,0.0,1.0,0.0,0.0,0.0,1.0,1.0,0.0,0.0,0.0,1
-1.251440279064446,0.19477403372442575,-1.2881475004027865,-0.35977243239473444,0.9925279152401798,1.5241082725302741,0.0,1.0,1.0,0.0,0.0,0.0,0.0,0.0,0.0,0.0,0.0,0.0,0.0,0.0,0.0,0.0,0
-0.6784718685720248,0.922142748387721,-0.17299197291253152,-0.005526691632284851,0.9925279152401798,0.7661534088197052,0.0,0.0,1.0,0.0,0.0,1.0,0.0,0.0,1.0,0.0,1.0,0.0,1.0,0.0,1.0,0.0,1
1.4923931777974793,-1.0908517411125989,0.32356784687558277,-0.7028207503169932,0.9925279152401798,-0.44657437311720516,0.0,1.0,0.0,1.0,0.0,1.0,0.0,0.0,0.0,1.0,1.0,0.0,1.0,0.0,0.0,1.0,0
0.31875559396440295,-2.1570724326155792,-1.177052761060361,-0.987846058976436,0.9925279152401798,-1.2550595610751456,0.0,1.0,1.0,0.0,0.0,0.0,1.0,1.0,0.0,0.0,0.0,1.0,1.0,0.0,1.0,0.0,0
1.0644892885366004,-1.4799971467967643,-0.7865379197354715,-0.1572008737403451,0.9925279152401798,-1.0024079398382892,0.0,0.0,1.0,0.0,0.0,0.0,1.0,1.0,0.0,0.0,0.0,1.0,1.0,0.0,0.0,1.0,0
-1.3658881676742554,-2.5116411059691646,-0.47176949159859916,1.2170282930105412,-1.0075283371329782,-0.34551372462246277,0.0,0.0,0.0,0.0,0.0,1.0,0.0,0.0,0.0,0.0,1.0,0.0,0.0,1.0,1.0,1.0,0
-0.08217649989161699,-0.06423712482464662,0.7502726411680811,-0.046244592869347276,-1.0075283371329782,-0.04233177913823491,0.0,1.0,1.0,0.0,0.0,0.0,0.0,0.0,0.0,1.0,0.0,0.0,0.0,0.0,1.0,0.0,0
0.21670015189196112,-0.9192254151808105,-2.709129171139661,-0.5959362595697023,-1.0075283371329782,-1.8614234520436008,0.0,1.0,1.0,0.0,0.0,0.0,0.0,0.0,1.0,0.0,0.0,1.0,0.0,0.0,1.0,0.0,1
0.07382253299054355,-1.5409779292706969,0.45822813698761317,-1.2240098861514037,-1.0075283371329782,0.008198545109136179,0.0,0.0,0.0,1.0,0.0,1.0,0.0,0.0,1.0,0.0,1.0,0.0,0.0,1.0,0.0,0.0,1
1.2722450098983558,-0.4967606128871769,0.6661099598480619,-0.32618016387415744,-1.0075283371329782,0.7156230845723341,0.0,1.0,0.0,1.0,0.0,0.0,0.0,1.0,0.0,0.0,0.0,1.0,0.0,0.0,0.0,0.0,0
0.14015857033763024,0.5355120141457792,-0.5189005931378101,-1.3532892225790794,0.9925279152401798,0.8166837330670763,1.0,0.0,1.0,0.0,0.0,1.0,0.0,1.0,0.0,0.0,0.0,1.0,0.0,1.0,1.0,0.0,1
1.2146565818717645,-0.5621420703850011,0.8529511123785046,-1.325804639244062,-1.0075283371329782,-0.19392275188034908,1.0,0.0,1.0,0.0,0.0,0.0,0.0,0.0,0.0,1.0,0.0,0.0,0.0,0.0,0.0,1.0,0
0.48277326872368387,-0.2899288867642517,-2.1297743136029794,-0.8147949787189167,-1.0075283371329782,0.4629714633354778,0.0,0.0,1.0,0.0,0.0,0.0,1.0,1.0,0.0,0.0,0.0,1.0,0.0,1.0,1.0,1.0,0
-1.1661510881896198,2.1493024121930375,0.7898291013884902,0.6795519966813055,0.9925279152401798,0.21031984209862142,0.0,0.0,1.0,0.0,0.0,1.0,0.0,1.0,0.0,0.0,1.0,0.0,1.0,0.0,0.0,1.0,0
0.08402807719778774,-0.25535215443367176,0.716607568640073,-1.9202859973051858,-1.0075283371329782,-1.1034685883330317,1.0,0.0,1.0,0.0,0.0,1.0,0.0,0.0,1.0,0.0,0.0,0.0,0.0,1.0,0.0,1.0,0
-1.102001953172657,-1.4925705040078845,1.6870032842598954,-0.7944360281003862,-1.0075283371329782,-0.9013472913435465,1.0,0.0,1.0,0.0,0.0,1.0,0.0,0.0,0.0,0.0,0.0,0.0,0.0,0.0,1.0,0.0,1
0.4776704966200623,-1.3089994887255316,0.3934228723711986,1.7595943269944092,0.9925279152401798,0.41244113908810626,0.0,0.0,0.0,1.0,0.0,1.0,0.0,0.0,0.0,1.0,0.0,1.0,0.0,1.0,0.0,1.0,0
-1.302468000100667,-0.10258586431856274,-1.2746814713915837,1.2750513022733556,0.9925279152401798,-0.04233177913823491,1.0,0.0,1.0,0.0,0.0,0.0,1.0,1.0,0.0,0.0,0.0,1.0,0.0,0.0,1.0,1.0,0
0.4958946827044268,1.6847168632421516,1.518677921619857,-0.37605959288956087,-1.0075283371329782,-0.5981653458593191,0.0,1.0,1.0,0.0,0.0,0.0,1.0,0.0,0.0,1.0,1.0,0.0,0.0,0.0,0.0,0.0,0
-0.7564713850131051,1.4194190260875188,-0.5677149483034212,0.18890128677469348,0.9925279152401798,0.058728869356507264,0.0,0.0,1.0,0.0,0.0,0.0,0.0,0.0,0.0,0.0,1.0,0.0,0.0,0.0,1.0,0.0,0
1.3159830565008312,-0.7941205109301659,0.09717023412473107,1.4389408547525353,0.9925279152401798,0.6650927603249626,0.0,0.0,1.0,0.0,0.0,0.0,0.0,0.0,0.0,0.0,0.0,0.0,0.0,1.0,0.0,1.0,0
-0.9948437389965931,-1.4944565075895526,0.3547080389639903,1.4633715954947741,-1.0075283371329782,0.21031984209862142,0.0,0.0,0.0,1.0,0.0,1.0,0.0,0.0,1.0,0.0,1.0,0.0,1.0,0.0,0.0,0.0,1
-0.8242653572469412,1.1025704243672931,1.036425757656146,-0.7028207503169932,0.9925279152401798,-0.8002866428488041,1.0,0.0,0.0,1.0,0.0,0.0,1.0,0.0,0.0,0.0,0.0,0.0,0.0,0.0,1.0,1.0,0
0.5658755572683862,-0.6532989101656211,0.13672669434514004,-1.1446099787391302,-1.0075283371329782,-0.14339242763297752,1.0,0.0,1.0,0.0,0.0,0.0,1.0,0.0,1.0,0.0,0.0,0.0,0.0,1.0,1.0,0.0,0
-0.6558738778274127,0.0432650793304294,-1.2384915184239753,0.4026702682692752,0.9925279152401798,0.008198545109136179,0.0,1.0,1.0,0.0,0.0,0.0,1.0,1.0,0.0,0.0,1.0,0.0,0.0,0.0,0.0,0.0,0
0.011860300303704515,0.3569703417478743,1.2611401167805976,-0.6397080033995446,-1.0075283371329782,0.6145624360775915,0.0,1.0,1.0,0.0,0.0,0.0,0.0,0.0,0.0,1.0,0.0,0.0,0.0,0.0,0.0,1.0,0
0.3712412498873728,1.0478763204989214,0.4733774196252172,0.3660241571559183,0.9925279152401798,0.9177443815618189,0.0,0.0,1.0,0.0,0.0,0.0,1.0,0.0,1.0,0.0,0.0,0.0,0.0,0.0,0.0,0.0,0
-0.5006038123886265,2.1493024121930375,0.16702525962034692,-1.4947839293778744,0.9925279152401798,-0.9518776155909179,1.0,0.0,0.0,1.0,0.0,1.0,0.0,1.0,0.0,0.0,0.0,0.0,0.0,1.0,0.0,0.0,1
-0.24109140254727526,-0.9921508870053065,-0.6114795425898315,0.14207570035206987,0.9925279152401798,-0.29498340037509146,1.0,0.0,1.0,0.0,0.0,0.0,1.0,0.0,1.0,0.0,0.0,0.0,0.0,0.0,1.0,0.0,0
1.9479978299065928,1.0397036383116929,-0.6081130353370308,1.9560582004632403,-1.0075283371329782,0.008198545109136179,0.0,0.0,0.0,0.0,0.0,1.0,0.0,0.0,0.0,1.0,0.0,1.0,1.0,0.0,1.0,0.0,1
0.6322115946154729,1.282998100346866,1.1483621238117716,-0.9797024787290235,0.9925279152401798,-0.5476350216119478,1.0,0.0,0.0,1.0,0.0,0.0,0.0,0.0,0.0,1.0,0.0,1.0,0.0,1.0,1.0,0.0,0
0.22909259842932914,0.7932658369737408,0.1720750204995483,-0.8178488213116966,-1.0075283371329782,-1.2550595610751456,0.0,0.0,0.0,0.0,0.0,0.0,1.0,1.0,0.0,0.0,0.0,0.0,0.0,1.0,1.0,0.0,0
1.0535547768859812,0.7561744332009364,-0.33037618698096677,1.1030181695467633,-1.0075283371329782,1.9283508665092448,0.0,1.0,0.0,0.0,0.0,0.0,0.0,0.0,0.0,0.0,0.0,1.0,0.0,1.0,0.0,0.0,0
-0.3467916818365898,0.11996255831826162,0.9699372394133314,-0.2834263675752408,0.9925279152401798,-0.4971046973645765,1.0,0.0,1.0,0.0,0.0,0.0,0.0,1.0,0.0,0.0,0.0,1.0,0.0,1.0,0.0,1.0,0
0.9230696045219317,0.648043561185304,1.1803439427133797,0.30800114789310234,-1.0075283371329782,0.1092591936038788,0.0,0.0,0.0,1.0,0.0,0.0,1.0,0.0,1.0,0.0,0.0,0.0,1.0,0.0,0.0,1.0,0
0.37634402199099537,-0.32073361193149597,0.2840113866551738,0.5411111324752903,-1.0075283371329782,-0.44657437311720516,0.0,1.0,1.0,0.0,0.0,0.0,0.0,1.0,0.0,0.0,0.0,1.0,1.0,0.0,0.0,1.0,0
-1.0830487996449174,-0.20505872558919175,0.5592233545716365,-0.2844443151061679,-1.0075283371329782,-1.5077111823120017,0.0,0.0,0.0,1.0,0.0,0.0,1.0,0.0,0.0,0.0,1.0,0.0,0.0,1.0,0.0,0.0,0
-0.2024561280484234,-0.7262243819901177,-0.318593411596164,-1.5782556269138541,-1.0075283371329782,0.5135017875828488,1.0,0.0,1.0,0.0,0.0,0.0,0.0,1.0,0.0,0.0,1.0,0.0,0.0,1.0,0.0,1.0,0
1.0258540140377475,-0.802293193117394,0.7485893875416799,-0.18264956201350965,-1.0075283371329782,0.058728869356507264,0.0,1.0,0.0,1.0,0.0,1.0,0.0,0.0,1.0,0.0,0.0,1.0,1.0,0.0,1.0,1.0,0
-0.8235363898035668,0.45315652441294274,0.5869970394072428,-0.42899286449774277,0.9925279152401798,0.56403211183022,1.0,0.0,0.0,1.0,0.0,0.0,1.0,0.0,0.0,0.0,1.0,0.0,0.0,1.0,0.0,0.0,0
-0.015840462544530295,0.7850931547865121,-0.08377953071331087,0.355844681846653,0.9925279152401798,-1.4571808580646306,0.0,0.0,0.0,0.0,0.0,1.0,0.0,0.0,1.0,0.0,0.0,1.0,0.0,1.0,0.0,0.0,1
1.819699559872667,-2.678238089016505,1.1113305440309633,0.04944247503775123,-1.0075283371329782,0.1092591936038788,0.0,0.0,1.0,0.0,0.0,0.0,0.0,1.0,0.0,0.0,0.0,0.0,0.0,1.0,0.0,0.0,0
1.208095874881393,-0.07492447845409878,0.15776736467514485,-0.19181108979184924,0.9925279152401798,-0.24445307612772016,1.0,0.0,1.0,0.0,0.0,0.0,1.0,0.0,0.0,0.0,1.0,0.0,0.0,1.0,0.0,0.0,0
0.16494346341236626,-0.19625737554140768,-0.1283857518129212,-0.7903642379766792,-1.0075283371329782,-0.4971046973645765,0.0,0.0,0.0,0.0,0.0,0.0,1.0,0.0,0.0,0.0,0.0,1.0,1.0,0.0,1.0,0.0,0
-0.22796998856653333,-0.4747572377677167,-1.2157675944675699,-0.335341691652497,0.9925279152401798,-0.44657437311720516,0.0,0.0,1.0,0.0,0.0,0.0,0.0,0.0,0.0,0.0,0.0,0.0,0.0,0.0,0.0,0.0,0
0.07965427253754008,1.4954878372147946,0.17628315456554902,-1.2117945157802843,-1.0075283371329782,0.3619108148407351,0.0,1.0,1.0,0.0,0.0,0.0,1.0,0.0,1.0,0.0,0.0,1.0,1.0,0.0,0.0,0.0,0
-2.0525754993331113,-0.6432402243967253,1.5127865339274549,0.09525011392944772,-1.0075283371329782,-0.4971046973645765,0.0,1.0,1.0,0.0,0.0,0.0,1.0,0.0,0.0,0.0,1.0,0.0,0.0,0.0,0.0,1.0,0
0.9952373814160149,-1.1417738378176352,-1.3672604208436043,0.7976339102687887,0.9925279152401798,-0.14339242763297752,0.0,0.0,0.0,0.0,0.0,0.0,1.0,0.0,0.0,0.0,0.0,0.0,0.0,1.0,0.0,0.0,0
-0.4867534309645097,0.08790049742990518,0.2663372235779703,2.5515575060552904,0.9925279152401798,1.0188050300565614,0.0,1.0,1.0,0.0,0.0,0.0,0.0,0.0,0.0,1.0,1.0,0.0,1.0,0.0,1.0,0.0,0
-0.21484857458579038,1.3666109258008143,-0.3977063320369825,0.5879367188979125,-1.0075283371329782,0.2608501663459925,1.0,0.0,0.0,0.0,0.0,0.0,1.0,0.0,1.0,0.0,0.0,1.0,1.0,0.0,1.0,1.0,0
-1.1311606509076402,-1.1191417948376192,-1.7224269360140863,0.07081937318720882,-1.0075283371329782,-1.5077111823120017,0.0,1.0,1.0,0.0,0.0,1.0,0.0,1.0,0.0,0.0,0.0,1.0,0.0,1.0,0.0,0.0,1
-0.2184934118026641,-0.8613879720096581,0.7199740758928743,-1.3919712287542898,-1.0075283371329782,0.7661534088197052,1.0,0.0,0.0,0.0,0.0,1.0,0.0,1.0,0.0,0.0,0.0,0.0,0.0,0.0,0.0,1.0,0
0.08111220742428896,0.8605332980532325,-1.0575417535859335,-1.244368836769935,0.9925279152401798,-1.2550595610751456,0.0,1.0,1.0,0.0,0.0,0.0,1.0,1.0,0.0,0.0,1.0,0.0,0.0,1.0,0.0,1.0,0
0.9966953163027638,1.2245319893151583,0.701458286002469,-0.7262335435283049,-1.0075283371329782,0.7661534088197052,0.0,1.0,1.0,0.0,0.0,0.0,1.0,0.0,0.0,1.0,1.0,0.0,0.0,0.0,0.0,0.0,0
1.3167120239442052,2.1493024121930375,0.6332865141332543,-0.005526691632284851,0.9925279152401798,0.4629714633354778,0.0,0.0,1.0,0.0,0.0,0.0,0.0,0.0,1.0,0.0,1.0,0.0,1.0,0.0,0.0,1.0,0
0.856733567174844,-0.7337683963167896,-0.3833986762125791,-2.5381801485776214,0.9925279152401798,0.9682747058091904,0.0,0.0,1.0,0.0,0.0,1.0,0.0,0.0,1.0,0.0,1.0,0.0,0.0,0.0,1.0,1.0,0
0.5243244129960356,0.16145463711495756,-0.7991623219334743,0.23267303060453576,0.9925279152401798,-0.7497563186014329,0.0,1.0,0.0,1.0,0.0,0.0,1.0,1.0,0.0,0.0,0.0,1.0,0.0,1.0,1.0,0.0,0
0.9894056418690184,-2.356360144411832,-0.6990087311626515,-1.3644866454192717,0.9925279152401798,1.4230476240355316,0.0,0.0,0.0,1.0,0.0,0.0,1.0,0.0,0.0,0.0,1.0,0.0,0.0,0.0,0.0,1.0,0
-0.4123987517403026,-1.4812544825178764,-0.8008455755598749,1.2272077683198064,-1.0075283371329782,1.4735779482829032,1.0,0.0,1.0,0.0,0.0,0.0,0.0,0.0,0.0,0.0,0.0,1.0,0.0,0.0,1.0,1.0,0
1.2248621260790087,-0.9726621833280703,-0.40107283928978327,-0.17654187682794995,-1.0075283371329782,-0.9013472913435465,1.0,0.0,1.0,0.0,0.0,0.0,0.0,1.0,0.0,0.0,0.0,1.0,0.0,1.0,1.0,0.0,0
0.4149792964898483,0.22243541958888974,0.44897024204241104,-0.3434852718999095,-1.0075283371329782,0.1092591936038788,0.0,0.0,1.0,0.0,0.0,0.0,1.0,0.0,1.0,0.0,0.0,1.0,0.0,0.0,1.0,1.0,0
0.38290472898136585,-0.2968442332303677,0.2671788503911697,1.327984573881539,0.9925279152401798,1.675699245272388,1.0,0.0,0.0,0.0,0.0,0.0,1.0,0.0,0.0,0.0,0.0,1.0,0.0,1.0,0.0,0.0,0
-0.4772768542006404,-0.1604233074897155,0.30421043017197796,0.20518844726951846,0.9925279152401798,1.1198656785513041,1.0,0.0,1.0,0.0,0.0,0.0,1.0,0.0,0.0,0.0,1.0,0.0,0.0,0.0,0.0,0.0,0
1.119161846789694,1.2157306392673743,-0.7133163869870549,1.025654157196344,0.9925279152401798,-0.7497563186014329,1.0,0.0,0.0,1.0,0.0,0.0,0.0,0.0,0.0,1.0,0.0,1.0,1.0,0.0,0.0,1.0,0
0.6198191480781049,-1.32345884951832,-0.7663388762186666,-0.42288517931218306,0.9925279152401798,0.1597895178512499,1.0,0.0,1.0,0.0,0.0,0.0,1.0,1.0,0.0,0.0,0.0,1.0,0.0,1.0,1.0,0.0,0
2.0522401743091585,0.4053777670106871,-2.2501269478906067,-0.07678301879714446,0.9925279152401798,1.4735779482829032,0.0,0.0,0.0,1.0,0.0,0.0,1.0,1.0,0.0,0.0,1.0,0.0,1.0,0.0,0.0,0.0,0
2.0522401743091585,-0.02903172463351124,0.453178376108413,0.09219627133666787,0.9925279152401798,0.6650927603249626,0.0,0.0,1.0,0.0,0.0,1.0,0.0,0.0,1.0,0.0,0.0,1.0,1.0,0.0,1.0,0.0,1
2.0245394114609248,-0.8305832468424139,0.353024785337589,-2.5381801485776214,-1.0075283371329782,2.4841844332303284,0.0,0.0,1.0,0.0,0.0,1.0,0.0,0.0,1.0,0.0,0.0,0.0,1.0,0.0,0.0,0.0,1
0.19628906347747377,1.145948506745658,0.9741453734793322,-0.15414703114756523,-1.0075283371329782,-1.1034685883330317,1.0,0.0,0.0,1.0,0.0,0.0,0.0,0.0,1.0,0.0,0.0,0.0,0.0,0.0,0.0,0.0,0
-0.6004723521309445,-0.38800107301098824,-0.08967091840571165,-1.2026329880019455,-1.0075283371329782,-0.9518776155909179,1.0,0.0,1.0,0.0,0.0,1.0,0.0,0.0,1.0,0.0,1.0,0.0,0.0,1.0,1.0,0.0,1
-0.5771453939429579,-2.0772316143249667,0.7309152244644764,-0.70994638303348,-1.0075283371329782,-0.4971046973645765,1.0,0.0,0.0,0.0,0.0,0.0,1.0,1.0,0.0,0.0,0.0,1.0,0.0,0.0,1.0,1.0,0
-1.1938518510378542,0.03509239714320165,-0.14774316851652478,-0.5002491916626038,-1.0075283371329782,-0.39604404886983385,1.0,0.0,1.0,0.0,0.0,1.0,0.0,0.0,0.0,1.0,0.0,0.0,0.0,0.0,0.0,0.0,1
0.21670015189196112,0.5669454071735793,1.0936563809537596,-0.3180365836267449,0.9925279152401798,1.9283508665092448,0.0,0.0,1.0,0.0,0.0,0.0,0.0,0.0,0.0,1.0,0.0,0.0,1.0,0.0,0.0,0.0,0
-0.7185650779576266,0.6153528324363913,-0.548357531599817,-0.6631207966108564,0.9925279152401798,-0.4971046973645765,0.0,1.0,1.0,0.0,0.0,1.0,0.0,0.0,0.0,0.0,0.0,1.0,0.0,1.0,0.0,1.0,0
1.4391785544311355,-1.109083109068723,-1.2006183118299665,-0.1846854570753624,-1.0075283371329782,0.1597895178512499,0.0,1.0,0.0,1.0,0.0,0.0,0.0,0.0,1.0,0.0,0.0,0.0,0.0,0.0,0.0,1.0,0
-0.6602476824876603,1.0679936920367132,1.0827152323821563,-0.8901230960074847,-1.0075283371329782,1.6251689210250169,0.0,1.0,0.0,1.0,0.0,1.0,0.0,1.0,0.0,0.0,0.0,1.0,1.0,0.0,0.0,1.0,0
2.0522401743091585,-0.6979343282650974,1.3150042328254101,0.2988396201147642,0.9925279152401798,0.9177443815618189,0.0,0.0,1.0,0.0,0.0,0.0,1.0,0.0,1.0,0.0,1.0,0.0,0.0,1.0,1.0,1.0,0
0.40550271972597807,-0.2880428831825841,-0.22096470126494192,-0.46767487067295244,0.9925279152401798,2.3325934604882144,1.0,0.0,0.0,0.0,0.0,1.0,0.0,0.0,0.0,1.0,1.0,0.0,1.0,0.0,0.0,1.0,0
0.30271831021016227,-0.6488982351417292,0.168708513246747,-0.46156718548739273,0.9925279152401798,1.9283508665092448,0.0,1.0,0.0,1.0,0.0,1.0,0.0,1.0,0.0,0.0,1.0,0.0,0.0,1.0,0.0,1.0,0
0.018421007294074962,-0.7167943640817778,0.37743196292039516,-0.6061157348789675,-1.0075283371329782,0.058728869356507264,0.0,0.0,1.0,0.0,0.0,0.0,1.0,0.0,0.0,0.0,0.0,0.0,0.0,1.0,0.0,0.0,0
0.694902794745687,-0.2113454041947514,0.1889075567635524,2.1606656541794824,0.9925279152401798,0.008198545109136179,1.0,0.0,1.0,0.0,0.0,0.0,0.0,0.0,1.0,0.0,1.0,0.0,1.0,0.0,1.0,0.0,0
-1.1668800556329944,-1.7666696912103015,-0.9237230902871031,-1.712624700996163,0.9925279152401798,-0.39604404886983385,0.0,0.0,1.0,0.0,0.0,0.0,0.0,0.0,0.0,0.0,0.0,1.0,1.0,0.0,1.0,1.0,0
0.10152329583877732,-1.2184713168054675,1.1862353304057804,-0.759825812048882,-1.0075283371329782,-0.6992259943540615,1.0,0.0,1.0,0.0,0.0,0.0,0.0,1.0,0.0,0.0,1.0,0.0,0.0,0.0,0.0,0.0,0
-1.0276472739484495,0.38400305975178284,0.2579209554459676,-1.634242741114816,0.9925279152401798,0.5135017875828488,0.0,1.0,1.0,0.0,0.0,0.0,1.0,0.0,0.0,0.0,0.0,0.0,0.0,1.0,1.0,1.0,0
0.5177637060056641,-0.4144051231543404,-0.6956422239098508,-0.493123558946117,-1.0075283371329782,0.4629714633354778,0.0,0.0,1.0,0.0,0.0,1.0,0.0,0.0,0.0,1.0,0.0,1.0,1.0,0.0,0.0,0.0,1
1.08198450717759,-0.2063160613103035,0.6080377097372476,-0.0757650712662188,-1.0075283371329782,0.3619108148407351,1.0,0.0,0.0,0.0,0.0,0.0,1.0,0.0,1.0,0.0,0.0,0.0,0.0,0.0,1.0,1.0,0
0.26918580781493195,1.4885724907486786,0.17459990093914896,-2.5381801485776214,-1.0075283371329782,-0.39604404886983385,0.0,1.0,1.0,0.0,0.0,1.0,0.0,0.0,0.0,0.0,0.0,1.0,0.0,0.0,1.0,0.0,1
0.5410906641936502,-0.03468973537851458,0.07781281742112629,1.5213946047575886,0.9925279152401798,1.1703960027986753,0.0,0.0,0.0,1.0,0.0,1.0,0.0,0.0,0.0,1.0,0.0,0.0,0.0,0.0,1.0,0.0,1
-0.6245282777623057,0.9278007591327244,-0.7688637566582673,-0.11037528731772295,0.9925279152401798,1.1703960027986753,0.0,0.0,0.0,1.0,0.0,0.0,1.0,1.0,0.0,0.0,1.0,0.0,0.0,0.0,1.0,1.0,0
1.4238702381202686,-0.8991080436430183,-1.0785824239159383,-0.5246799324048412,0.9925279152401798,0.2608501663459925,0.0,0.0,0.0,1.0,0.0,1.0,0.0,1.0,0.0,0.0,0.0,1.0,0.0,0.0,0.0,1.0,0
-0.06249437892050357,0.0432650793304294,-0.2899780999473572,0.48105222815062165,0.9925279152401798,-0.5981653458593191,0.0,1.0,1.0,0.0,0.0,0.0,0.0,0.0,1.0,0.0,1.0,0.0,0.0,0.0,1.0,1.0,0
0.8581915020615939,1.205043285637922,0.39173961874479857,-1.1955073552854594,0.9925279152401798,-0.29498340037509146,0.0,1.0,1.0,0.0,0.0,0.0,0.0,0.0,0.0,1.0,0.0,1.0,0.0,1.0,0.0,0.0,0
0.5738941991455065,0.7982951798581887,-0.5550905461054184,0.9116440337325664,-1.0075283371329782,-0.6486956701066902,1.0,0.0,0.0,0.0,0.0,0.0,1.0,0.0,0.0,1.0,1.0,0.0,1.0,0.0,1.0,1.0,0
-0.1018586208627304,-1.5202318898723486,0.15187597698274408,2.384614110983331,-1.0075283371329782,-0.29498340037509146,0.0,0.0,1.0,0.0,0.0,0.0,1.0,0.0,0.0,0.0,1.0,0.0,0.0,0.0,0.0,1.0,0
-0.15944704888932282,0.1476239441827256,-1.7064360265632823,-1.5263403028365987,0.9925279152401798,0.1092591936038788,0.0,0.0,0.0,1.0,0.0,0.0,0.0,0.0,0.0,0.0,1.0,0.0,0.0,0.0,1.0,1.0,0
-0.8752930782831616,-0.6740449495639692,0.1013783681907318,0.20620639480044411,0.9925279152401798,0.9682747058091904,1.0,0.0,1.0,0.0,0.0,1.0,0.0,0.0,1.0,0.0,0.0,0.0,1.0,0.0,1.0,1.0,0
-0.2972218956871188,-0.7985211859540579,0.14682621610354274,1.9336633547828557,-1.0075283371329782,0.2608501663459925,1.0,0.0,0.0,1.0,0.0,1.0,0.0,0.0,1.0,0.0,0.0,0.0,0.0,1.0,1.0,0.0,1
0.9624338464641585,-0.2911862224853639,0.11568602401513521,2.5515575060552904,-1.0075283371329782,-0.04233177913823491,1.0,0.0,1.0,0.0,0.0,0.0,1.0,0.0,0.0,0.0,0.0,1.0,0.0,0.0,1.0,1.0,0
-0.6595187150442858,1.21321596782515,-0.31775178478296456,1.4369049596906824,-1.0075283371329782,-1.9624841005383433,0.0,1.0,1.0,0.0,0.0,0.0,0.0,0.0,0.0,0.0,1.0,0.0,0.0,0.0,1.0,1.0,1
-1.185104241717359,-1.1593765379132035,-0.06273886038330605,-1.060120333672224,0.9925279152401798,0.1597895178512499,0.0,0.0,0.0,1.0,0.0,0.0,1.0,1.0,0.0,0.0,1.0,0.0,0.0,1.0,0.0,0.0,0
2.0522401743091585,-0.2962155653698118,-1.067641275344336,-0.8259924015591105,-1.0075283371329782,1.0693353543039326,0.0,0.0,0.0,1.0,0.0,0.0,0.0,0.0,0.0,0.0,0.0,0.0,0.0,1.0,1.0,1.0,0
0.6139874085311083,-0.6790742924484175,1.5515013673346645,-0.3770775404204865,0.9925279152401798,1.3725172997881605,0.0,0.0,0.0,0.0,0.0,1.0,0.0,1.0,0.0,0.0,0.0,0.0,0.0,0.0,1.0,1.0,0
-1.2033284278017233,-0.8425279361929783,-0.3606747522561737,-0.9695230034197583,0.9925279152401798,-0.19392275188034908,0.0,1.0,1.0,0.0,0.0,0.0,1.0,0.0,1.0,0.0,0.0,0.0,0.0,1.0,1.0,0.0,0
1.9232129368318578,-0.6463835636995052,2.18861286492721,-0.47276460832758505,0.9925279152401798,2.130472163498729,0.0,1.0,0.0,1.0,0.0,1.0,0.0,1.0,0.0,0.0,0.0,1.0,1.0,0.0,1.0,0.0,1
-0.18933471406768043,1.1849259141001296,0.10558650225673252,0.3700959472796238,0.9925279152401798,-0.34551372462246277,0.0,0.0,1.0,0.0,0.0,0.0,1.0,0.0,0.0,0.0,0.0,1.0,1.0,0.0,0.0,1.0,0
0.17150417040273774,0.009317014860404873,-0.11744460324131788,0.6429058855679486,-1.0075283371329782,-0.9013472913435465,0.0,1.0,0.0,1.0,0.0,0.0,1.0,0.0,0.0,1.0,1.0,0.0,1.0,0.0,0.0,0.0,0
0.7400987762349113,0.970550173650533,-1.3647355404040042,-0.28851610522987486,-1.0075283371329782,1.1198656785513041,0.0,1.0,1.0,0.0,0.0,0.0,0.0,0.0,0.0,0.0,0.0,0.0,0.0,0.0,0.0,1.0,0
1.0061718930666341,-0.9481441367663866,0.4127802890748034,2.1036605924475937,-1.0075283371329782,1.0188050300565614,0.0,1.0,0.0,1.0,0.0,1.0,0.0,0.0,0.0,0.0,1.0,0.0,0.0,0.0,0.0,0.0,1
-0.020214267204777953,2.1493024121930375,-1.2965637685347886,0.46578301518672377,0.9925279152401798,-1.6593021550541156,0.0,1.0,0.0,0.0,0.0,0.0,1.0,0.0,0.0,0.0,0.0,0.0,0.0,0.0,0.0,0.0,1
-1.7500540103326596,-0.7677164607868137,2.0665769770131828,-0.28749815769894776,0.9925279152401798,-0.29498340037509146,0.0,1.0,0.0,0.0,0.0,0.0,1.0,0.0,0.0,1.0,0.0,1.0,0.0,0.0,0.0,0.0,0
-2.7116531890741546,0.1545392906488416,0.12662717258673734,0.21333202751693092,-1.0075283371329782,-0.5981653458593191,1.0,0.0,0.0,0.0,0.0,1.0,0.0,0.0,0.0,0.0,0.0,0.0,0.0,0.0,1.0,1.0,0
-2.265433992798489,-0.8230392325157421,-0.7806465320430701,0.8709261324955025,-1.0075283371329782,0.21031984209862142,0.0,1.0,1.0,0.0,0.0,0.0,0.0,0.0,0.0,1.0,0.0,1.0,0.0,0.0,1.0,1.0,0
1.2737029447851047,-0.839384596890198,-1.185469029192363,-0.18163161448258255,0.9925279152401798,0.2608501663459925,0.0,0.0,0.0,0.0,0.0,0.0,0.0,0.0,1.0,0.0,0.0,1.0,0.0,1.0,1.0,1.0,0
-0.4882113658512585,0.6882783042608882,-0.4970182959946053,0.07692705837276856,-1.0075283371329782,0.7156230845723341,1.0,0.0,1.0,0.0,0.0,1.0,0.0,0.0,0.0,0.0,0.0,0.0,0.0,0.0,0.0,0.0,1
-1.6195688379686097,0.17088465502329797,0.447286988416011,0.7182340028565152,0.9925279152401798,-0.8508169670961755,1.0,0.0,0.0,0.0,0.0,1.0,0.0,0.0,0.0,0.0,1.0,0.0,0.0,0.0,0.0,1.0,0
0.08985981674478427,0.7869791583681801,0.9371137936985239,0.9258952991655386,0.9925279152401798,0.5135017875828488,0.0,1.0,1.0,0.0,0.0,0.0,1.0,1.0,0.0,0.0,0.0,1.0,1.0,0.0,0.0,0.0,0
-0.9839092273459744,0.28655954136560263,-1.5187532472196394,1.6191175677265415,-1.0075283371329782,-1.760362803548858,0.0,1.0,0.0,0.0,0.0,0.0,1.0,0.0,0.0,1.0,0.0,1.0,0.0,1.0,0.0,0.0,0
-0.2921191235834962,-0.7130223569184416,-0.3076522630245619,0.10033985158408035,0.9925279152401798,-0.8508169670961755,1.0,0.0,0.0,1.0,0.0,0.0,0.0,0.0,0.0,1.0,0.0,0.0,0.0,0.0,0.0,1.0,0
0.060701119009801616,-0.21637474707919976,0.48600182182322055,0.4433881695063391,-1.0075283371329782,-2.265666046022571,0.0,1.0,0.0,1.0,0.0,0.0,1.0,0.0,0.0,0.0,1.0,0.0,0.0,0.0,0.0,1.0,1
0.7000055668493095,-1.1914385988015594,-1.145912568971954,0.6571571510009208,0.9925279152401798,0.9177443815618189,0.0,1.0,0.0,0.0,0.0,1.0,0.0,0.0,0.0,1.0,1.0,0.0,0.0,1.0,1.0,1.0,0
-0.5188279984729911,-1.5045151933584484,-0.9927364889695189,-0.7343771237757175,0.9925279152401798,-0.39604404886983385,0.0,0.0,0.0,1.0,0.0,0.0,0.0,0.0,0.0,1.0,1.0,0.0,0.0,1.0,0.0,1.0,0
0.34864325914276056,-0.3106749261626001,-2.709129171139661,0.6245828300112694,0.9925279152401798,0.5135017875828488,1.0,0.0,0.0,1.0,0.0,0.0,1.0,0.0,1.0,0.0,0.0,0.0,0.0,0.0,0.0,1.0,0
-1.6851759078723225,1.048504988359477,-1.1509623298511549,-0.15923676880219786,0.9925279152401798,-1.4066505338172592,1.0,0.0,1.0,0.0,0.0,0.0,1.0,0.0,1.0,0.0,1.0,0.0,0.0,1.0,0.0,1.0,0
-1.4161869212671014,0.1784286693499703,0.7746798187508861,-1.365504592950198,-1.0075283371329782,-1.1034685883330317,0.0,0.0,0.0,0.0,0.0,1.0,0.0,0.0,0.0,0.0,0.0,0.0,0.0,0.0,0.0,0.0,1
-1.1909359812643558,0.6568449112330881,0.028156835442314634,-0.5694696237656107,0.9925279152401798,0.8672140573144478,0.0,0.0,1.0,0.0,0.0,1.0,0.0,0.0,0.0,0.0,1.0,0.0,0.0,0.0,0.0,0.0,1
0.6183612131913561,-1.1933246023832276,0.5945716807260447,1.0195464720107843,-1.0075283371329782,-1.0529382640856604,1.0,0.0,0.0,1.0,0.0,1.0,0.0,1.0,0.0,0.0,0.0,1.0,0.0,0.0,1.0,0.0,1
-0.5377811520007306,-0.5659140775483368,-0.9750623258923148,0.6571571510009208,0.9925279152401798,0.008198545109136179,1.0,0.0,0.0,0.0,0.0,0.0,0.0,0.0,1.0,0.0,0.0,0.0,1.0,0.0,1.0,0.0,0
-0.0231301369782757,-0.5696860847116729,1.8831023317355402,-0.8748538830435854,0.9925279152401798,-0.39604404886983385,0.0,1.0,1.0,0.0,0.0,1.0,0.0,0.0,1.0,0.0,1.0,0.0,1.0,0.0,0.0,1.0,0
0.1598406913087447,1.0447329811961417,0.09380372687192977,1.0297259473200495,0.9925279152401798,0.41244113908810626,0.0,1.0,1.0,0.0,0.0,1.0,0.0,1.0,0.0,0.0,1.0,0.0,0.0,1.0,1.0,0.0,1
-0.38907179355231547,0.951690137833853,-0.5643484410506204,-0.0014549015085778844,0.9925279152401798,1.675699245272388,0.0,1.0,0.0,1.0,0.0,1.0,0.0,0.0,1.0,0.0,1.0,0.0,0.0,1.0,1.0,1.0,0
-0.9489187900639947,0.6247828503447317,1.0566248011729513,1.3798998979587938,0.9925279152401798,-0.5476350216119478,1.0,0.0,0.0,1.0,0.0,0.0,1.0,0.0,0.0,1.0,0.0,1.0,1.0,0.0,1.0,1.0,0
-0.7367892640419912,-0.3905157444532122,-0.18140824104453296,-0.22845720090520616,-1.0075283371329782,-0.34551372462246277,0.0,0.0,0.0,1.0,0.0,0.0,1.0,1.0,0.0,0.0,1.0,0.0,0.0,0.0,0.0,1.0,0
0.9340041161725499,-0.6143215028111492,1.2981716965614059,0.21434997504785805,0.9925279152401798,-0.5981653458593191,1.0,0.0,1.0,0.0,0.0,1.0,0.0,0.0,0.0,1.0,0.0,1.0,0.0,1.0,0.0,1.0,0
-0.6332758870828009,0.6228968467630636,0.06687166884952417,0.2703370892488198,0.9925279152401798,-1.2045292368277742,0.0,0.0,1.0,0.0,0.0,1.0,0.0,0.0,0.0,1.0,0.0,0.0,0.0,1.0,0.0,1.0,0
1.330562405368322,0.10801786896769772,-1.0314513223767279,-0.48803382129148437,-1.0075283371329782,0.8166837330670763,1.0,0.0,1.0,0.0,0.0,1.0,0.0,0.0,1.0,0.0,1.0,0.0,0.0,0.0,0.0,1.0,0
0.2495036868438175,-0.7431984142251296,-0.6333618397330363,-1.361432802826492,-1.0075283371329782,0.3619108148407351,1.0,0.0,1.0,0.0,0.0,0.0,1.0,0.0,0.0,1.0,0.0,1.0,1.0,0.0,1.0,0.0,0
0.4455959291115798,1.2559653823429584,1.4648138055750444,-2.5381801485776214,-1.0075283371329782,-0.44657437311720516,0.0,1.0,0.0,0.0,0.0,0.0,1.0,0.0,0.0,0.0,0.0,1.0,0.0,1.0,1.0,0.0,0
1.2758898471152285,-1.122285134140399,2.4621415792172727,-0.5542004108017128,0.9925279152401798,-0.7497563186014329,1.0,0.0,0.0,0.0,0.0,0.0,0.0,0.0,0.0,0.0,1.0,0.0,0.0,1.0,1.0,1.0,0
0.3253163009547745,-0.41943446603878837,0.9842448952377337,0.5777572435886472,0.9925279152401798,-0.44657437311720516,0.0,0.0,0.0,1.0,0.0,0.0,0.0,0.0,1.0,0.0,0.0,1.0,0.0,0.0,1.0,1.0,0
-2.109434959916329,1.1861832498212423,0.4102554086352027,-1.2769431577595858,0.9925279152401798,0.56403211183022,0.0,0.0,0.0,1.0,0.0,1.0,0.0,0.0,1.0,0.0,0.0,0.0,1.0,0.0,1.0,0.0,1
-1.4300373026912188,0.4122931134768031,1.8014645308551216,-1.6108299479035049,0.9925279152401798,-0.5981653458593191,0.0,0.0,1.0,0.0,0.0,0.0,0.0,0.0,0.0,1.0,0.0,0.0,0.0,1.0,1.0,0.0,0
-0.38542695633544277,-0.1258465751591351,1.0616745620521515,-0.41474159906477054,0.9925279152401798,0.9682747058091904,0.0,0.0,0.0,1.0,0.0,1.0,0.0,1.0,0.0,0.0,1.0,0.0,1.0,0.0,1.0,0.0,1
0.04976660735918247,-0.3578250157043003,0.41530516951440405,-1.0988023398474338,0.9925279152401798,-0.39604404886983385,0.0,1.0,1.0,0.0,0.0,0.0,0.0,0.0,0.0,0.0,0.0,1.0,1.0,0.0,0.0,0.0,0
1.5186360057589652,0.6738189434680999,0.2739118648967711,-1.5090351948108467,-1.0075283371329782,-0.39604404886983385,1.0,0.0,1.0,0.0,0.0,1.0,0.0,1.0,0.0,0.0,1.0,0.0,1.0,0.0,0.0,0.0,1
0.6620992597938316,-0.6784456245878612,-0.14690154170332534,-1.0876049170072415,0.9925279152401798,1.7767598937671305,1.0,0.0,1.0,0.0,0.0,0.0,1.0,0.0,1.0,0.0,1.0,0.0,0.0,0.0,1.0,1.0,0
0.1744200401762355,2.1493024121930375,0.061821907970322824,-1.2799970003523655,-1.0075283371329782,-0.39604404886983385,0.0,1.0,0.0,0.0,0.0,1.0,0.0,0.0,1.0,0.0,1.0,0.0,0.0,1.0,1.0,0.0,1
1.0907321164980852,-1.0141542621247668,-0.2958694876397591,-1.1527535589865427,0.9925279152401798,-1.2045292368277742,0.0,0.0,0.0,0.0,0.0,0.0,0.0,0.0,0.0,1.0,0.0,0.0,1.0,0.0,0.0,1.0,0
1.0615734187631016,0.719083029428132,-2.369637955365034,-1.2087406731875046,-1.0075283371329782,1.4735779482829032,0.0,0.0,0.0,0.0,0.0,0.0,0.0,0.0,1.0,0.0,0.0,0.0,0.0,1.0,1.0,1.0,0
-0.9481898226206198,1.7903330638155606,-1.0718494094103368,0.20518844726951846,-1.0075283371329782,-0.8002866428488041,0.0,0.0,1.0,0.0,0.0,0.0,1.0,0.0,0.0,1.0,1.0,0.0,0.0,0.0,0.0,0.0,0
0.9012005812206935,-0.022745046027950678,-0.8707006010554907,0.8546389720006775,0.9925279152401798,-0.9518776155909179,1.0,0.0,1.0,0.0,0.0,1.0,0.0,0.0,0.0,1.0,1.0,0.0,0.0,0.0,1.0,0.0,1
-0.31544608177148337,-0.15727996818693524,-2.066652302612965,-1.7207682812435756,0.9925279152401798,-0.14339242763297752,1.0,0.0,1.0,0.0,0.0,0.0,0.0,1.0,0.0,0.0,0.0,0.0,1.0,0.0,1.0,0.0,0
-0.62525724520568,0.5493427070780111,-0.20497379181413847,0.021957891702733916,-1.0075283371329782,-1.3055898853225167,1.0,0.0,0.0,0.0,0.0,0.0,1.0,0.0,0.0,1.0,1.0,0.0,0.0,0.0,0.0,0.0,1
1.757008359742453,-1.022326944311995,0.12578554577353793,-0.014688219410622993,-1.0075283371329782,-0.24445307612772016,1.0,0.0,0.0,1.0,0.0,0.0,1.0,0.0,0.0,0.0,0.0,0.0,0.0,1.0,1.0,0.0,0
-0.13976492791820835,1.2748254181596383,-1.5970245408472574,-1.2596380497338335,0.9925279152401798,-0.14339242763297752,0.0,1.0,1.0,0.0,0.0,0.0,0.0,0.0,1.0,0.0,0.0,1.0,0.0,1.0,0.0,1.0,0
0.5170347385622891,-1.1600052057737593,1.2611401167805976,0.7100904226091027,0.9925279152401798,0.3619108148407351,0.0,1.0,0.0,0.0,0.0,0.0,0.0,0.0,0.0,0.0,1.0,0.0,1.0,0.0,1.0,0.0,0
-0.7127333384106301,0.894481362523257,0.033206596321515985,0.4097959009857606,0.9925279152401798,-0.4971046973645765,0.0,0.0,1.0,0.0,0.0,0.0,1.0,0.0,1.0,0.0,0.0,1.0,0.0,1.0,0.0,0.0,0
-1.5226161679997905,1.3791842830119345,-0.22096470126494192,0.42099332382595295,0.9925279152401798,-1.9624841005383433,0.0,1.0,1.0,0.0,0.0,0.0,1.0,0.0,1.0,0.0,0.0,1.0,0.0,0.0,0.0,0.0,1
0.9267144417388045,-2.107407671631655,1.5725420376646693,0.9024825059542267,0.9925279152401798,-0.6992259943540615,1.0,0.0,1.0,0.0,0.0,0.0,0.0,1.0,0.0,0.0,1.0,0.0,0.0,1.0,0.0,1.0,0
-1.551045898291399,-0.31381826546537994,-0.5054345641266074,-2.277585580660416,-1.0075283371329782,0.41244113908810626,0.0,0.0,1.0,0.0,0.0,0.0,1.0,0.0,0.0,1.0,0.0,0.0,1.0,0.0,1.0,1.0,0
1.9618482113307107,-0.5703147525722289,1.5397185919498617,2.172881024550602,0.9925279152401798,0.1597895178512499,0.0,0.0,1.0,0.0,0.0,1.0,0.0,0.0,0.0,0.0,1.0,0.0,0.0,1.0,0.0,1.0,0
-0.09748481620248275,-0.79349184306961,-1.553259946560847,0.5319496046969507,0.9925279152401798,0.1597895178512499,0.0,0.0,0.0,1.0,0.0,0.0,0.0,1.0,0.0,0.0,0.0,1.0,1.0,0.0,0.0,0.0,0
0.8253879671097375,-0.592318127691689,1.5624425159062665,-1.7686118151971248,-1.0075283371329782,1.5746385967776453,0.0,1.0,0.0,0.0,0.0,1.0,0.0,0.0,0.0,0.0,0.0,0.0,0.0,0.0,1.0,1.0,0
-0.65222904061054,1.0327882918455769,-1.3883010911736091,2.183060499859867,-1.0075283371329782,-0.5981653458593191,1.0,0.0,1.0,0.0,0.0,0.0,1.0,0.0,0.0,1.0,0.0,1.0,1.0,0.0,1.0,1.0,0
0.9245275394086806,-1.3001981386777477,0.5726893835828405,-0.8962307811930444,-1.0075283371329782,-0.9013472913435465,0.0,0.0,1.0,0.0,0.0,1.0,0.0,0.0,0.0,0.0,0.0,0.0,0.0,0.0,1.0,0.0,1
-0.9948437389965931,1.7262089420388476,0.9143898697421178,-0.22947514843613182,0.9925279152401798,0.8672140573144478,0.0,1.0,1.0,0.0,0.0,1.0,0.0,1.0,0.0,0.0,0.0,1.0,1.0,0.0,1.0,0.0,1
0.34208255215239014,-0.0397190782629625,0.06855492247592422,-0.5246799324048412,-1.0075283371329782,1.0693353543039326,0.0,1.0,1.0,0.0,0.0,1.0,0.0,0.0,0.0,0.0,1.0,0.0,1.0,0.0,1.0,0.0,1
0.530156152543032,0.7109103472409043,0.2065817198407559,0.9747567806500149,-1.0075283371329782,0.4629714633354778,0.0,1.0,0.0,0.0,0.0,0.0,0.0,0.0,0.0,0.0,0.0,1.0,0.0,0.0,1.0,0.0,0
-0.12591454649409148,-0.19500003982029546,-0.35057523049777156,0.36297031456313844,0.9925279152401798,-1.0024079398382892,0.0,0.0,0.0,1.0,0.0,0.0,0.0,1.0,0.0,0.0,1.0,0.0,0.0,0.0,1.0,1.0,0
0.5994080596636165,-0.17236799684027942,-1.0146187861127238,1.391097320798986,-1.0075283371329782,-0.19392275188034908,1.0,0.0,1.0,0.0,0.0,0.0,1.0,0.0,0.0,1.0,0.0,1.0,0.0,1.0,1.0,0.0,0
0.956602106917162,0.719083029428132,1.546451606455463,-0.8117411361261383,0.9925279152401798,-0.5981653458593191,1.0,0.0,1.0,0.0,0.0,0.0,0.0,0.0,0.0,0.0,1.0,0.0,0.0,1.0,1.0,0.0,0
0.2458588496269448,0.23689478038167805,-0.8572345720442879,-0.21420593547223393,0.9925279152401798,-0.6992259943540615,0.0,0.0,0.0,1.0,0.0,1.0,0.0,1.0,0.0,0.0,1.0,0.0,1.0,0.0,0.0,1.0,0
-1.1136654322666502,-1.412729685717272,0.5280831624832302,0.3018934627075441,0.9925279152401798,0.3113804905933636,0.0,0.0,0.0,1.0,0.0,0.0,1.0,1.0,0.0,0.0,1.0,0.0,0.0,1.0,0.0,1.0,0
0.4783994640634362,-0.045377089007966734,0.16113387192794615,-0.8758718305745125,-1.0075283371329782,0.008198545109136179,1.0,0.0,1.0,0.0,0.0,1.0,0.0,0.0,1.0,0.0,0.0,1.0,1.0,0.0,0.0,1.0,0
-0.057391606816880956,-1.0575323445031308,0.5440740719340337,-0.07780096632807156,0.9925279152401798,0.41244113908810626,1.0,0.0,1.0,0.0,0.0,0.0,0.0,0.0,1.0,0.0,1.0,0.0,1.0,0.0,0.0,1.0,0
0.7707154088566439,1.164808542562338,-0.03580680236089926,-1.7848989756919504,-1.0075283371329782,0.7661534088197052,1.0,0.0,0.0,0.0,0.0,1.0,0.0,0.0,0.0,0.0,0.0,1.0,1.0,0.0,0.0,1.0,0
0.017692039850701044,2.1493024121930375,2.0404865458039767,0.9767926757118677,-1.0075283371329782,0.1597895178512499,0.0,0.0,0.0,1.0,0.0,0.0,1.0,0.0,0.0,1.0,1.0,0.0,0.0,1.0,1.0,0.0,0
-2.1072480575862054,1.1761245640523454,-0.6535608832498411,0.5288957621041709,0.9925279152401798,1.0188050300565614,0.0,1.0,0.0,1.0,0.0,1.0,0.0,0.0,0.0,1.0,0.0,1.0,1.0,0.0,1.0,1.0,0
1.1038535304788273,0.257640819780026,1.362135334364621,-1.4316711824604265,0.9925279152401798,-0.9518776155909179,0.0,0.0,1.0,0.0,0.0,0.0,0.0,0.0,0.0,1.0,0.0,0.0,1.0,0.0,0.0,1.0,0
-1.7063159637301852,-0.17362533256139162,-0.03580680236089926,1.9530043578704606,0.9925279152401798,-0.44657437311720516,0.0,1.0,1.0,0.0,0.0,0.0,1.0,0.0,0.0,1.0,1.0,0.0,1.0,0.0,1.0,1.0,0
1.3159830565008312,1.078052377805609,0.543232445120833,0.795598015206936,-1.0075283371329782,0.3619108148407351,1.0,0.0,0.0,0.0,0.0,1.0,0.0,0.0,0.0,0.0,0.0,0.0,0.0,0.0,0.0,0.0,1
-0.4182304912872991,0.7913798333920726,1.3663434684306217,-1.4795147164139757,0.9925279152401798,-0.6992259943540615,0.0,0.0,0.0,1.0,0.0,1.0,0.0,0.0,0.0,1.0,0.0,0.0,0.0,0.0,1.0,1.0,0
-1.9177165223088137,0.3104489200667304,0.7325984780908764,-0.33839553424527685,0.9925279152401798,-0.09286210338560645,0.0,0.0,1.0,0.0,0.0,1.0,0.0,1.0,0.0,0.0,0.0,0.0,0.0,0.0,1.0,1.0,0
-1.6356061217228508,1.2936854539763183,-0.2680958028041529,0.21943971270249066,-1.0075283371329782,-0.04233177913823491,0.0,1.0,1.0,0.0,0.0,1.0,0.0,1.0,0.0,0.0,0.0,0.0,0.0,1.0,1.0,0.0,1
-0.19006368151105538,0.23312277321834188,-0.8833250032534935,0.9472721973149962,-1.0075283371329782,-1.1539989125804029,1.0,0.0,0.0,0.0,0.0,0.0,0.0,0.0,0.0,1.0,0.0,0.0,1.0,0.0,0.0,0.0,0
-0.25931558863163984,-0.1139018858085712,1.5136281607406554,-0.9125179416878694,0.9925279152401798,1.1703960027986753,0.0,1.0,0.0,1.0,0.0,1.0,0.0,0.0,0.0,1.0,0.0,0.0,0.0,1.0,0.0,1.0,0
-0.40729597963668,0.6191248395997274,-0.8841666300666942,-0.07678301879714446,-1.0075283371329782,1.675699245272388,1.0,0.0,1.0,0.0,0.0,0.0,0.0,1.0,0.0,0.0,1.0,0.0,1.0,0.0,0.0,1.0,0
0.01113133286032956,-0.2547234865731159,-1.3832513302944085,0.4963214411145209,-1.0075283371329782,-0.29498340037509146,0.0,0.0,1.0,0.0,0.0,1.0,0.0,0.0,0.0,1.0,0.0,0.0,0.0,0.0,0.0,0.0,1
0.5636886549382624,-1.3498628996616717,1.5590760086534665,-0.4900697163533371,-1.0075283371329782,0.1597895178512499,0.0,0.0,1.0,0.0,0.0,0.0,1.0,0.0,1.0,0.0,1.0,0.0,0.0,1.0,1.0,1.0,0
-0.908096613235018,0.885680012475473,-0.44231255313659285,-1.375684068259464,0.9925279152401798,-0.5981653458593191,0.0,1.0,1.0,0.0,0.0,0.0,1.0,0.0,0.0,0.0,1.0,0.0,0.0,1.0,1.0,0.0,0
-1.6603910147975864,0.2909602163894942,-0.4684029843457984,2.507785762225447,-1.0075283371329782,0.8166837330670763,0.0,0.0,0.0,0.0,0.0,0.0,0.0,1.0,0.0,0.0,1.0,0.0,0.0,0.0,0.0,0.0,0
-0.05447573704338321,1.308773482629662,-2.6145513580062905,-1.1507176639246892,0.9925279152401798,-1.2045292368277742,0.0,1.0,1.0,0.0,0.0,0.0,0.0,0.0,1.0,0.0,1.0,0.0,1.0,0.0,0.0,1.0,0
-2.1852475740272856,-1.9640713994248864,0.8882994385329128,1.1264309627580753,0.9925279152401798,0.8166837330670763,1.0,0.0,1.0,0.0,0.0,0.0,1.0,1.0,0.0,0.0,0.0,1.0,0.0,1.0,0.0,0.0,0
-0.6099489288948143,-1.0411869801286748,-1.3075049171063906,-0.7465924941468369,-1.0075283371329782,-0.9518776155909179,0.0,0.0,0.0,1.0,0.0,0.0,1.0,1.0,0.0,0.0,1.0,0.0,1.0,0.0,1.0,0.0,0
-0.24036243510390135,-0.9927795548658624,0.5146171334720262,-0.30989300337933245,0.9925279152401798,-0.8002866428488041,1.0,0.0,0.0,0.0,0.0,1.0,0.0,0.0,1.0,0.0,1.0,0.0,0.0,0.0,1.0,0.0,1
-0.3817821191185701,-0.4175484624571203,-1.30413840985359,1.2801410399279896,-1.0075283371329782,-0.04233177913823491,0.0,1.0,1.0,0.0,0.0,0.0,1.0,0.0,0.0,0.0,1.0,0.0,0.0,1.0,0.0,1.0,0
1.9997545183861887,1.4169043546452944,0.48684344863642,0.9157158238562734,0.9925279152401798,-0.4971046973645765,1.0,0.0,1.0,0.0,0.0,0.0,1.0,0.0,0.0,1.0,1.0,0.0,0.0,0.0,0.0,1.0,0
-1.6290454147324793,1.0516483276622577,-0.6316785861066363,-0.07678301879714446,-1.0075283371329782,0.1092591936038788,1.0,0.0,1.0,0.0,0.0,0.0,1.0,0.0,1.0,0.0,1.0,0.0,0.0,0.0,1.0,1.0,0
-1.1953097859246031,-0.8959647043402381,-0.60474652808423,0.17668591640357403,0.9925279152401798,0.41244113908810626,0.0,1.0,1.0,0.0,0.0,0.0,0.0,0.0,1.0,0.0,0.0,1.0,0.0,0.0,0.0,1.0,0
0.5972211573334938,0.7285130473364724,2.3981779414140587,0.49326759852174107,-1.0075283371329782,2.029411515003987,0.0,0.0,1.0,0.0,0.0,1.0,0.0,0.0,0.0,1.0,1.0,0.0,1.0,0.0,1.0,0.0,1
-1.9373986432799273,0.8957386982443688,1.05325829392015,-1.7604682349497123,-1.0075283371329782,0.8166837330670763,0.0,0.0,0.0,1.0,0.0,0.0,1.0,1.0,0.0,0.0,0.0,1.0,0.0,0.0,1.0,0.0,0
0.27647548224867735,-0.16859598967694325,1.1315295875477673,0.9788285707737204,-1.0075283371329782,0.9682747058091904,0.0,1.0,0.0,1.0,0.0,0.0,0.0,1.0,0.0,0.0,0.0,0.0,0.0,0.0,1.0,0.0,0
0.2611671659378116,-1.7000308979913652,-0.6687101658874446,0.09219627133666787,-1.0075283371329782,-0.9518776155909179,0.0,1.0,1.0,0.0,0.0,0.0,1.0,0.0,1.0,0.0,0.0,1.0,1.0,0.0,0.0,1.0,0
-0.13903596047483444,0.4078924384529106,1.5060535194218534,1.109125854732323,0.9925279152401798,-0.39604404886983385,0.0,1.0,1.0,0.0,0.0,1.0,0.0,0.0,0.0,1.0,0.0,0.0,1.0,0.0,1.0,0.0,1
0.2976155381065407,-0.5967188027155811,-0.6030632744578294,-1.2250278336823301,-1.0075283371329782,-0.8002866428488041,1.0,0.0,1.0,0.0,0.0,1.0,0.0,0.0,0.0,1.0,0.0,0.0,0.0,0.0,0.0,1.0,0
2.0522401743091585,-0.9852355405391905,-0.2765120709361544,0.05555016022331096,0.9925279152401798,0.56403211183022,0.0,1.0,1.0,0.0,0.0,0.0,0.0,0.0,0.0,0.0,1.0,0.0,0.0,0.0,1.0,1.0,0
0.8786025904760822,1.4539957584180987,1.7821071141515168,0.2886601448054975,-1.0075283371329782,-0.9518776155909179,1.0,0.0,1.0,0.0,0.0,0.0,1.0,0.0,1.0,0.0,1.0,0.0,1.0,0.0,0.0,1.0,0
-0.07124198824099785,-0.7431984142251296,-0.3547833645637729,-1.5792735744447806,-1.0075283371329782,-0.44657437311720516,0.0,0.0,0.0,1.0,0.0,0.0,0.0,0.0,0.0,0.0,0.0,0.0,1.0,0.0,0.0,0.0,0
2.0522401743091585,0.9271720912721689,1.8974099875599437,-1.2189201484967704,-1.0075283371329782,0.058728869356507264,0.0,0.0,0.0,1.0,0.0,1.0,0.0,1.0,0.0,0.0,1.0,0.0,0.0,0.0,1.0,0.0,1
-0.11643796973022225,0.63924221113752,-0.6931173434702501,0.2825524596199378,0.9925279152401798,0.2608501663459925,1.0,0.0,1.0,0.0,0.0,0.0,1.0,0.0,0.0,0.0,0.0,1.0,1.0,0.0,0.0,0.0,0
1.5805982384458042,0.1099038725493658,-0.7377235645698604,-0.6865335898221682,-1.0075283371329782,1.2714566512934178,0.0,1.0,1.0,0.0,0.0,0.0,0.0,0.0,1.0,0.0,0.0,1.0,0.0,1.0,0.0,1.0,0
1.494580080127603,0.20860472665665775,-0.4204302559933874,-1.4286173398676467,-1.0075283371329782,-1.1034685883330317,0.0,0.0,1.0,0.0,0.0,0.0,0.0,0.0,0.0,1.0,0.0,1.0,0.0,1.0,1.0,0.0,0
-0.7564713850131051,2.1493024121930375,0.9017654675441157,0.4189574287641002,-1.0075283371329782,-1.6593021550541156,1.0,0.0,1.0,0.0,0.0,0.0,0.0,0.0,0.0,1.0,0.0,1.0,0.0,0.0,0.0,1.0,1
-0.6536869754972888,-0.891564029316346,0.588680293033644,0.18075770652727954,0.9925279152401798,1.4230476240355316,1.0,0.0,0.0,0.0,0.0,0.0,0.0,0.0,0.0,0.0,0.0,0.0,0.0,1.0,0.0,0.0,0
-1.1071047252762791,0.0765844759398976,-0.26977905643055294,0.3120729380168093,0.9925279152401798,0.9682747058091904,0.0,0.0,0.0,0.0,0.0,0.0,1.0,0.0,1.0,0.0,0.0,0.0,0.0,1.0,0.0,0.0,0
0.34062461726564025,1.066107688455045,0.8815664240273102,1.5590586634018726,0.9925279152401798,1.1198656785513041,0.0,1.0,0.0,0.0,0.0,1.0,0.0,1.0,0.0,0.0,0.0,1.0,1.0,0.0,0.0,1.0,0
0.19264422626060004,0.39720508482345845,-2.285475274045015,-1.324786691713135,-1.0075283371329782,2.029411515003987,1.0,0.0,1.0,0.0,0.0,0.0,0.0,0.0,0.0,0.0,0.0,0.0,0.0,1.0,1.0,1.0,0
0.1270371563568883,-2.3802495231129597,-0.32785130654136607,0.9218235090418316,0.9925279152401798,-0.9013472913435465,0.0,0.0,1.0,0.0,0.0,0.0,1.0,1.0,0.0,0.0,0.0,0.0,0.0,0.0,1.0,1.0,0
-0.1171669371735972,-1.1725785629848795,-0.16962546565973022,0.06267579293979635,0.9925279152401798,-1.1539989125804029,1.0,0.0,0.0,0.0,0.0,0.0,1.0,0.0,0.0,1.0,1.0,0.0,0.0,0.0,1.0,1.0,0
-0.219951346689413,-0.35908235142541206,-1.2452245329295768,0.5197342343258328,0.9925279152401798,-1.6087718308067445,1.0,0.0,0.0,0.0,0.0,0.0,1.0,0.0,1.0,0.0,1.0,0.0,0.0,0.0,0.0,1.0,1
-0.7863590501914627,-0.4269784803654602,-0.35730824500337294,-0.16839829658053745,0.9925279152401798,2.029411515003987,0.0,0.0,0.0,0.0,0.0,0.0,0.0,0.0,0.0,1.0,1.0,0.0,1.0,0.0,1.0,1.0,0
-0.444473319248784,0.6612455862569797,-1.0440757245747307,-1.4927480343160209,0.9925279152401798,0.41244113908810626,0.0,0.0,0.0,0.0,0.0,1.0,0.0,0.0,1.0,0.0,0.0,0.0,1.0,0.0,0.0,1.0,0
-0.2170354769159142,1.0585636741283737,-0.645986241931039,-0.5776132040130232,-1.0075283371329782,0.3619108148407351,0.0,0.0,1.0,0.0,0.0,0.0,1.0,0.0,0.0,1.0,0.0,1.0,1.0,0.0,1.0,0.0,0
-0.35918412837395786,-0.32576295481594386,-0.44820394082899423,0.1919551293674719,0.9925279152401798,0.6650927603249626,0.0,1.0,0.0,0.0,0.0,0.0,0.0,1.0,0.0,0.0,1.0,0.0,0.0,0.0,1.0,1.0,0
-1.8666888012725928,0.9604914878816372,-1.5313776494176423,-0.987846058976436,-1.0075283371329782,2.029411515003987,1.0,0.0,0.0,0.0,0.0,1.0,0.0,0.0,0.0,1.0,0.0,1.0,0.0,1.0,0.0,0.0,1
1.5142622010987175,0.8661913087982368,-1.3487446309532003,-0.27426483979690264,-1.0075283371329782,-1.760362803548858,0.0,1.0,0.0,0.0,0.0,0.0,0.0,0.0,0.0,1.0,0.0,1.0,0.0,1.0,1.0,1.0,0
-0.12008280694709494,-0.6281521957433812,0.5937300539128454,-0.738448913899423,-1.0075283371329782,0.1597895178512499,0.0,0.0,1.0,0.0,0.0,1.0,0.0,0.0,0.0,1.0,1.0,0.0,1.0,0.0,1.0,0.0,1
-0.23671759788702865,1.2396200179685022,0.6896755106176662,1.0836771664591585,0.9925279152401798,1.4735779482829032,0.0,0.0,1.0,0.0,0.0,1.0,0.0,0.0,0.0,1.0,0.0,1.0,1.0,0.0,1.0,0.0,1
-0.16892362565319205,-0.28049886885591174,0.6980917787496689,-0.3200724786885977,0.9925279152401798,1.6251689210250169,0.0,1.0,1.0,0.0,0.0,1.0,0.0,0.0,0.0,0.0,1.0,0.0,1.0,0.0,0.0,1.0,0
0.2196160216654599,-0.2779841974136878,-1.106356108751545,0.6276366726040493,-1.0075283371329782,-1.1539989125804029,0.0,0.0,0.0,1.0,0.0,1.0,0.0,0.0,0.0,1.0,0.0,1.0,1.0,0.0,1.0,1.0,0
2.0522401743091585,-0.38737240515043236,-0.22264795489134198,0.5462008701299229,0.9925279152401798,-0.7497563186014329,0.0,1.0,1.0,0.0,0.0,1.0,0.0,1.0,0.0,0.0,1.0,0.0,0.0,1.0,0.0,1.0,0
0.4762125617333124,0.8951100303838125,-0.3808737957729785,-1.247422679362715,0.9925279152401798,-0.09286210338560645,1.0,0.0,1.0,0.0,0.0,0.0,0.0,0.0,0.0,0.0,0.0,1.0,1.0,0.0,1.0,0.0,0
-0.6580607801575364,1.610534055696544,0.08875396599272962,0.9920618886757671,0.9925279152401798,-0.14339242763297752,1.0,0.0,0.0,1.0,0.0,1.0,0.0,0.0,1.0,0.0,1.0,0.0,1.0,0.0,1.0,1.0,0
-0.09019514176873734,-1.5416065971312527,-0.3615163790693743,0.35788057690850583,0.9925279152401798,1.321986975540789,1.0,0.0,1.0,0.0,0.0,0.0,0.0,1.0,0.0,0.0,0.0,0.0,0.0,1.0,1.0,0.0,0
0.8217431298928648,-0.1220745679957994,0.9926611633697363,0.08303474355832828,0.9925279152401798,-0.5476350216119478,0.0,1.0,1.0,0.0,0.0,0.0,0.0,0.0,0.0,1.0,0.0,1.0,0.0,0.0,0.0,0.0,0
0.2123263472317145,0.39720508482345845,1.9950386978911658,-0.8249744540281834,-1.0075283371329782,0.008198545109136179,0.0,0.0,1.0,0.0,0.0,0.0,1.0,1.0,0.0,0.0,0.0,0.0,0.0,1.0,1.0,1.0,0
1.1745633724861615,0.3129635915089548,-0.4633532234665977,1.4134921664793707,0.9925279152401798,0.9177443815618189,0.0,1.0,0.0,0.0,0.0,1.0,0.0,0.0,1.0,0.0,0.0,1.0,0.0,0.0,0.0,0.0,1
-0.03698051840239259,0.34439698453675494,-0.7015336116022521,-0.7903642379766792,-1.0075283371329782,0.1597895178512499,0.0,1.0,0.0,1.0,0.0,0.0,1.0,1.0,0.0,0.0,0.0,1.0,1.0,0.0,1.0,0.0,0
0.3697833150006239,0.7090243436592362,0.32693435412838406,0.25099608616121494,-1.0075283371329782,-0.5476350216119478,1.0,0.0,1.0,0.0,0.0,0.0,1.0,1.0,0.0,0.0,0.0,1.0,0.0,0.0,0.0,1.0,0
0.6912579575288142,0.6021508073647156,0.0441477448931193,-1.873460410882563,-1.0075283371329782,-0.04233177913823491,1.0,0.0,1.0,0.0,0.0,0.0,0.0,1.0,0.0,0.0,1.0,0.0,0.0,0.0,1.0,1.0,0
1.1381150003174325,-0.4753859056282726,1.1635114064493757,0.6235648824803437,-1.0075283371329782,0.56403211183022,0.0,1.0,0.0,0.0,0.0,0.0,0.0,0.0,0.0,1.0,0.0,1.0,0.0,0.0,1.0,1.0,0
0.09496258884840687,1.515605208752587,0.5558568473188364,-1.9039988368103609,0.9925279152401798,-1.2550595610751456,0.0,0.0,1.0,0.0,0.0,1.0,0.0,0.0,1.0,0.0,0.0,0.0,1.0,0.0,1.0,1.0,0
0.9463965627099178,0.24632479829001844,0.5566984741320359,-1.8245989293980873,-1.0075283371329782,1.9788811907566157,0.0,0.0,0.0,1.0,0.0,1.0,0.0,0.0,0.0,0.0,0.0,0.0,0.0,1.0,1.0,0.0,1
-0.5465287613212259,-0.09881385715522747,-0.21254843313294047,0.7335032158204144,0.9925279152401798,-0.5476350216119478,0.0,1.0,0.0,1.0,0.0,0.0,1.0,0.0,0.0,0.0,0.0,0.0,0.0,1.0,1.0,0.0,0
-2.1050611552560814,0.058353107983773134,-0.0711551285153075,-0.7750950250127814,-1.0075283371329782,0.3113804905933636,0.0,1.0,1.0,0.0,0.0,0.0,0.0,0.0,0.0,1.0,1.0,0.0,0.0,1.0,0.0,0.0,0
0.6963607296324368,-0.599233474157805,0.00879941873871106,-1.365504592950198,-1.0075283371329782,0.7661534088197052,0.0,0.0,1.0,0.0,0.0,0.0,0.0,1.0,0.0,0.0,1.0,0.0,0.0,1.0,1.0,0.0,0
0.45580147331882404,1.3722689365458185,-0.9043656735834983,2.5515575060552904,0.9925279152401798,0.6145624360775915,0.0,0.0,0.0,0.0,0.0,0.0,1.0,1.0,0.0,0.0,0.0,0.0,0.0,0.0,1.0,0.0,0
0.44049315700795827,0.4261238064090351,-0.3413173355525701,-0.7995257657550188,0.9925279152401798,1.321986975540789,0.0,0.0,0.0,0.0,0.0,0.0,0.0,0.0,0.0,1.0,0.0,1.0,0.0,1.0,0.0,0.0,0
-0.35991309581733283,0.5713460821974718,1.4984788781030527,-0.06354970089509936,0.9925279152401798,1.4230476240355316,1.0,0.0,1.0,0.0,0.0,0.0,1.0,1.0,0.0,0.0,0.0,0.0,1.0,0.0,0.0,0.0,0
-0.9751616180254796,0.41166444561624677,-1.097939840619543,-0.02384974718896258,0.9925279152401798,0.6145624360775915,1.0,0.0,0.0,1.0,0.0,0.0,0.0,1.0,0.0,0.0,0.0,1.0,0.0,0.0,1.0,0.0,0
-0.7192940454010016,1.0397036383116929,-0.5458326511602163,-0.45138771017812745,0.9925279152401798,-0.29498340037509146,0.0,1.0,0.0,0.0,0.0,0.0,0.0,0.0,0.0,0.0,0.0,1.0,0.0,0.0,0.0,0.0,0
-0.613593766111687,0.1124185439915893,-0.9994695034751203,-0.1582188212712722,-1.0075283371329782,0.21031984209862142,0.0,0.0,0.0,0.0,0.0,0.0,1.0,0.0,0.0,0.0,1.0,0.0,0.0,1.0,0.0,0.0,0
-0.20464303037854617,-1.0179262692881028,0.24866306050076556,-0.7333591762447904,-1.0075283371329782,0.058728869356507264,0.0,1.0,0.0,0.0,0.0,0.0,1.0,0.0,1.0,0.0,0.0,0.0,0.0,1.0,1.0,1.0,0
-1.1136654322666502,1.4998885122386871,0.7334401049040771,0.7864364874285963,-1.0075283371329782,1.5746385967776453,0.0,1.0,1.0,0.0,0.0,0.0,0.0,1.0,0.0,0.0,1.0,0.0,1.0,0.0,1.0,0.0,0
1.6367287315856467,-0.45338253050881244,0.3521831585243896,-1.5874171546921931,0.9925279152401798,0.4629714633354778,0.0,0.0,0.0,0.0,0.0,0.0,0.0,0.0,1.0,0.0,1.0,0.0,0.0,1.0,1.0,1.0,0
1.0703210280835969,1.1434338353034337,0.3286176077547841,0.49326759852174107,-1.0075283371329782,0.7661534088197052,1.0,0.0,0.0,0.0,0.0,0.0,1.0,0.0,1.0,0.0,1.0,0.0,1.0,0.0,0.0,0.0,0
-0.9037228085747704,-0.5501973810344367,-0.47261111841179976,1.0154746818870775,0.9925279152401798,0.3619108148407351,1.0,0.0,0.0,0.0,0.0,0.0,1.0,1.0,0.0,0.0,0.0,0.0,0.0,0.0,1.0,1.0,0
-1.6057184565444929,-0.11515922152968341,-0.578656096875024,0.057586055285163716,-1.0075283371329782,-0.6486956701066902,0.0,1.0,1.0,0.0,0.0,0.0,1.0,0.0,1.0,0.0,0.0,1.0,0.0,1.0,0.0,0.0,0
0.37561505454762045,1.3420928792391302,0.09380372687192977,-0.6844976947603154,0.9925279152401798,0.7156230845723341,1.0,0.0,0.0,0.0,0.0,1.0,0.0,1.0,0.0,0.0,1.0,0.0,0.0,0.0,1.0,0.0,1
0.24002711007994829,1.3829562901752708,-1.0365010832559287,-0.493123558946117,0.9925279152401798,-1.3055898853225167,0.0,1.0,1.0,0.0,0.0,1.0,0.0,0.0,1.0,0.0,1.0,0.0,1.0,0.0,1.0,1.0,0
-1.8630439640557201,-1.0342716336625588,-0.5390996366546149,-1.0896408120690941,0.9925279152401798,1.3725172997881605,0.0,1.0,0.0,0.0,0.0,0.0,1.0,0.0,1.0,0.0,0.0,0.0,0.0,1.0,1.0,1.0,1
0.41279239415972446,-0.1729966647008353,0.001224777419909036,0.4372804843207793,0.9925279152401798,-2.265666046022571,0.0,1.0,0.0,1.0,0.0,1.0,0.0,0.0,0.0,1.0,0.0,1.0,0.0,0.0,1.0,0.0,1
1.5237387778625866,-0.04034774612351882,0.6164539778692502,0.10848343183149284,-1.0075283371329782,0.7156230845723341,0.0,0.0,1.0,0.0,0.0,0.0,0.0,0.0,1.0,0.0,0.0,0.0,0.0,0.0,0.0,1.0,0
0.20795254257146684,-0.9751768547702947,0.8495846051257033,1.3707383701804556,0.9925279152401798,-0.14339242763297752,1.0,0.0,1.0,0.0,0.0,1.0,0.0,0.0,0.0,0.0,0.0,0.0,0.0,1.0,0.0,0.0,1
0.4623621803091955,-0.5891747883889092,0.8192860398504964,-0.14498550336922564,0.9925279152401798,-0.4971046973645765,1.0,0.0,0.0,1.0,0.0,0.0,0.0,0.0,0.0,0.0,0.0,0.0,0.0,1.0,1.0,0.0,0
-0.36574483536432933,1.1013130886461813,0.03404822313471661,-0.14294960830737288,-1.0075283371329782,0.4629714633354778,1.0,0.0,1.0,0.0,0.0,1.0,0.0,0.0,0.0,1.0,0.0,0.0,0.0,1.0,1.0,0.0,1
1.8619796715883927,-1.0210696085908828,-1.6332144938148656,1.6893559473604753,0.9925279152401798,-1.0024079398382892,0.0,1.0,1.0,0.0,0.0,0.0,1.0,0.0,1.0,0.0,0.0,1.0,1.0,0.0,0.0,0.0,0
0.5126609339020415,0.24695346615057387,-1.072691036223537,-1.0916767071309483,0.9925279152401798,1.0693353543039326,0.0,1.0,0.0,1.0,0.0,0.0,1.0,1.0,0.0,0.0,1.0,0.0,0.0,1.0,0.0,0.0,0
0.3245873335113995,-0.5250506666121968,-1.9059015812917284,0.7151801602637353,0.9925279152401798,-0.6992259943540615,0.0,1.0,0.0,1.0,0.0,0.0,0.0,1.0,0.0,0.0,0.0,1.0,1.0,0.0,1.0,0.0,0
2.0522401743091585,-0.6721589459823015,-1.0365010832559287,-1.6800503800065123,-1.0075283371329782,0.8166837330670763,0.0,1.0,0.0,1.0,0.0,0.0,1.0,1.0,0.0,0.0,0.0,0.0,1.0,0.0,0.0,0.0,0
0.8982847114471957,2.1354717192608055,0.2503463141271656,-0.3485750095545421,0.9925279152401798,-0.24445307612772016,0.0,0.0,0.0,1.0,0.0,0.0,0.0,1.0,0.0,0.0,0.0,1.0,0.0,0.0,0.0,1.0,0
-0.09529791387235892,-1.7088322480391491,-0.02907378785529786,-0.5368953027759608,-1.0075283371329782,1.1198656785513041,0.0,1.0,0.0,1.0,0.0,1.0,0.0,0.0,1.0,0.0,0.0,0.0,1.0,0.0,0.0,0.0,1
0.28157825435229894,1.3999303224102826,1.0902898737009583,-1.1486817688628366,0.9925279152401798,1.0693353543039326,0.0,0.0,1.0,0.0,0.0,1.0,0.0,0.0,0.0,0.0,0.0,0.0,0.0,1.0,0.0,1.0,0
0.4018578825091053,-0.2578668258758957,-0.6560857636894418,-0.9898819540382902,0.9925279152401798,0.6650927603249626,1.0,0.0,0.0,1.0,0.0,1.0,0.0,0.0,1.0,0.0,0.0,0.0,0.0,1.0,1.0,0.0,1
-1.3607853955706333,-0.2258047649875397,1.4395650011790389,1.3534332621547034,-1.0075283371329782,0.8166837330670763,1.0,0.0,1.0,0.0,0.0,0.0,0.0,0.0,1.0,0.0,0.0,0.0,1.0,0.0,0.0,0.0,0
-0.5494446310947236,-1.921950652767634,0.21415636115955794,-0.45647744783276006,0.9925279152401798,-1.2550595610751456,1.0,0.0,0.0,1.0,0.0,1.0,0.0,0.0,0.0,0.0,0.0,1.0,0.0,1.0,0.0,1.0,0
-0.5253887054633626,1.706091570501056,0.09043721961912968,-1.5599325713571757,-1.0075283371329782,0.21031984209862142,0.0,1.0,1.0,0.0,0.0,0.0,1.0,0.0,0.0,1.0,1.0,0.0,0.0,1.0,0.0,1.0,0
0.9544152045870382,-0.20317272200752368,-1.475830279746429,-0.1795957194207298,0.9925279152401798,0.7156230845723341,0.0,0.0,1.0,0.0,0.0,0.0,0.0,1.0,0.0,0.0,0.0,1.0,0.0,0.0,1.0,0.0,0
1.244544247050122,1.2006426106140295,-0.6813345680854473,-0.42390312684311016,-1.0075283371329782,-0.04233177913823491,0.0,0.0,1.0,0.0,0.0,0.0,1.0,0.0,1.0,0.0,1.0,0.0,0.0,0.0,1.0,1.0,0
0.20941047745821573,-0.7419410785040178,0.25876258225916826,0.7365570584131943,-1.0075283371329782,-1.558241506559373,0.0,0.0,0.0,1.0,0.0,0.0,1.0,0.0,0.0,0.0,1.0,0.0,0.0,0.0,0.0,1.0,1
-0.3125302119979846,0.03320639356153357,1.1971764789773827,1.0215823670726372,-1.0075283371329782,-0.9013472913435465,1.0,0.0,0.0,1.0,0.0,0.0,0.0,0.0,0.0,0.0,0.0,1.0,1.0,0.0,1.0,1.0,0
0.4980815850345507,-1.5057725290795607,-1.6458388960128685,0.23267303060453576,0.9925279152401798,0.8672140573144478,1.0,0.0,0.0,1.0,0.0,1.0,0.0,0.0,1.0,0.0,0.0,1.0,0.0,1.0,1.0,1.0,0
-0.33294130041247294,0.09670184747768924,-0.994419742595919,-2.4180623399282846,0.9925279152401798,0.9177443815618189,1.0,0.0,0.0,0.0,0.0,1.0,0.0,0.0,0.0,0.0,0.0,0.0,0.0,0.0,1.0,1.0,0
-0.3103433096678607,0.9227714162482765,0.2882195207211745,-0.33737758671434975,-1.0075283371329782,0.008198545109136179,0.0,1.0,1.0,0.0,0.0,0.0,1.0,0.0,0.0,1.0,0.0,0.0,1.0,0.0,1.0,0.0,0
-0.1506994395688275,1.8098217674927959,0.6450692895180571,-0.4340826021523754,0.9925279152401798,-0.4971046973645765,1.0,0.0,0.0,0.0,0.0,0.0,0.0,1.0,0.0,0.0,1.0,0.0,1.0,0.0,0.0,1.0,0
-0.8833117201602825,0.5996361359224912,-0.48860202786260326,-0.26815715461134293,0.9925279152401798,-0.19392275188034908,0.0,0.0,0.0,1.0,0.0,1.0,0.0,0.0,0.0,0.0,0.0,1.0,1.0,0.0,1.0,1.0,0
-0.6186965382153091,1.2622520609485182,0.41109703544840337,-0.7323412287138648,0.9925279152401798,-0.9013472913435465,0.0,1.0,0.0,0.0,0.0,0.0,0.0,1.0,0.0,0.0,1.0,0.0,0.0,1.0,0.0,1.0,0
0.5017264222514234,-1.2404746919249277,-1.3420116164475988,0.19704486702210597,0.9925279152401798,0.21031984209862142,1.0,0.0,0.0,1.0,0.0,1.0,0.0,1.0,0.0,0.0,1.0,0.0,1.0,0.0,1.0,0.0,1
0.6752206737745735,-0.7079930140339937,-0.7966374414938742,-0.008580534225064712,-1.0075283371329782,-0.5476350216119478,0.0,1.0,1.0,0.0,0.0,0.0,0.0,0.0,0.0,1.0,0.0,1.0,1.0,0.0,0.0,0.0,0
-0.058120574260255915,-0.45338253050881244,0.7342817317172765,-0.027921537312669546,0.9925279152401798,-0.5476350216119478,1.0,0.0,0.0,0.0,0.0,0.0,0.0,0.0,0.0,0.0,0.0,1.0,0.0,0.0,0.0,0.0,0
1.5164491034288412,0.38966107049678705,-1.5507350661212465,-0.9186256268734291,0.9925279152401798,-1.356120209569888,0.0,0.0,1.0,0.0,0.0,0.0,1.0,0.0,0.0,0.0,0.0,0.0,0.0,0.0,0.0,1.0,1
-0.9059097109048941,-0.6916476496595373,-2.52618054262027,-1.2687995775121732,-1.0075283371329782,0.4629714633354778,0.0,0.0,1.0,0.0,0.0,1.0,0.0,1.0,0.0,0.0,0.0,0.0,1.0,0.0,1.0,0.0,1
0.8436121531941021,-2.621657981566465,0.34040038313958687,1.3554691572165563,-1.0075283371329782,-0.09286210338560645,1.0,0.0,1.0,0.0,0.0,0.0,1.0,0.0,0.0,0.0,0.0,0.0,1.0,0.0,0.0,0.0,0
1.846671355277527,-0.807322536001842,-1.3874594643604092,1.781989172674794,0.9925279152401798,-0.39604404886983385,0.0,0.0,0.0,0.0,0.0,0.0,0.0,1.0,0.0,0.0,0.0,1.0,0.0,0.0,0.0,1.0,0
-0.915386287668764,0.16836998358107355,-0.732673803690659,-2.3060881115263605,-1.0075283371329782,1.7767598937671305,1.0,0.0,1.0,0.0,0.0,0.0,0.0,0.0,0.0,0.0,0.0,1.0,1.0,0.0,0.0,0.0,0
-1.4424297492285862,-2.065286924974403,0.4026807673164007,1.5885791417987443,0.9925279152401798,-1.6087718308067445,0.0,0.0,0.0,0.0,0.0,1.0,0.0,0.0,1.0,0.0,0.0,1.0,1.0,0.0,1.0,1.0,0
-1.634877154279476,-0.9223687544835903,0.4237214376464055,-0.7119822780953328,-1.0075283371329782,0.5135017875828488,0.0,0.0,1.0,0.0,0.0,0.0,0.0,0.0,1.0,0.0,0.0,0.0,0.0,1.0,0.0,1.0,0
-0.9751616180254796,-0.21574607921864344,0.8588425000709053,-0.5073748243790892,0.9925279152401798,0.008198545109136179,1.0,0.0,0.0,0.0,0.0,0.0,0.0,1.0,0.0,0.0,1.0,0.0,0.0,0.0,1.0,1.0,0
1.2226752237488847,1.1245737994867537,0.1998487053351545,-0.7323412287138648,0.9925279152401798,0.9177443815618189,0.0,1.0,0.0,1.0,0.0,0.0,0.0,0.0,0.0,1.0,1.0,0.0,0.0,0.0,0.0,0.0,0
1.3414969170189412,-0.7023350032889895,-0.3076522630245619,-0.193846984853702,0.9925279152401798,0.4629714633354778,0.0,0.0,1.0,0.0,0.0,0.0,1.0,0.0,0.0,1.0,1.0,0.0,0.0,0.0,0.0,0.0,0
-0.08290546733499195,0.44812718152849484,-0.4145388683009861,1.3849896356134277,0.9925279152401798,0.41244113908810626,1.0,0.0,0.0,1.0,0.0,1.0,0.0,0.0,1.0,0.0,0.0,0.0,0.0,0.0,0.0,1.0,0
1.0280409163678712,-1.9716154137515582,0.08370420511352827,1.3381640491908042,-1.0075283371329782,0.21031984209862142,0.0,1.0,0.0,0.0,0.0,0.0,0.0,0.0,1.0,0.0,1.0,0.0,0.0,0.0,0.0,0.0,0
1.0098167302835068,-0.05857911407964328,0.13504344071874,1.628279095504881,0.9925279152401798,-1.356120209569888,0.0,0.0,1.0,0.0,0.0,0.0,1.0,0.0,0.0,0.0,0.0,0.0,0.0,0.0,1.0,0.0,1
0.7335380692445398,0.9372307770410648,-0.3219599188489653,-1.4255634972748668,0.9925279152401798,-1.6593021550541156,1.0,0.0,1.0,0.0,0.0,0.0,0.0,0.0,0.0,0.0,0.0,0.0,1.0,0.0,1.0,1.0,0
-0.18641884429418165,0.4192084599429191,-0.5374163830282143,-0.9705409509506839,-1.0075283371329782,0.2608501663459925,0.0,0.0,1.0,0.0,0.0,1.0,0.0,0.0,0.0,0.0,0.0,1.0,0.0,0.0,0.0,1.0,0
1.592990684983172,0.06212511514710929,-0.4911269083022039,0.70500068495447,0.9925279152401798,1.2714566512934178,0.0,0.0,0.0,1.0,0.0,0.0,1.0,0.0,0.0,0.0,0.0,1.0,0.0,1.0,1.0,0.0,0
-0.9562084644977407,0.2243214231705578,1.3915922728266272,-1.0947305497237267,0.9925279152401798,1.0693353543039326,1.0,0.0,0.0,0.0,0.0,0.0,1.0,0.0,0.0,1.0,1.0,0.0,1.0,0.0,0.0,0.0,0
-0.09967171853260658,0.0740698044976732,0.2368802851159628,1.0734976911498932,-1.0075283371329782,-0.7497563186014329,1.0,0.0,0.0,0.0,0.0,0.0,0.0,0.0,0.0,0.0,0.0,1.0,0.0,1.0,1.0,0.0,0
-0.6456683336201685,0.37834504900677857,0.02394870137631391,1.3463076294382166,-1.0075283371329782,2.231532811993472,0.0,0.0,1.0,0.0,0.0,1.0,0.0,1.0,0.0,0.0,1.0,0.0,0.0,1.0,1.0,0.0,1
-1.196038753367978,0.9504328021127413,0.15776736467514485,0.8037415954543484,-1.0075283371329782,-1.4571808580646306,0.0,1.0,1.0,0.0,0.0,1.0,0.0,0.0,0.0,0.0,0.0,1.0,0.0,1.0,0.0,0.0,1
-1.0713853205509245,-0.5860314490861289,1.004443938754539,-1.1741304571360012,-1.0075283371329782,-0.9518776155909179,0.0,1.0,1.0,0.0,0.0,1.0,0.0,0.0,0.0,0.0,1.0,0.0,1.0,0.0,1.0,1.0,0
0.7590519297626508,0.0841284902665699,-0.6140044230294321,0.7528442189080193,-1.0075283371329782,-1.1034685883330317,0.0,1.0,0.0,0.0,0.0,0.0,1.0,0.0,0.0,0.0,0.0,1.0,0.0,1.0,0.0,1.0,0
0.04685073758568369,-0.8601306362885459,-0.8218862458898797,2.0486914257775592,0.9925279152401798,-0.9518776155909179,0.0,1.0,0.0,1.0,0.0,0.0,1.0,1.0,0.0,0.0,0.0,0.0,1.0,0.0,0.0,1.0,0
0.619090180634731,-1.2587060598810518,0.6829424961120648,-0.18366750954443675,-1.0075283371329782,-2.0635447490330856,1.0,0.0,0.0,0.0,0.0,1.0,0.0,0.0,0.0,1.0,0.0,1.0,0.0,1.0,0.0,0.0,1
0.643146106266092,-0.4955032771660647,-1.6635130590900726,-1.1690407194813677,0.9925279152401798,0.9682747058091904,1.0,0.0,1.0,0.0,0.0,1.0,0.0,0.0,0.0,0.0,0.0,1.0,0.0,1.0,0.0,0.0,1
-0.010737690440907685,-0.293072226067032,0.16197549874114558,-0.48803382129148437,-1.0075283371329782,1.4230476240355316,0.0,0.0,1.0,0.0,0.0,1.0,0.0,0.0,0.0,0.0,0.0,1.0,0.0,1.0,0.0,0.0,1
0.544006533967149,-0.628780863603937,0.34040038313958687,-0.31091095091025955,-1.0075283371329782,0.9177443815618189,0.0,0.0,0.0,1.0,0.0,0.0,0.0,1.0,0.0,0.0,1.0,0.0,0.0,0.0,1.0,0.0,0
-0.6194255056586836,0.10361719394380524,-1.814164258652907,-0.5715055188274649,0.9925279152401798,0.6650927603249626,1.0,0.0,1.0,0.0,0.0,0.0,0.0,0.0,0.0,1.0,0.0,0.0,1.0,0.0,1.0,1.0,0
0.34208255215239014,-0.18305535046973156,1.134054467987368,-2.5381801485776214,-1.0075283371329782,0.7156230845723341,1.0,0.0,1.0,0.0,0.0,0.0,0.0,1.0,0.0,0.0,1.0,0.0,0.0,0.0,0.0,1.0,0
1.321814796047828,0.6335842003925157,-0.3362675746733687,-0.5501286206780058,0.9925279152401798,-1.0529382640856604,0.0,1.0,0.0,1.0,0.0,0.0,0.0,1.0,0.0,0.0,0.0,1.0,0.0,1.0,0.0,0.0,0
-0.07124198824099785,0.4424691707834906,-0.22264795489134198,-2.363093173258249,-1.0075283371329782,1.7262295695197594,0.0,1.0,0.0,0.0,0.0,0.0,0.0,1.0,0.0,0.0,0.0,1.0,0.0,1.0,0.0,0.0,0
-0.23015689089665717,2.1493024121930375,0.7864625941356889,0.30291141023846974,0.9925279152401798,-0.39604404886983385,0.0,0.0,1.0,0.0,0.0,0.0,0.0,0.0,0.0,1.0,0.0,1.0,0.0,0.0,1.0,0.0,0
1.6797378107447472,0.20294671591165442,0.32356784687558277,-0.04929843546212714,-1.0075283371329782,-1.6087718308067445,0.0,0.0,0.0,1.0,0.0,0.0,1.0,0.0,1.0,0.0,0.0,1.0,0.0,0.0,0.0,0.0,1
-0.6033882219044429,0.09481584389602117,0.17712478137874962,1.603848354762642,0.9925279152401798,-1.2045292368277742,1.0,0.0,1.0,0.0,0.0,0.0,0.0,0.0,0.0,1.0,0.0,0.0,0.0,0.0,0.0,1.0,0
0.9055743858809411,1.3754122758485985,1.1391042288665694,1.1946334473301563,-1.0075283371329782,-0.7497563186014329,0.0,0.0,0.0,1.0,0.0,1.0,0.0,0.0,0.0,0.0,0.0,0.0,1.0,0.0,0.0,0.0,1
-0.4962300077283789,1.6381954415610078,-0.3068106362113613,1.4745690183349665,0.9925279152401798,-2.265666046022571,0.0,0.0,1.0,0.0,0.0,0.0,1.0,0.0,0.0,1.0,1.0,0.0,1.0,0.0,1.0,1.0,0
-0.11425106740009842,0.2337514410788982,-0.8471350502858852,0.6144033547020041,0.9925279152401798,-2.265666046022571,0.0,0.0,0.0,1.0,0.0,1.0,0.0,0.0,0.0,1.0,1.0,0.0,0.0,0.0,1.0,0.0,1
-0.03552258351564371,-1.4850264896812126,-0.6687101658874446,0.6520674133462881,0.9925279152401798,0.3619108148407351,0.0,1.0,0.0,0.0,0.0,1.0,0.0,0.0,0.0,0.0,1.0,0.0,0.0,1.0,1.0,0.0,1
-0.7134623058540045,0.7354283938025884,0.09212047324552972,1.5753458238966978,0.9925279152401798,0.058728869356507264,1.0,0.0,1.0,0.0,0.0,0.0,1.0,0.0,0.0,1.0,0.0,0.0,1.0,0.0,0.0,1.0,0
1.5259256801927106,0.29473222355283035,0.8310688152352992,0.16039875590874905,0.9925279152401798,0.7661534088197052,1.0,0.0,0.0,1.0,0.0,0.0,0.0,0.0,1.0,0.0,0.0,1.0,0.0,0.0,0.0,1.0,0
-0.08071856500486811,1.3879856330597187,0.28148650621557314,-0.03199332743637506,-1.0075283371329782,-0.8508169670961755,0.0,1.0,1.0,0.0,0.0,1.0,0.0,0.0,0.0,0.0,0.0,1.0,0.0,1.0,1.0,0.0,1
1.7234758573472218,-0.6231228528589333,-1.3369618555683975,-0.7995257657550188,0.9925279152401798,1.0188050300565614,0.0,1.0,1.0,0.0,0.0,0.0,0.0,0.0,0.0,1.0,0.0,0.0,1.0,0.0,1.0,0.0,0
0.06288802133992441,0.4097784420345787,-1.1307632863343506,-0.5491106731470787,0.9925279152401798,1.1703960027986753,1.0,0.0,1.0,0.0,0.0,1.0,0.0,0.0,1.0,0.0,1.0,0.0,0.0,0.0,0.0,0.0,1
-0.46852924488014513,0.025662379234861258,1.2224252833733893,0.9157158238562734,0.9925279152401798,-1.2550595610751456,0.0,1.0,1.0,0.0,0.0,1.0,0.0,0.0,0.0,1.0,0.0,1.0,1.0,0.0,0.0,0.0,1
2.0522401743091585,-0.14533527883637135,-1.727476696893287,0.38536516024352313,0.9925279152401798,-1.911953776290972,0.0,0.0,1.0,0.0,0.0,0.0,0.0,0.0,0.0,0.0,0.0,1.0,0.0,1.0,0.0,0.0,0
-1.389215125862242,1.137147156697874,0.22930564379716079,-0.6824617996984612,-1.0075283371329782,0.6650927603249626,1.0,0.0,1.0,0.0,0.0,0.0,0.0,0.0,1.0,0.0,1.0,0.0,1.0,0.0,1.0,0.0,0
0.9857608046521457,-1.3410615496138882,0.8723085290821082,-1.0183844849042332,-1.0075283371329782,-1.356120209569888,1.0,0.0,0.0,0.0,0.0,0.0,1.0,0.0,0.0,0.0,1.0,0.0,0.0,0.0,0.0,0.0,1
0.07017769577367085,-0.839384596890198,1.2939635624954053,-1.2290996238060365,-1.0075283371329782,1.9283508665092448,1.0,0.0,0.0,1.0,0.0,1.0,0.0,0.0,0.0,1.0,0.0,0.0,0.0,0.0,1.0,0.0,1
0.2961576032197908,-0.44835318762436455,1.0557831743597508,1.6995354226697406,-1.0075283371329782,0.1597895178512499,0.0,0.0,0.0,0.0,0.0,0.0,1.0,1.0,0.0,0.0,1.0,0.0,0.0,1.0,1.0,0.0,0
-0.08217649989161699,2.1493024121930375,1.0162267141393417,-0.6285105805593523,0.9925279152401798,0.008198545109136179,1.0,0.0,1.0,0.0,0.0,0.0,0.0,0.0,0.0,0.0,0.0,1.0,0.0,0.0,0.0,1.0,0
0.44413799422483097,0.9812375272799851,1.3107960987594094,0.39554463555278835,0.9925279152401798,2.282063136240843,0.0,1.0,1.0,0.0,0.0,0.0,1.0,0.0,1.0,0.0,0.0,0.0,0.0,1.0,1.0,1.0,0
1.0856293443944627,-0.09504184999189132,-0.29166135357375844,-0.6712643768582689,0.9925279152401798,0.008198545109136179,0.0,0.0,0.0,1.0,0.0,0.0,0.0,0.0,1.0,0.0,0.0,1.0,0.0,0.0,1.0,0.0,0
2.0522401743091585,-0.9116814008541382,-0.18140824104453296,0.25913966640862746,-1.0075283371329782,2.282063136240843,0.0,1.0,0.0,1.0,0.0,0.0,1.0,0.0,0.0,1.0,1.0,0.0,1.0,0.0,1.0,1.0,0
0.5359878920900286,0.5550007178230154,-0.6241039447878343,0.2947678299910572,0.9925279152401798,0.8672140573144478,1.0,0.0,1.0,0.0,0.0,0.0,0.0,0.0,0.0,1.0,0.0,0.0,1.0,0.0,0.0,1.0,0
0.41279239415972446,-0.43955183757658045,-1.1501207030379548,-0.6875515373530938,0.9925279152401798,1.1703960027986753,0.0,1.0,1.0,0.0,0.0,0.0,1.0,1.0,0.0,0.0,0.0,1.0,1.0,0.0,1.0,0.0,0
0.418624133706721,0.5172806461896556,-1.6946532511784795,1.3157692035104194,0.9925279152401798,1.1703960027986753,0.0,0.0,1.0,0.0,0.0,0.0,0.0,0.0,0.0,0.0,0.0,1.0,0.0,0.0,1.0,1.0,0
0.1335978633472598,-1.5032578576373368,-1.4413235804052216,0.3334498361662669,0.9925279152401798,0.008198545109136179,0.0,1.0,0.0,1.0,0.0,0.0,0.0,0.0,1.0,0.0,0.0,1.0,0.0,1.0,1.0,1.0,0
-0.36137103070408166,-0.8959647043402381,-0.8530264379782866,1.5641484010565054,-1.0075283371329782,0.008198545109136179,0.0,0.0,0.0,0.0,0.0,1.0,0.0,1.0,0.0,0.0,0.0,1.0,1.0,0.0,1.0,0.0,1
0.4076896220561019,-0.037204406820738986,-0.412855614674586,-0.03199332743637506,0.9925279152401798,0.9682747058091904,0.0,1.0,1.0,0.0,0.0,1.0,0.0,0.0,0.0,0.0,0.0,0.0,0.0,0.0,1.0,1.0,0
-0.9846381947893489,1.0334169597061331,-0.7848546661090714,2.1168939103496403,-1.0075283371329782,0.7661534088197052,1.0,0.0,1.0,0.0,0.0,1.0,0.0,0.0,0.0,1.0,1.0,0.0,0.0,1.0,1.0,0.0,1
-0.013653560214406469,0.28153019848115474,-0.30007762170575986,-0.5409670928996663,-1.0075283371329782,1.3725172997881605,1.0,0.0,1.0,0.0,0.0,1.0,0.0,0.0,0.0,1.0,1.0,0.0,0.0,1.0,1.0,1.0,0
2.0522401743091585,-0.5061906307955168,-1.4547896094164243,1.1539155460930925,0.9925279152401798,0.1092591936038788,0.0,0.0,0.0,0.0,0.0,0.0,1.0,0.0,0.0,0.0,1.0,0.0,1.0,0.0,0.0,0.0,0
1.0462651024522358,0.11116120827047755,-1.4800384138124305,-0.7588078645179549,0.9925279152401798,0.41244113908810626,0.0,0.0,1.0,0.0,0.0,0.0,1.0,0.0,0.0,0.0,0.0,0.0,0.0,0.0,0.0,0.0,0
-0.20828786759541992,0.6826202935158839,-0.2066570454405385,-1.0010793768784825,0.9925279152401798,-0.8002866428488041,0.0,1.0,1.0,0.0,0.0,0.0,1.0,0.0,0.0,0.0,0.0,0.0,0.0,1.0,1.0,1.0,0
-0.059578509147004785,0.8460739372604442,-1.1905187900715644,-2.251118944856325,0.9925279152401798,-0.8002866428488041,1.0,0.0,1.0,0.0,0.0,0.0,1.0,0.0,0.0,0.0,0.0,1.0,0.0,1.0,1.0,0.0,0
-0.007821820667409938,-1.629620097609093,0.494418089955222,0.9309850368201712,-1.0075283371329782,-0.09286210338560645,1.0,0.0,1.0,0.0,0.0,1.0,0.0,0.0,1.0,0.0,1.0,0.0,0.0,1.0,1.0,0.0,1
-1.8039976011423788,0.8907093553599209,-0.6215790643482335,0.9747567806500149,-1.0075283371329782,-0.6992259943540615,1.0,0.0,1.0,0.0,0.0,1.0,0.0,0.0,0.0,0.0,1.0,0.0,0.0,1.0,0.0,0.0,1
0.16275656108224243,-0.10321453217911906,-1.4497398485372237,0.8933209781758872,0.9925279152401798,0.058728869356507264,1.0,0.0,0.0,1.0,0.0,1.0,0.0,0.0,1.0,0.0,0.0,1.0,0.0,0.0,0.0,1.0,0
0.1999339006943465,-0.9588314903958384,-0.8908996445722955,1.1905616572064495,0.9925279152401798,0.3619108148407351,0.0,0.0,1.0,0.0,0.0,0.0,1.0,0.0,0.0,0.0,0.0,1.0,0.0,1.0,0.0,0.0,0
0.6329405620588479,0.7580604367826045,-0.5146924590718094,0.32225241332607457,-1.0075283371329782,-1.4571808580646306,0.0,1.0,1.0,0.0,0.0,0.0,1.0,0.0,0.0,1.0,1.0,0.0,1.0,0.0,1.0,1.0,0
0.4346614174609617,0.20106071232998632,0.6273951264408524,-0.2589956268330033,0.9925279152401798,1.4735779482829032,0.0,0.0,1.0,0.0,0.0,1.0,0.0,1.0,0.0,0.0,0.0,1.0,0.0,0.0,0.0,0.0,1
-1.1552165765390012,0.22369275531000238,0.30673531061157866,-1.063174176265004,0.9925279152401798,-0.04233177913823491,0.0,0.0,0.0,1.0,0.0,0.0,0.0,0.0,0.0,1.0,1.0,0.0,1.0,0.0,1.0,0.0,0
-0.570584686952587,-0.3703983729154201,-0.8723838546818914,0.4433881695063391,0.9925279152401798,-0.09286210338560645,1.0,0.0,0.0,1.0,0.0,0.0,1.0,0.0,0.0,0.0,1.0,0.0,0.0,1.0,0.0,0.0,0
-0.8366578037843092,-0.13087591804358348,-1.1526455834775555,-0.20097261757018883,-1.0075283371329782,-0.5981653458593191,0.0,1.0,1.0,0.0,0.0,0.0,0.0,0.0,0.0,0.0,0.0,1.0,0.0,0.0,1.0,1.0,0
1.5441498662770752,0.7039950007747883,0.24277167280836476,0.9238594041036858,0.9925279152401798,-1.0529382640856604,0.0,1.0,0.0,0.0,0.0,0.0,0.0,1.0,0.0,0.0,1.0,0.0,1.0,0.0,1.0,0.0,0
0.01113133286032956,0.02377637565319318,0.6509606772104578,0.6683545738411132,-1.0075283371329782,1.0188050300565614,0.0,1.0,1.0,0.0,0.0,0.0,0.0,0.0,0.0,0.0,0.0,0.0,0.0,0.0,1.0,1.0,0
-1.8849129873569574,0.6920503114242235,-1.5953412872208568,-0.07983686138992432,-1.0075283371329782,-0.44657437311720516,1.0,0.0,0.0,1.0,0.0,0.0,0.0,0.0,1.0,0.0,1.0,0.0,1.0,0.0,1.0,1.0,0
1.0958348886017069,1.3358062006335705,0.9960276706225364,1.83695833934483,-1.0075283371329782,-0.8002866428488041,0.0,0.0,0.0,1.0,0.0,1.0,0.0,1.0,0.0,0.0,1.0,0.0,1.0,0.0,1.0,0.0,1
0.5250533804394095,-0.20191538628641145,-0.5374163830282143,0.5034470738310063,-1.0075283371329782,-1.6087718308067445,0.0,0.0,1.0,0.0,0.0,0.0,0.0,0.0,1.0,0.0,0.0,0.0,0.0,0.0,0.0,1.0,1
1.1344701631005598,-0.05606444263741888,-0.6274704520406349,-1.1578432966411754,0.9925279152401798,-1.2045292368277742,0.0,1.0,0.0,0.0,0.0,1.0,0.0,0.0,1.0,0.0,1.0,0.0,1.0,0.0,0.0,1.0,0
0.4572594082055739,0.09167250459324133,0.584472158967642,-1.2056868305947246,0.9925279152401798,0.6650927603249626,1.0,0.0,0.0,1.0,0.0,1.0,0.0,1.0,0.0,0.0,0.0,1.0,0.0,0.0,1.0,1.0,0
1.3670107775370512,0.45064185297071924,-1.5709341096380511,1.131520700412708,0.9925279152401798,0.058728869356507264,1.0,0.0,1.0,0.0,0.0,0.0,0.0,0.0,0.0,0.0,0.0,1.0,1.0,0.0,1.0,0.0,0
1.5725795965686837,0.43115314929348303,0.5609066081980377,-0.5256978799357683,0.9925279152401798,1.0188050300565614,1.0,0.0,0.0,0.0,0.0,0.0,0.0,0.0,0.0,0.0,1.0,0.0,0.0,1.0,1.0,1.0,0
0.2721016775884297,0.5946067930380433,1.5127865339274549,1.4104383238865923,-1.0075283371329782,-1.1034685883330317,0.0,1.0,1.0,0.0,0.0,0.0,1.0,0.0,1.0,0.0,1.0,0.0,0.0,1.0,0.0,0.0,0
0.34426945448251295,-0.3905157444532122,1.3814927510682258,-1.8581911979186643,0.9925279152401798,-0.6486956701066902,1.0,0.0,0.0,0.0,0.0,1.0,0.0,1.0,0.0,0.0,0.0,0.0,1.0,0.0,1.0,0.0,1
1.5769534012289315,0.6725616077469881,-0.09724555972451367,-1.9335193152072316,-1.0075283371329782,-0.04233177913823491,1.0,0.0,1.0,0.0,0.0,0.0,0.0,0.0,0.0,1.0,1.0,0.0,0.0,0.0,1.0,1.0,0
-0.4597816355596498,0.28530220564449,0.7704716846848854,1.3656486325258215,-1.0075283371329782,0.8672140573144478,0.0,0.0,1.0,0.0,0.0,0.0,0.0,1.0,0.0,0.0,0.0,0.0,1.0,0.0,1.0,1.0,0
0.6030528968804902,0.17905733721052572,0.028998462255515257,0.9442183547222163,-1.0075283371329782,0.008198545109136179,0.0,0.0,1.0,0.0,0.0,0.0,1.0,0.0,0.0,1.0,0.0,0.0,0.0,1.0,0.0,0.0,0
0.4332034825742129,1.9028646108550844,-1.6887618634860782,1.3737922127732354,0.9925279152401798,0.5135017875828488,1.0,0.0,0.0,0.0,0.0,0.0,0.0,0.0,0.0,0.0,0.0,0.0,0.0,0.0,0.0,0.0,0
0.1109998726026476,0.7014803293325639,-0.2807202050021551,0.7518262713770922,0.9925279152401798,-0.8002866428488041,0.0,0.0,0.0,0.0,0.0,1.0,0.0,0.0,0.0,1.0,0.0,1.0,0.0,0.0,0.0,1.0,0
-0.5006038123886265,-1.368722935478352,0.7140826882004723,1.7107328455099329,0.9925279152401798,0.41244113908810626,1.0,0.0,0.0,1.0,0.0,0.0,1.0,0.0,0.0,1.0,1.0,0.0,0.0,0.0,0.0,1.0,0
-0.46415544021989746,0.7498877545953758,0.8495846051257033,0.2214756077643434,-1.0075283371329782,1.9788811907566157,1.0,0.0,1.0,0.0,0.0,0.0,0.0,0.0,0.0,1.0,1.0,0.0,0.0,1.0,1.0,1.0,0
1.443552359091383,1.1201731244628612,-0.13343551269212134,-0.16941624411146455,-1.0075283371329782,2.4336541089829575,1.0,0.0,0.0,0.0,0.0,1.0,0.0,0.0,1.0,0.0,0.0,1.0,1.0,0.0,1.0,1.0,0
0.9128640603146875,-0.4068611088276681,0.8571592464445054,-0.03097537990544941,0.9925279152401798,-1.2045292368277742,1.0,0.0,1.0,0.0,0.0,0.0,0.0,0.0,1.0,0.0,1.0,0.0,1.0,0.0,1.0,0.0,0
0.9719104232280288,-0.9280267652285945,1.4681803128278446,-0.20504440769389434,-1.0075283371329782,-0.04233177913823491,0.0,0.0,0.0,0.0,0.0,1.0,0.0,0.0,0.0,1.0,0.0,0.0,1.0,0.0,0.0,0.0,1
0.2655409705980582,1.2767114217413065,-1.4615226239220265,-0.12360860521976806,0.9925279152401798,1.1703960027986753,1.0,0.0,1.0,0.0,0.0,0.0,0.0,0.0,0.0,1.0,0.0,1.0,1.0,0.0,1.0,0.0,0
1.032414721028119,0.03446372928264533,-0.5803393505014246,1.9692915183652855,0.9925279152401798,-0.09286210338560645,0.0,0.0,1.0,0.0,0.0,0.0,1.0,0.0,0.0,0.0,1.0,0.0,0.0,1.0,1.0,0.0,0
1.1395729352041823,1.610534055696544,-0.817678111823879,-0.4605492379564671,0.9925279152401798,0.3619108148407351,1.0,0.0,0.0,1.0,0.0,0.0,0.0,0.0,0.0,1.0,1.0,0.0,1.0,0.0,0.0,0.0,0
-1.3513088188067637,-0.6765596210061936,-1.6576216713976712,-0.8840154108219249,0.9925279152401798,0.7156230845723341,0.0,0.0,1.0,0.0,0.0,1.0,0.0,0.0,0.0,1.0,0.0,0.0,1.0,0.0,0.0,0.0,1
0.580454906135878,-0.39365908375599246,0.16197549874114558,-1.4306532349294994,0.9925279152401798,-0.29498340037509146,1.0,0.0,1.0,0.0,0.0,0.0,0.0,1.0,0.0,0.0,1.0,0.0,1.0,0.0,0.0,1.0,0
0.1357847656773826,0.5317400069824431,0.4270879448992068,1.86953266033448,-1.0075283371329782,-0.8002866428488041,0.0,1.0,0.0,1.0,0.0,0.0,1.0,0.0,0.0,1.0,0.0,1.0,1.0,0.0,1.0,1.0,0
0.7612388320927747,0.5430560284724515,0.007957791925510436,0.5085368114856404,0.9925279152401798,0.21031984209862142,0.0,0.0,0.0,0.0,0.0,1.0,0.0,0.0,0.0,0.0,0.0,1.0,1.0,0.0,0.0,0.0,1
-0.545070826434476,0.8737353231249082,-1.455631236229625,-0.9766486361362436,0.9925279152401798,-1.4571808580646306,0.0,0.0,1.0,0.0,0.0,0.0,0.0,0.0,0.0,1.0,1.0,0.0,1.0,0.0,0.0,1.0,0
0.5709783293720089,0.23060810177611837,-0.36824939357497566,-0.1846854570753624,-1.0075283371329782,1.6251689210250169,0.0,1.0,1.0,0.0,0.0,0.0,1.0,1.0,0.0,0.0,0.0,0.0,0.0,1.0,0.0,0.0,0
-1.4234765957008473,-1.293911460072188,1.9277085528351505,-0.09510607435382364,0.9925279152401798,0.4629714633354778,0.0,1.0,1.0,0.0,0.0,0.0,0.0,1.0,0.0,0.0,0.0,0.0,0.0,0.0,0.0,0.0,0
-0.1703815605399409,0.22054941600722167,-0.17635848016533162,-0.28139047251338806,0.9925279152401798,-1.558241506559373,0.0,1.0,0.0,1.0,0.0,0.0,0.0,1.0,0.0,0.0,1.0,0.0,0.0,1.0,0.0,1.0,0
0.35666190101988093,1.4741131299558912,0.14850946972994278,-0.25492383670929636,0.9925279152401798,2.3325934604882144,0.0,0.0,0.0,0.0,0.0,0.0,1.0,0.0,1.0,0.0,0.0,0.0,1.0,0.0,1.0,0.0,0
0.2072235751280919,-1.2046406238732354,0.4195133035804048,-0.5745593614202433,-1.0075283371329782,0.6650927603249626,0.0,1.0,1.0,0.0,0.0,0.0,1.0,1.0,0.0,0.0,1.0,0.0,1.0,0.0,0.0,1.0,0
-1.096899181069035,-0.6960483246834294,1.0263262358977434,0.5859008238360597,0.9925279152401798,-1.2045292368277742,0.0,1.0,1.0,0.0,0.0,0.0,0.0,0.0,1.0,0.0,0.0,1.0,0.0,1.0,0.0,1.0,0
-1.4234765957008473,2.068204258181313,-0.47176949159859916,0.3772215799961106,-1.0075283371329782,-0.8508169670961755,0.0,0.0,1.0,0.0,0.0,0.0,0.0,0.0,0.0,0.0,0.0,0.0,0.0,1.0,0.0,1.0,0
-0.5006038123886265,1.5489246053620553,1.9984052051439671,-0.7262335435283049,0.9925279152401798,1.321986975540789,0.0,1.0,1.0,0.0,0.0,1.0,0.0,1.0,0.0,0.0,1.0,0.0,0.0,0.0,1.0,0.0,1
0.9493124324834166,-0.9229974223441462,-0.8218862458898797,-0.20708030275574713,-1.0075283371329782,-1.1539989125804029,0.0,1.0,0.0,0.0,0.0,0.0,0.0,0.0,1.0,0.0,1.0,0.0,1.0,0.0,0.0,0.0,0
-1.333084632722399,0.27587218773615046,-0.6022216476446294,-0.231511043497986,0.9925279152401798,-1.0529382640856604,0.0,1.0,1.0,0.0,0.0,1.0,0.0,1.0,0.0,0.0,0.0,1.0,0.0,0.0,1.0,1.0,0
0.030813453831442978,-0.09315584641022323,0.16534200599394688,-0.21217004041038118,0.9925279152401798,-0.09286210338560645,0.0,0.0,0.0,0.0,0.0,1.0,0.0,1.0,0.0,0.0,0.0,1.0,0.0,0.0,0.0,1.0,0
0.02643964917119532,-2.734896779949114,-0.4153804951141867,0.45051380222282444,-1.0075283371329782,-0.7497563186014329,0.0,0.0,0.0,0.0,0.0,0.0,0.0,0.0,0.0,0.0,0.0,1.0,0.0,1.0,0.0,1.0,0
-2.251583611374372,1.1472058424667697,-0.5853891113806253,0.6093136170473715,0.9925279152401798,-0.5981653458593191,0.0,0.0,0.0,0.0,0.0,1.0,0.0,0.0,1.0,0.0,1.0,0.0,0.0,1.0,1.0,0.0,1
0.014047202633828342,-0.10258586431856274,-0.5315249953358129,-0.012652324348770233,-1.0075283371329782,0.008198545109136179,1.0,0.0,1.0,0.0,0.0,0.0,1.0,0.0,0.0,0.0,0.0,1.0,1.0,0.0,0.0,1.0,0
-0.45686576578615207,1.237734014386834,-1.155170463917156,0.3538087867847988,-1.0075283371329782,-0.8002866428488041,1.0,0.0,1.0,0.0,0.0,0.0,0.0,0.0,1.0,0.0,1.0,0.0,1.0,0.0,0.0,1.0,0
-0.9350684086398773,-0.9952942263080868,0.8714669022689088,1.1814001294281113,-1.0075283371329782,0.56403211183022,0.0,1.0,0.0,0.0,0.0,0.0,1.0,1.0,0.0,0.0,0.0,0.0,1.0,0.0,1.0,0.0,0
-0.4561367983427771,0.21992074814666623,0.6947252714968676,-0.9481461052702992,-1.0075283371329782,0.2608501663459925,0.0,1.0,1.0,0.0,0.0,0.0,1.0,0.0,0.0,0.0,0.0,1.0,0.0,0.0,0.0,0.0,0
0.7051083389529311,0.09167250459324133,1.2148506420545873,0.09423216639852063,-1.0075283371329782,1.0188050300565614,1.0,0.0,0.0,1.0,0.0,1.0,0.0,0.0,0.0,0.0,0.0,1.0,0.0,0.0,1.0,0.0,1
-0.1798581373038112,0.5682027428946911,1.1475204969985722,0.567577768279382,-1.0075283371329782,-0.29498340037509146,1.0,0.0,1.0,0.0,0.0,0.0,0.0,0.0,1.0,0.0,1.0,0.0,0.0,1.0,0.0,0.0,0
1.6731771037543757,0.3462829881184221,0.3555496657771897,0.6917673670524249,0.9925279152401798,-0.6486956701066902,0.0,0.0,1.0,0.0,0.0,0.0,0.0,0.0,0.0,1.0,1.0,0.0,0.0,0.0,0.0,0.0,0
-0.05666263937350704,1.575957323365963,-0.08377953071331087,0.06776553059442897,0.9925279152401798,0.6145624360775915,0.0,1.0,0.0,0.0,0.0,0.0,1.0,1.0,0.0,0.0,0.0,0.0,0.0,1.0,1.0,1.0,0
0.5148478362321653,0.689535639982,-0.39433982478418184,-1.9823807966917073,-1.0075283371329782,-0.09286210338560645,1.0,0.0,1.0,0.0,0.0,0.0,1.0,1.0,0.0,0.0,1.0,0.0,0.0,0.0,1.0,1.0,0
-0.6558738778274127,-1.2178426489449117,0.8032951303996929,-1.4825685590067557,-1.0075283371329782,1.6251689210250169,1.0,0.0,0.0,0.0,0.0,0.0,1.0,1.0,0.0,0.0,0.0,0.0,0.0,0.0,0.0,1.0,0
-2.09850044826571,-0.84378527191409,-0.0980871865377143,-0.008580534225064712,0.9925279152401798,0.8166837330670763,1.0,0.0,0.0,1.0,0.0,0.0,1.0,1.0,0.0,0.0,1.0,0.0,0.0,0.0,1.0,0.0,0
0.9631628139075334,2.1493024121930375,-0.03412354873449921,-0.955271737986786,0.9925279152401798,-0.8508169670961755,0.0,1.0,0.0,0.0,0.0,0.0,0.0,0.0,1.0,0.0,0.0,0.0,0.0,0.0,1.0,1.0,0
0.9135930277580614,1.4923444979120148,1.610415244258678,2.4416191727152197,-1.0075283371329782,0.008198545109136179,1.0,0.0,0.0,1.0,0.0,1.0,0.0,0.0,1.0,0.0,0.0,1.0,0.0,0.0,1.0,0.0,1
1.407832954366028,0.6713042720258755,0.5011511044608234,-0.7883283429148265,0.9925279152401798,-1.6593021550541156,1.0,0.0,1.0,0.0,0.0,0.0,1.0,1.0,0.0,0.0,0.0,0.0,1.0,0.0,0.0,1.0,0
-0.9831802599025999,-0.28049886885591174,-0.10986996192251705,0.3588985244394315,0.9925279152401798,0.3619108148407351,0.0,1.0,0.0,1.0,0.0,0.0,1.0,1.0,0.0,0.0,0.0,0.0,0.0,1.0,1.0,0.0,0
1.794914666797931,-0.1824266826091757,-0.05263933862490335,-0.9135358892187965,-1.0075283371329782,0.058728869356507264,0.0,0.0,1.0,0.0,0.0,1.0,0.0,0.0,1.0,0.0,0.0,1.0,0.0,1.0,1.0,1.0,0
-0.06759715102412514,-0.3766850515209802,-0.23779723752894602,1.3931332158608403,0.9925279152401798,0.058728869356507264,1.0,0.0,1.0,0.0,0.0,0.0,1.0,0.0,0.0,1.0,1.0,0.0,1.0,0.0,0.0,1.0,0
-0.43062293782466715,1.0667363563156014,-0.27903695137575507,1.1050540646086175,-1.0075283371329782,1.0188050300565614,1.0,0.0,0.0,0.0,0.0,1.0,0.0,0.0,0.0,0.0,0.0,1.0,0.0,1.0,1.0,1.0,0
0.09277568651828305,2.0153961578946094,-1.2923556344687872,0.1654884935633817,-1.0075283371329782,0.6145624360775915,0.0,0.0,0.0,1.0,0.0,0.0,0.0,0.0,0.0,1.0,0.0,0.0,1.0,0.0,1.0,1.0,0
-1.2733093023656834,-0.028403056772954915,-0.7419316986358612,-0.9033564139095298,-1.0075283371329782,1.0693353543039326,0.0,1.0,0.0,0.0,0.0,1.0,0.0,0.0,0.0,0.0,0.0,1.0,0.0,1.0,1.0,1.0,0
-0.7776114408709679,1.5809866662504108,0.34965827808478894,-1.396043018877996,-1.0075283371329782,-1.1034685883330317,1.0,0.0,0.0,1.0,0.0,0.0,0.0,1.0,0.0,0.0,1.0,0.0,1.0,0.0,0.0,0.0,0
1.708896508479731,-1.0235842800331068,-0.15110967576932607,-1.4021507040635557,-1.0075283371329782,1.2209263270460469,0.0,1.0,0.0,1.0,0.0,0.0,0.0,0.0,0.0,0.0,0.0,0.0,1.0,0.0,0.0,1.0,0
0.5542120781743932,-1.4209023679045003,-0.500384803247406,1.8817480307055994,-1.0075283371329782,-1.760362803548858,0.0,1.0,1.0,0.0,0.0,0.0,0.0,0.0,0.0,0.0,0.0,1.0,1.0,0.0,0.0,1.0,0
-0.47654788675726545,-0.24340746508310784,-0.38508192983897976,0.475962490495989,-1.0075283371329782,1.321986975540789,1.0,0.0,1.0,0.0,0.0,1.0,0.0,0.0,1.0,0.0,1.0,0.0,1.0,0.0,0.0,1.0,0
0.38800750108498844,-0.4571545376721486,-0.9969446230355197,0.029083524419219298,0.9925279152401798,-1.2045292368277742,1.0,0.0,0.0,0.0,0.0,0.0,1.0,1.0,0.0,0.0,0.0,1.0,1.0,0.0,1.0,0.0,0
-1.772652001077272,0.49401993534908323,0.3311424881943848,-2.348841907825277,-1.0075283371329782,0.058728869356507264,0.0,1.0,1.0,0.0,0.0,1.0,0.0,1.0,0.0,0.0,0.0,1.0,1.0,0.0,0.0,1.0,0
0.13651373312075754,-0.8029218609779499,-0.8227278727030797,1.4369049596906824,0.9925279152401798,0.8672140573144478,0.0,0.0,1.0,0.0,0.0,1.0,0.0,0.0,1.0,0.0,0.0,1.0,1.0,0.0,1.0,0.0,1
-0.28337151426300194,-0.4144051231543404,0.2301472706103614,0.6082956695164444,-1.0075283371329782,-0.7497563186014329,0.0,1.0,0.0,0.0,0.0,0.0,0.0,0.0,0.0,0.0,0.0,0.0,1.0,0.0,1.0,0.0,0
-1.504391981915426,0.08790049742990518,-0.47176949159859916,0.09830395652222759,-1.0075283371329782,-0.6992259943540615,0.0,0.0,1.0,0.0,0.0,0.0,0.0,0.0,0.0,0.0,0.0,0.0,1.0,0.0,1.0,1.0,0
-0.5283045752368614,-0.5979761384366933,0.2663372235779703,-1.059102386141297,-1.0075283371329782,-0.19392275188034908,0.0,0.0,1.0,0.0,0.0,0.0,1.0,0.0,0.0,1.0,1.0,0.0,0.0,0.0,0.0,0.0,0
-0.28920325380999845,0.07532714021878584,0.30421043017197796,0.23369097813546288,0.9925279152401798,-0.5981653458593191,1.0,0.0,0.0,0.0,0.0,0.0,0.0,0.0,1.0,0.0,1.0,0.0,0.0,0.0,1.0,0.0,0
-1.0691984182208005,0.17780000148941394,-0.9817953403979162,0.14411159541392263,-1.0075283371329782,1.7262295695197594,0.0,1.0,1.0,0.0,0.0,0.0,0.0,0.0,1.0,0.0,1.0,0.0,0.0,0.0,1.0,1.0,0
-1.6844469404289475,-0.7419410785040178,-0.5424661439074157,-0.8992846237858243,-1.0075283371329782,0.9682747058091904,0.0,1.0,1.0,0.0,0.0,0.0,0.0,0.0,0.0,1.0,1.0,0.0,0.0,0.0,0.0,0.0,0
-1.5918680751203758,-0.040976413984075144,0.5457573255604338,0.8393697590367797,0.9925279152401798,-1.356120209569888,0.0,0.0,0.0,1.0,0.0,0.0,1.0,0.0,0.0,1.0,1.0,0.0,0.0,1.0,0.0,1.0,0
-0.5538184357549712,0.0646397865893337,0.028998462255515257,-0.4127057040029178,-1.0075283371329782,0.3619108148407351,1.0,0.0,0.0,1.0,0.0,0.0,0.0,0.0,0.0,0.0,0.0,1.0,0.0,1.0,1.0,1.0,0
1.3094223495104598,0.28718820922615806,-1.04070921732193,-0.7018028027860661,0.9925279152401798,-0.39604404886983385,0.0,1.0,1.0,0.0,0.0,1.0,0.0,0.0,0.0,0.0,0.0,0.0,0.0,0.0,0.0,1.0,0
-1.0786749949846703,0.3456543202578667,1.9622152521763583,-0.05744201570953963,-1.0075283371329782,-1.3055898853225167,0.0,0.0,1.0,0.0,0.0,0.0,1.0,0.0,0.0,1.0,0.0,0.0,0.0,1.0,0.0,1.0,0
-0.1835029745206839,1.059192341988929,-0.8707006010554907,-0.18570340460628953,0.9925279152401798,-0.09286210338560645,1.0,0.0,0.0,0.0,0.0,1.0,0.0,0.0,1.0,0.0,0.0,1.0,0.0,1.0,0.0,1.0,0
-1.00067547854359,1.9154379680662048,-0.08546278433971093,-0.9257512595899144,-1.0075283371329782,-0.04233177913823491,1.0,0.0,0.0,1.0,0.0,1.0,0.0,0.0,0.0,0.0,1.0,0.0,0.0,1.0,0.0,1.0,0
0.1080840028291488,-0.6935336532412054,1.0381090112825462,-0.8555128799559806,0.9925279152401798,1.0188050300565614,0.0,0.0,0.0,1.0,0.0,1.0,0.0,0.0,1.0,0.0,0.0,0.0,0.0,0.0,0.0,1.0,0
-0.7710507338805964,-0.3018735761148161,1.0566248011729513,-2.160521614603859,-1.0075283371329782,0.21031984209862142,0.0,1.0,1.0,0.0,0.0,0.0,0.0,0.0,0.0,1.0,0.0,1.0,1.0,0.0,1.0,0.0,0
0.5658755572683862,0.13630792269271802,-0.5290001148962122,2.5515575060552904,-1.0075283371329782,0.4629714633354778,0.0,0.0,1.0,0.0,0.0,0.0,0.0,1.0,0.0,0.0,0.0,0.0,1.0,0.0,1.0,1.0,0
-2.7116531890741546,0.2859308735050463,0.5861554125940434,0.7497903763152395,-1.0075283371329782,-0.9013472913435465,0.0,1.0,0.0,0.0,0.0,0.0,0.0,0.0,0.0,1.0,1.0,0.0,0.0,0.0,1.0,1.0,0
-0.4517629936825294,0.3764590454251105,1.83681285700953,1.449120330061802,0.9925279152401798,0.56403211183022,1.0,0.0,0.0,0.0,0.0,0.0,0.0,1.0,0.0,0.0,0.0,1.0,1.0,0.0,0.0,1.0,0
-1.0859646694184157,1.045361649056697,1.075982217876555,0.7640416417482117,-1.0075283371329782,0.6650927603249626,1.0,0.0,0.0,1.0,0.0,1.0,0.0,0.0,0.0,1.0,0.0,1.0,0.0,0.0,1.0,0.0,1
1.3291044704815733,-0.025888385330730512,0.8605257536973054,0.0005809935532748753,-1.0075283371329782,-0.34551372462246277,0.0,1.0,0.0,0.0,0.0,1.0,0.0,0.0,0.0,1.0,0.0,0.0,0.0,0.0,0.0,0.0,1
0.03518725849169063,-0.035947071099627234,-1.3571608990852022,-0.3251622163432318,0.9925279152401798,-0.6992259943540615,0.0,1.0,1.0,0.0,0.0,0.0,0.0,1.0,0.0,0.0,0.0,0.0,0.0,0.0,1.0,1.0,0
-0.6077620265646905,-1.5705253187168289,0.009641045551910487,-0.12768039534347358,-1.0075283371329782,-1.5077111823120017,0.0,1.0,0.0,1.0,0.0,1.0,0.0,0.0,0.0,0.0,0.0,1.0,0.0,1.0,1.0,0.0,1
1.2992168053032156,1.1899552569845775,-2.588460926797085,1.7402533239068045,0.9925279152401798,-1.911953776290972,1.0,0.0,0.0,0.0,0.0,0.0,1.0,0.0,0.0,0.0,1.0,0.0,1.0,0.0,0.0,0.0,0
-1.2536271813945699,1.4030736617130624,1.211484134801786,0.5370393423515833,0.9925279152401798,-0.5476350216119478,0.0,1.0,0.0,0.0,0.0,0.0,0.0,1.0,0.0,0.0,0.0,1.0,0.0,0.0,1.0,0.0,0
-1.0815908647581687,1.3791842830119345,-0.5677149483034212,-2.388541861531414,-1.0075283371329782,-0.9518776155909179,1.0,0.0,0.0,0.0,0.0,0.0,0.0,0.0,0.0,1.0,0.0,1.0,0.0,1.0,0.0,1.0,0
-2.008108485287262,-0.2735835223897958,0.5937300539128454,0.9024825059542267,-1.0075283371329782,0.8166837330670763,0.0,1.0,0.0,1.0,0.0,1.0,0.0,0.0,0.0,0.0,0.0,0.0,0.0,0.0,0.0,0.0,1
0.7269773622541683,0.9730648450927574,-0.19487427005573577,-1.2321534663988163,0.9925279152401798,0.008198545109136179,0.0,1.0,0.0,0.0,0.0,1.0,0.0,0.0,1.0,0.0,0.0,0.0,1.0,0.0,1.0,1.0,0
-0.8876855248205296,1.140290496000654,1.862903288218736,-0.19791877497740898,0.9925279152401798,-0.9013472913435465,1.0,0.0,0.0,1.0,0.0,1.0,0.0,0.0,0.0,1.0,1.0,0.0,0.0,0.0,0.0,1.0,0
-1.0123389576375832,0.9120840626188244,2.587543974384102,-0.08899838916826391,0.9925279152401798,-0.24445307612772016,0.0,0.0,0.0,1.0,0.0,0.0,1.0,0.0,0.0,1.0,1.0,0.0,1.0,0.0,0.0,0.0,0
0.30053140788003846,0.9384881127621766,1.044000398974948,-1.2728713676358794,0.9925279152401798,0.3113804905933636,0.0,0.0,1.0,0.0,0.0,0.0,1.0,0.0,0.0,1.0,1.0,0.0,0.0,1.0,0.0,1.0,0
-1.628316447289105,0.09481584389602117,-1.361369033151203,1.2353513485672187,-1.0075283371329782,0.5135017875828488,0.0,0.0,1.0,0.0,0.0,0.0,0.0,0.0,0.0,0.0,0.0,1.0,0.0,0.0,1.0,1.0,0
-0.4561367983427771,0.4424691707834906,0.588680293033644,-1.4214917071511606,-1.0075283371329782,-0.6992259943540615,0.0,0.0,1.0,0.0,0.0,0.0,0.0,1.0,0.0,0.0,1.0,0.0,0.0,1.0,0.0,0.0,0
-0.1419518302483322,-0.00514234593238254,-1.3487446309532003,1.6262432004430267,0.9925279152401798,-1.1539989125804029,1.0,0.0,1.0,0.0,0.0,0.0,1.0,0.0,1.0,0.0,1.0,0.0,1.0,0.0,1.0,0.0,0
0.3865495661982396,0.12750657264493392,-0.23106422302334462,0.6734443114957458,-1.0075283371329782,-0.24445307612772016,0.0,0.0,0.0,0.0,0.0,0.0,0.0,0.0,0.0,0.0,0.0,0.0,0.0,1.0,0.0,1.0,0
-0.7120043709672557,-2.352588137248496,-0.5290001148962122,-0.3119288984411852,-1.0075283371329782,-0.09286210338560645,1.0,0.0,0.0,0.0,0.0,1.0,0.0,0.0,1.0,0.0,0.0,1.0,0.0,1.0,0.0,1.0,0
1.208095874881393,0.43681116003848725,-2.3023078103090184,-0.24983409905466375,-1.0075283371329782,0.1092591936038788,0.0,1.0,1.0,0.0,0.0,1.0,0.0,1.0,0.0,0.0,1.0,0.0,0.0,1.0,0.0,0.0,1
0.4397641895645833,1.0334169597061331,-1.0920484529271417,1.5957047745152295,0.9925279152401798,-0.24445307612772016,0.0,1.0,1.0,0.0,0.0,0.0,1.0,0.0,0.0,1.0,0.0,0.0,0.0,1.0,0.0,0.0,0
1.119161846789694,-0.42006313389934424,-0.6577690173158418,0.7019468423616901,0.9925279152401798,0.7156230845723341,0.0,0.0,0.0,1.0,0.0,1.0,0.0,0.0,0.0,0.0,1.0,0.0,0.0,0.0,1.0,0.0,1
0.27793341713542624,0.8812793374515805,0.5625898618244378,-0.8107231885952112,-1.0075283371329782,0.8672140573144478,1.0,0.0,0.0,1.0,0.0,1.0,0.0,0.0,1.0,0.0,0.0,0.0,1.0,0.0,0.0,1.0,0
-0.26368939329188745,0.1193338904577053,0.3084185642379799,-0.4310287595595955,-1.0075283371329782,-0.04233177913823491,1.0,0.0,0.0,1.0,0.0,0.0,0.0,1.0,0.0,0.0,1.0,0.0,1.0,0.0,0.0,0.0,0
-0.702527794203386,-0.7683451286473695,1.2224252833733893,-1.1517356114556163,0.9925279152401798,0.6145624360775915,1.0,0.0,1.0,0.0,0.0,1.0,0.0,0.0,0.0,1.0,0.0,0.0,0.0,0.0,0.0,1.0,0
-1.533550679650409,1.6947755490110474,-0.45830346258739635,2.5515575060552904,0.9925279152401798,0.008198545109136179,1.0,0.0,1.0,0.0,0.0,0.0,0.0,0.0,0.0,0.0,1.0,0.0,1.0,0.0,0.0,1.0,0
0.2385691751931994,-0.2408927936408839,0.5693228763300392,-2.132019083737915,0.9925279152401798,0.9177443815618189,0.0,0.0,0.0,1.0,0.0,0.0,0.0,0.0,0.0,0.0,1.0,0.0,0.0,0.0,1.0,0.0,0
2.0522401743091585,1.1622938711201136,-1.6104905698584602,-1.1211971855278184,0.9925279152401798,0.6145624360775915,0.0,0.0,0.0,0.0,0.0,0.0,1.0,0.0,0.0,0.0,0.0,0.0,1.0,0.0,1.0,0.0,0
-1.4868967632744357,1.372897604406375,0.989294656116935,-0.11037528731772295,-1.0075283371329782,-0.34551372462246277,0.0,1.0,1.0,0.0,0.0,1.0,0.0,0.0,0.0,1.0,1.0,0.0,1.0,0.0,1.0,1.0,0
0.5199506083357879,0.5631734000102432,0.2267807633575601,-1.803222031248629,0.9925279152401798,-0.09286210338560645,0.0,0.0,1.0,0.0,0.0,1.0,0.0,1.0,0.0,0.0,1.0,0.0,0.0,0.0,0.0,1.0,0
0.2961576032197908,-1.1920672666621153,-0.1393269003845233,1.0124208392942975,-1.0075283371329782,-0.4971046973645765,1.0,0.0,1.0,0.0,0.0,0.0,1.0,1.0,0.0,0.0,1.0,0.0,1.0,0.0,1.0,1.0,0
0.5279692502129083,0.32050760583562626,0.8790415435877096,-0.1795957194207298,0.9925279152401798,-2.265666046022571,0.0,0.0,0.0,0.0,0.0,1.0,0.0,0.0,0.0,0.0,1.0,0.0,0.0,1.0,1.0,1.0,0
-1.2696644651488107,0.4682445530662874,0.1316769334659387,0.1125552219551998,0.9925279152401798,-1.709832479301487,0.0,0.0,1.0,0.0,0.0,1.0,0.0,0.0,0.0,1.0,0.0,0.0,0.0,0.0,1.0,0.0,1
0.5607727851647647,-0.14722128241803942,-0.059372353130504756,-0.9939537441619957,0.9925279152401798,-0.39604404886983385,0.0,1.0,0.0,1.0,0.0,1.0,0.0,0.0,0.0,0.0,0.0,1.0,1.0,0.0,1.0,1.0,0
0.2597092310510617,1.6859741989632635,-1.4236494173280174,-1.1955073552854594,0.9925279152401798,1.321986975540789,1.0,0.0,1.0,0.0,0.0,0.0,1.0,1.0,0.0,0.0,0.0,1.0,0.0,1.0,0.0,1.0,0
0.6613702923504566,-0.2063160613103035,0.08707071236632838,-1.9060347318722135,-1.0075283371329782,0.058728869356507264,0.0,0.0,1.0,0.0,0.0,0.0,1.0,1.0,0.0,0.0,0.0,0.0,1.0,0.0,1.0,0.0,0
0.6365853992757206,2.1493024121930375,0.5163003870984274,-0.3679160126421484,0.9925279152401798,-1.1034685883330317,0.0,0.0,0.0,0.0,0.0,1.0,0.0,0.0,0.0,1.0,0.0,0.0,0.0,1.0,0.0,1.0,0
0.07236459810379467,-0.028403056772954915,-0.6889092094042494,-2.1106421855884565,-1.0075283371329782,1.5746385967776453,1.0,0.0,0.0,1.0,0.0,0.0,0.0,0.0,0.0,1.0,0.0,0.0,0.0,0.0,1.0,0.0,0
2.0522401743091585,-0.7633157857629216,-0.33121781379416737,-0.373005750296781,0.9925279152401798,-0.19392275188034908,0.0,1.0,0.0,1.0,0.0,0.0,1.0,0.0,0.0,0.0,1.0,0.0,0.0,1.0,0.0,0.0,0
0.23200846820282792,1.614306062859879,2.1684138214104056,-1.0377254879918394,-1.0075283371329782,-0.6486956701066902,1.0,0.0,0.0,1.0,0.0,0.0,1.0,0.0,0.0,1.0,0.0,1.0,1.0,0.0,1.0,1.0,0
-1.034207980938821,-2.7071568106020814,0.8420099638069013,1.628279095504881,0.9925279152401798,-0.04233177913823491,0.0,0.0,1.0,0.0,0.0,0.0,1.0,0.0,0.0,1.0,0.0,0.0,0.0,0.0,1.0,0.0,0
-0.9875540645628477,0.33685297021008265,0.5011511044608234,1.1844539720208898,-1.0075283371329782,0.1597895178512499,1.0,0.0,0.0,0.0,0.0,0.0,0.0,0.0,0.0,0.0,0.0,1.0,1.0,0.0,0.0,0.0,0
-0.8074991060493255,0.1476239441827256,0.18049128863154973,-0.5613260435181981,-1.0075283371329782,1.1703960027986753,0.0,1.0,1.0,0.0,0.0,0.0,0.0,0.0,0.0,0.0,1.0,0.0,0.0,0.0,1.0,1.0,0
0.1481772122147506,0.7976665119976323,-0.2546297737929501,1.445048539938095,-1.0075283371329782,1.5241082725302741,0.0,0.0,0.0,0.0,0.0,1.0,0.0,0.0,0.0,1.0,0.0,0.0,0.0,1.0,1.0,1.0,0
0.22982156587270408,0.5713460821974718,1.0776654715029563,-1.3492174324553732,0.9925279152401798,0.9682747058091904,0.0,1.0,1.0,0.0,0.0,0.0,1.0,1.0,0.0,0.0,0.0,0.0,1.0,0.0,0.0,0.0,0
1.3334782751418208,-1.6629394942185611,1.48837935634465,0.4464420120991175,-1.0075283371329782,0.7661534088197052,1.0,0.0,1.0,0.0,0.0,1.0,0.0,1.0,0.0,0.0,0.0,0.0,1.0,0.0,0.0,1.0,0
-0.2622314584051386,0.360113681050655,-0.1561594366485274,0.6571571510009208,0.9925279152401798,-0.4971046973645765,1.0,0.0,1.0,0.0,0.0,0.0,0.0,0.0,0.0,0.0,0.0,0.0,1.0,0.0,0.0,1.0,0
1.321085828604453,1.5973320306248673,-0.3791905421465784,1.011402891763372,0.9925279152401798,1.1703960027986753,1.0,0.0,0.0,0.0,0.0,1.0,0.0,0.0,0.0,1.0,0.0,1.0,0.0,1.0,1.0,1.0,0
0.27428857991855354,0.3406249773734188,-0.08967091840571165,-2.2531548399181784,-1.0075283371329782,0.6145624360775915,0.0,0.0,0.0,0.0,0.0,0.0,0.0,0.0,0.0,1.0,1.0,0.0,0.0,1.0,0.0,0.0,0
-1.0815908647581687,-2.0445408855760547,0.3732238288543944,0.6805699442122326,-1.0075283371329782,1.0188050300565614,0.0,1.0,0.0,1.0,0.0,0.0,0.0,0.0,0.0,0.0,0.0,0.0,0.0,1.0,1.0,1.0,0
-1.857941191952098,-0.3333069691426162,-0.42716327049898944,-0.42797491696681567,-1.0075283371329782,-1.8108931277962295,0.0,1.0,1.0,0.0,0.0,0.0,0.0,0.0,0.0,0.0,0.0,1.0,0.0,0.0,0.0,0.0,1
-0.8147887804830715,-1.4730818003306483,-0.13259388587892193,0.4606932775320897,-1.0075283371329782,0.1092591936038788,0.0,0.0,0.0,0.0,0.0,0.0,1.0,1.0,0.0,0.0,0.0,0.0,1.0,0.0,1.0,1.0,0
0.22544776121245644,-1.151832523586531,-1.4278575513940188,-0.12564450028162083,0.9925279152401798,0.6145624360775915,0.0,0.0,1.0,0.0,0.0,1.0,0.0,0.0,0.0,0.0,0.0,1.0,0.0,1.0,1.0,1.0,0
-1.3622433304573827,0.48081791027740667,-0.4843938937966025,0.06165784540887068,0.9925279152401798,0.4629714633354778,1.0,0.0,0.0,1.0,0.0,0.0,1.0,0.0,1.0,0.0,1.0,0.0,0.0,0.0,0.0,0.0,0
-1.4511773585490817,1.7683296886961,-0.5996967672050287,-0.9145538367497221,0.9925279152401798,-0.8002866428488041,0.0,1.0,0.0,0.0,0.0,0.0,1.0,0.0,1.0,0.0,0.0,0.0,0.0,0.0,0.0,0.0,0
0.6970896970758107,0.21111939809888217,-2.192896324592994,-0.8249744540281834,0.9925279152401798,-0.14339242763297752,1.0,0.0,0.0,1.0,0.0,0.0,1.0,0.0,0.0,0.0,0.0,1.0,0.0,1.0,0.0,0.0,0
-0.5013327798320015,0.45629986371572256,-1.0912068261139416,0.8393697590367797,0.9925279152401798,-1.4571808580646306,1.0,0.0,1.0,0.0,0.0,1.0,0.0,1.0,0.0,0.0,1.0,0.0,0.0,1.0,1.0,1.0,0
-0.9715167808086064,1.504917855123135,1.8990932411863437,-1.46628139851193,0.9925279152401798,-1.4571808580646306,0.0,0.0,0.0,0.0,0.0,0.0,1.0,0.0,0.0,0.0,0.0,0.0,0.0,0.0,0.0,0.0,1
0.7415567111216602,0.20671872307498967,1.1744525550209777,0.12680648738817202,-1.0075283371329782,-2.265666046022571,0.0,1.0,1.0,0.0,0.0,0.0,1.0,1.0,0.0,0.0,0.0,0.0,1.0,0.0,1.0,0.0,0
2.0522401743091585,1.3244901791435622,2.1229659734975947,-0.3221083737504519,0.9925279152401798,-0.8002866428488041,0.0,0.0,1.0,0.0,0.0,0.0,0.0,0.0,0.0,1.0,0.0,0.0,0.0,0.0,1.0,0.0,0
0.6395012690492193,-1.0411869801286748,-0.09977044016411435,0.0005809935532748753,0.9925279152401798,-1.8614234520436008,0.0,0.0,0.0,0.0,0.0,0.0,0.0,0.0,0.0,0.0,0.0,0.0,1.0,0.0,0.0,0.0,0
1.0557416792161052,1.012042252447229,-0.7873795465486715,0.22351150282619617,0.9925279152401798,-0.9518776155909179,0.0,0.0,0.0,1.0,0.0,0.0,0.0,1.0,0.0,0.0,1.0,0.0,1.0,0.0,0.0,1.0,0
-1.0502452646930616,1.397415650968059,-0.8892163909458949,-1.9976500096556058,0.9925279152401798,-0.44657437311720516,0.0,1.0,0.0,1.0,0.0,0.0,1.0,0.0,0.0,1.0,1.0,0.0,0.0,1.0,0.0,0.0,0
0.7860237251675096,-0.8771046685235582,0.8925075725989136,0.30901909542402944,0.9925279152401798,0.3619108148407351,1.0,0.0,1.0,0.0,0.0,0.0,1.0,0.0,0.0,1.0,0.0,1.0,1.0,0.0,1.0,0.0,0
-0.46998717976689397,0.9089407233160445,-1.1930436705111644,-1.571129994197368,0.9925279152401798,-0.9518776155909179,0.0,1.0,1.0,0.0,0.0,1.0,0.0,1.0,0.0,0.0,0.0,1.0,0.0,1.0,0.0,0.0,1
-1.1428241300016333,-1.4039283356694885,0.5819472785280426,0.5767392960577201,-1.0075283371329782,-1.2550595610751456,0.0,0.0,1.0,0.0,0.0,1.0,0.0,0.0,0.0,0.0,0.0,0.0,0.0,1.0,1.0,0.0,1
1.4355337172142628,-0.8921926971769024,-1.5507350661212465,0.4250651139496599,-1.0075283371329782,-0.5981653458593191,0.0,0.0,1.0,0.0,0.0,1.0,0.0,0.0,0.0,0.0,1.0,0.0,1.0,0.0,0.0,0.0,1
0.11756057959301804,-0.3716557086365323,-1.2081929531487678,0.7141622127328097,-1.0075283371329782,0.21031984209862142,0.0,1.0,1.0,0.0,0.0,1.0,0.0,0.0,0.0,0.0,0.0,1.0,1.0,0.0,1.0,0.0,1
-0.11352209995672347,-0.628780863603937,0.8201276666636971,-0.2905520002917276,-1.0075283371329782,0.3619108148407351,0.0,1.0,1.0,0.0,0.0,0.0,1.0,1.0,0.0,0.0,0.0,0.0,0.0,1.0,1.0,0.0,0
0.5221375106659117,1.1817825747973498,-0.7351986841302597,0.004652783676981841,0.9925279152401798,-0.04233177913823491,1.0,0.0,0.0,0.0,0.0,1.0,0.0,0.0,1.0,0.0,1.0,0.0,0.0,0.0,0.0,0.0,1
-0.7958356269553325,1.1560071925145539,0.7931956086412902,0.33752162628997384,-1.0075283371329782,-1.760362803548858,1.0,0.0,0.0,1.0,0.0,0.0,1.0,0.0,0.0,1.0,1.0,0.0,0.0,1.0,1.0,1.0,0
0.6839682830950689,1.3666109258008143,-0.3825570493993791,2.5515575060552904,-1.0075283371329782,0.6145624360775915,0.0,0.0,1.0,0.0,0.0,0.0,1.0,0.0,0.0,0.0,0.0,1.0,0.0,0.0,1.0,0.0,0
-0.55673430552847,-0.10572920362134347,-0.06189723357010543,-0.9664691608269783,-1.0075283371329782,2.079941839251358,0.0,1.0,0.0,0.0,0.0,0.0,0.0,0.0,1.0,0.0,0.0,1.0,1.0,0.0,0.0,1.0,0
1.634541829255523,0.3299376237439666,-0.5980135135786281,0.004652783676981841,0.9925279152401798,-0.24445307612772016,0.0,0.0,0.0,0.0,0.0,1.0,0.0,1.0,0.0,0.0,0.0,0.0,0.0,0.0,0.0,0.0,1
0.8844343300230788,-0.6709016102611893,-1.4800384138124305,-0.285462262637095,-1.0075283371329782,0.41244113908810626,0.0,0.0,0.0,1.0,0.0,0.0,0.0,1.0,0.0,0.0,1.0,0.0,0.0,1.0,0.0,1.0,0
-0.8300970967939377,-0.6224941849983774,1.091131500514159,-0.20097261757018883,0.9925279152401798,-2.265666046022571,0.0,1.0,1.0,0.0,0.0,1.0,0.0,0.0,0.0,1.0,1.0,0.0,0.0,1.0,1.0,1.0,0
-0.6806587709021487,1.3879856330597187,-0.48607714742300256,0.021957891702733916,0.9925279152401798,-0.24445307612772016,0.0,1.0,0.0,0.0,0.0,0.0,0.0,0.0,0.0,1.0,0.0,1.0,0.0,1.0,0.0,0.0,0
-0.12883041626759026,0.6128381609941678,-1.350427884579601,0.34464725900645926,0.9925279152401798,1.0188050300565614,0.0,1.0,1.0,0.0,0.0,0.0,1.0,0.0,0.0,0.0,0.0,1.0,0.0,1.0,1.0,1.0,0
1.3553472984430581,0.8498459444237804,-0.9009991663306977,-0.672282324389196,0.9925279152401798,-0.34551372462246277,0.0,0.0,0.0,0.0,0.0,1.0,0.0,0.0,0.0,1.0,1.0,0.0,0.0,0.0,0.0,1.0,0
0.6271088225118514,-0.39994576236155216,-0.5458326511602163,1.3727742652423083,0.9925279152401798,-1.558241506559373,0.0,0.0,0.0,1.0,0.0,1.0,0.0,1.0,0.0,0.0,0.0,0.0,0.0,1.0,1.0,1.0,0
-0.5253887054633626,0.5839194394085911,-0.36235800588257433,-0.32821605893601163,0.9925279152401798,0.5135017875828488,1.0,0.0,0.0,1.0,0.0,0.0,1.0,0.0,0.0,1.0,0.0,0.0,1.0,0.0,1.0,1.0,0
0.5126609339020415,-0.36788370147319616,-0.8883747641326949,-0.39336470091531295,-1.0075283371329782,0.1092591936038788,1.0,0.0,0.0,1.0,0.0,1.0,0.0,0.0,0.0,1.0,0.0,1.0,1.0,0.0,1.0,0.0,1
-0.21339063969904148,-0.9877502119814145,1.8561702737131347,0.2947678299910572,0.9925279152401798,0.9177443815618189,0.0,1.0,1.0,0.0,0.0,0.0,0.0,0.0,1.0,0.0,0.0,0.0,1.0,0.0,0.0,0.0,0
1.8780169553426334,0.9642634950449733,-0.024865653789297133,-0.14193166077644578,0.9925279152401798,0.2608501663459925,1.0,0.0,0.0,1.0,0.0,1.0,0.0,1.0,0.0,0.0,0.0,1.0,0.0,0.0,1.0,0.0,1
0.6343984969455968,2.122269694189129,0.804978384026093,1.748396904154217,0.9925279152401798,1.1198656785513041,0.0,0.0,1.0,0.0,0.0,1.0,0.0,0.0,1.0,0.0,0.0,1.0,0.0,0.0,0.0,1.0,0
-1.0159837948544563,-0.10007119287633923,0.5171420139116268,0.1624346509706018,-1.0075283371329782,0.6145624360775915,0.0,1.0,0.0,0.0,0.0,0.0,0.0,1.0,0.0,0.0,1.0,0.0,0.0,0.0,0.0,0.0,0
0.24002711007994829,0.9630061593238607,-0.9952613694091196,0.671408416433893,-1.0075283371329782,-0.44657437311720516,0.0,1.0,0.0,0.0,0.0,1.0,0.0,0.0,0.0,0.0,0.0,0.0,0.0,1.0,0.0,1.0,0
-0.8213494874734429,-1.2693934135105038,0.9084984820497171,-2.5381801485776214,-1.0075283371329782,0.1092591936038788,0.0,0.0,0.0,0.0,0.0,1.0,0.0,0.0,0.0,1.0,1.0,0.0,0.0,0.0,0.0,1.0,0
-1.6684096566747066,-1.5296619077806888,2.372929137018052,0.051478370099603994,-1.0075283371329782,-0.39604404886983385,0.0,0.0,0.0,1.0,0.0,0.0,1.0,0.0,1.0,0.0,1.0,0.0,0.0,0.0,1.0,0.0,1
0.8866212323532027,-0.4420665090188044,0.2638123431383696,1.628279095504881,0.9925279152401798,0.6650927603249626,0.0,0.0,1.0,0.0,0.0,0.0,1.0,0.0,0.0,1.0,0.0,0.0,0.0,1.0,0.0,0.0,0
-0.7316864919383691,1.763300345811652,-0.13259388587892193,-0.6101875250026746,-1.0075283371329782,1.5241082725302741,0.0,1.0,0.0,1.0,0.0,1.0,0.0,1.0,0.0,0.0,0.0,0.0,1.0,0.0,0.0,0.0,1
-0.22432515134966063,-2.2469719366750875,-0.2335891034629453,-1.4672993460428563,0.9925279152401798,0.058728869356507264,0.0,0.0,0.0,0.0,0.0,0.0,1.0,1.0,0.0,0.0,1.0,0.0,0.0,1.0,1.0,0.0,0
-1.7369325963519173,0.2526114768955781,-0.4852355206098025,0.4413522744444849,0.9925279152401798,-1.2550595610751456,0.0,0.0,1.0,0.0,0.0,0.0,1.0,0.0,0.0,1.0,0.0,0.0,0.0,1.0,0.0,1.0,0
-0.8505081852084261,-0.6042628170422529,-0.8269360067690811,0.07692705837276856,-1.0075283371329782,1.1703960027986753,1.0,0.0,1.0,0.0,0.0,0.0,1.0,1.0,0.0,0.0,0.0,0.0,1.0,0.0,1.0,1.0,0
-0.13903596047483444,0.2570121519194706,2.6826478042757236,-0.2966596854772873,-1.0075283371329782,0.9177443815618189,0.0,0.0,0.0,1.0,0.0,0.0,1.0,1.0,0.0,0.0,1.0,0.0,1.0,0.0,1.0,1.0,0
-0.5902668079237003,-1.4931991718684403,-0.8993159127042976,-1.264727787388467,-1.0075283371329782,2.282063136240843,0.0,1.0,0.0,1.0,0.0,1.0,0.0,0.0,0.0,1.0,1.0,0.0,0.0,0.0,1.0,0.0,1
-0.4109408168535537,0.5876914465719273,0.44897024204241104,0.03926299972848454,0.9925279152401798,0.9682747058091904,0.0,0.0,0.0,1.0,0.0,0.0,1.0,1.0,0.0,0.0,0.0,1.0,0.0,0.0,1.0,1.0,0
1.7460738480918339,1.8745745571300643,0.013849179617912407,0.37314978987240366,-1.0075283371329782,-1.709832479301487,0.0,1.0,1.0,0.0,0.0,1.0,0.0,0.0,1.0,0.0,0.0,0.0,0.0,1.0,1.0,0.0,1
1.3393100146888175,-0.012686360259054855,0.8487429783125027,-0.34653911449268937,0.9925279152401798,-1.4571808580646306,0.0,1.0,0.0,0.0,0.0,1.0,0.0,0.0,0.0,1.0,0.0,0.0,0.0,1.0,1.0,1.0,0
-2.223882848526138,0.9454034592282925,-1.9151594762369304,0.1695602836870872,0.9925279152401798,0.41244113908810626,1.0,0.0,1.0,0.0,0.0,0.0,1.0,0.0,1.0,0.0,0.0,0.0,0.0,0.0,0.0,1.0,0
0.4390352221212094,-0.9041373865274663,0.0980118609379317,0.5309316571660251,0.9925279152401798,0.6650927603249626,0.0,1.0,1.0,0.0,0.0,1.0,0.0,0.0,0.0,0.0,0.0,0.0,0.0,0.0,1.0,0.0,1
-2.7116531890741546,-0.7325110605956778,1.0751405910633556,0.6429058855679486,0.9925279152401798,0.7661534088197052,0.0,1.0,1.0,0.0,0.0,1.0,0.0,0.0,1.0,0.0,0.0,0.0,0.0,0.0,1.0,0.0,1
-1.4052524096164827,-1.1838945844748876,0.03152334269511593,0.5390752374134375,-1.0075283371329782,0.3113804905933636,1.0,0.0,1.0,0.0,0.0,0.0,0.0,0.0,0.0,0.0,1.0,0.0,1.0,0.0,0.0,1.0,0
0.38509163131148966,-1.3460908924983361,0.7704716846848854,-0.5114466145027962,0.9925279152401798,0.5135017875828488,0.0,0.0,0.0,0.0,0.0,1.0,0.0,1.0,0.0,0.0,0.0,0.0,1.0,0.0,0.0,0.0,1
-1.577288726252884,-1.273794088534396,-0.5693982019298218,-0.6814438521675356,-1.0075283371329782,-1.1034685883330317,0.0,1.0,1.0,0.0,0.0,0.0,1.0,0.0,0.0,1.0,0.0,1.0,0.0,0.0,1.0,0.0,0
-0.8709192736229144,-2.534901816809737,-1.9117929689841298,0.2672832466560399,0.9925279152401798,-0.6992259943540615,0.0,0.0,0.0,0.0,0.0,0.0,1.0,0.0,0.0,1.0,0.0,0.0,1.0,0.0,0.0,0.0,0
2.0522401743091585,-0.45778320553270446,0.5230334016040289,0.9106260862016393,0.9925279152401798,-0.9013472913435465,1.0,0.0,1.0,0.0,0.0,1.0,0.0,0.0,0.0,1.0,0.0,0.0,0.0,0.0,0.0,0.0,1
-0.732415459381744,0.24381012684779402,0.5541735936924351,0.6164392497638569,-1.0075283371329782,0.8672140573144478,0.0,0.0,0.0,1.0,0.0,0.0,0.0,1.0,0.0,0.0,1.0,0.0,1.0,0.0,0.0,1.0,0
-1.1923939161511048,0.02817705067708566,1.1837104499661797,-1.1527535589865427,-1.0075283371329782,0.1092591936038788,0.0,0.0,1.0,0.0,0.0,0.0,0.0,0.0,1.0,0.0,1.0,0.0,0.0,1.0,0.0,1.0,0
1.1118721723559475,2.1493024121930375,-0.23779723752894602,-1.5935248398777528,0.9925279152401798,-0.9013472913435465,0.0,0.0,0.0,1.0,0.0,1.0,0.0,0.0,1.0,0.0,0.0,1.0,0.0,0.0,0.0,0.0,1
0.9172378649749352,-0.9663755047225107,1.9049846288787458,-0.9980255342857026,-1.0075283371329782,0.8672140573144478,0.0,1.0,0.0,0.0,0.0,1.0,0.0,0.0,1.0,0.0,0.0,0.0,1.0,0.0,0.0,0.0,1
-0.2221382490195368,1.775245035162216,0.16113387192794615,0.4321907466661467,-1.0075283371329782,0.56403211183022,0.0,0.0,0.0,0.0,0.0,1.0,0.0,0.0,0.0,1.0,0.0,1.0,1.0,0.0,1.0,1.0,0
-0.482379626304262,0.207347390935546,-0.7654972494054666,0.4912317034598883,-1.0075283371329782,-0.09286210338560645,0.0,1.0,0.0,1.0,0.0,1.0,0.0,1.0,0.0,0.0,0.0,0.0,0.0,1.0,0.0,0.0,1
0.531614087429781,0.13630792269271802,0.26970373083077037,-0.514500457095576,-1.0075283371329782,0.7156230845723341,0.0,0.0,1.0,0.0,0.0,0.0,1.0,0.0,1.0,0.0,1.0,0.0,0.0,0.0,1.0,1.0,0
1.2729739773417308,0.5084792961418716,1.2384161928241928,0.28662424974364475,-1.0075283371329782,1.1198656785513041,0.0,1.0,1.0,0.0,0.0,1.0,0.0,1.0,0.0,0.0,0.0,0.0,0.0,0.0,1.0,0.0,1
-0.3970904354294358,0.39469041338123495,0.27980325258917305,-2.045493543609155,0.9925279152401798,0.1092591936038788,1.0,0.0,1.0,0.0,0.0,0.0,1.0,0.0,0.0,1.0,0.0,1.0,1.0,0.0,1.0,1.0,0
-0.608490994008065,1.305001475466326,-1.0474422318275314,-1.1486817688628366,0.9925279152401798,-1.4066505338172592,0.0,0.0,1.0,0.0,0.0,0.0,0.0,0.0,0.0,1.0,1.0,0.0,1.0,0.0,1.0,0.0,0
0.08257014231103886,-1.565495975832381,-0.11996948368091855,0.15021928059948236,0.9925279152401798,0.9682747058091904,1.0,0.0,0.0,1.0,0.0,0.0,0.0,0.0,1.0,0.0,0.0,0.0,1.0,0.0,1.0,0.0,0
0.99450841397264,0.8460739372604442,-0.2739871904965537,-0.49719534906982393,0.9925279152401798,0.1092591936038788,0.0,0.0,0.0,0.0,0.0,0.0,1.0,0.0,0.0,0.0,0.0,1.0,1.0,0.0,0.0,0.0,0
1.1220777165631919,0.2966182271344984,0.3294592345679847,-0.231511043497986,-1.0075283371329782,1.2714566512934178,1.0,0.0,1.0,0.0,0.0,0.0,1.0,1.0,0.0,0.0,1.0,0.0,1.0,0.0,1.0,1.0,0
-1.0247314041749511,-0.10510053576078714,0.6585353185292598,0.40572411086205507,-1.0075283371329782,0.3619108148407351,1.0,0.0,0.0,0.0,0.0,0.0,1.0,0.0,0.0,0.0,1.0,0.0,0.0,0.0,0.0,0.0,0
0.50755816179842,-0.0397190782629625,1.0010774315017377,-1.3237687441822086,-1.0075283371329782,-0.44657437311720516,1.0,0.0,1.0,0.0,0.0,1.0,0.0,0.0,1.0,0.0,0.0,1.0,0.0,1.0,0.0,0.0,1
-1.5678121494890143,1.518748548055367,-0.364041259508975,-0.9369486824301069,0.9925279152401798,-0.44657437311720516,0.0,0.0,1.0,0.0,0.0,1.0,0.0,1.0,0.0,0.0,1.0,0.0,1.0,0.0,1.0,0.0,1
-0.9416291156302488,-2.3029233762645718,1.7248764908539043,-0.8870692534147048,0.9925279152401798,-1.709832479301487,1.0,0.0,0.0,0.0,0.0,0.0,1.0,1.0,0.0,0.0,0.0,0.0,1.0,0.0,0.0,1.0,0
-0.5166410961428672,0.0457797507726538,-1.011252278859923,0.7742211170574783,0.9925279152401798,0.3619108148407351,1.0,0.0,1.0,0.0,0.0,1.0,0.0,0.0,0.0,0.0,0.0,1.0,1.0,0.0,0.0,0.0,1
0.2721016775884297,0.8894520196388083,-0.094720679284913,-0.30378531819377275,-1.0075283371329782,0.1092591936038788,0.0,0.0,0.0,0.0,0.0,0.0,1.0,0.0,1.0,0.0,1.0,0.0,0.0,0.0,1.0,1.0,0
-2.033622345805372,-0.8469286112168698,-0.7452982058886618,0.5156624442021258,0.9925279152401798,1.0693353543039326,0.0,1.0,0.0,0.0,0.0,0.0,0.0,1.0,0.0,0.0,0.0,0.0,0.0,0.0,0.0,1.0,0
0.34572738936926284,-0.8613879720096581,-1.1433876885323533,0.33243188863534123,0.9925279152401798,1.0188050300565614,0.0,1.0,0.0,0.0,0.0,0.0,0.0,0.0,0.0,0.0,0.0,0.0,0.0,1.0,1.0,1.0,0
1.0338726559148679,-0.3653690300309722,0.29242765478717525,-0.3078571083174797,-1.0075283371329782,-2.0130144247857147,0.0,1.0,1.0,0.0,0.0,0.0,0.0,0.0,0.0,0.0,1.0,0.0,0.0,1.0,1.0,0.0,0
-0.7776114408709679,1.6099053878359875,1.7720075923931153,-1.1608971392339553,-1.0075283371329782,0.4629714633354778,0.0,1.0,0.0,0.0,0.0,0.0,1.0,1.0,0.0,0.0,0.0,0.0,0.0,1.0,1.0,0.0,0
-0.5304914775669852,-0.3169616047681598,1.2257917906261895,-0.22133156818871932,0.9925279152401798,-0.09286210338560645,0.0,0.0,0.0,1.0,0.0,0.0,1.0,0.0,0.0,0.0,1.0,0.0,0.0,0.0,1.0,1.0,0
0.22836363098595522,-0.21008806847363964,-2.0750685707449668,0.5044650213619334,0.9925279152401798,1.0693353543039326,0.0,1.0,0.0,0.0,0.0,1.0,0.0,0.0,0.0,0.0,0.0,0.0,0.0,1.0,0.0,0.0,1
0.015505137520577217,0.8127545406509761,0.3395587563263862,0.03417326207385192,-1.0075283371329782,2.079941839251358,0.0,1.0,0.0,0.0,0.0,0.0,0.0,1.0,0.0,0.0,1.0,0.0,1.0,0.0,0.0,1.0,0
-0.08363443477836587,-1.1581192021920912,-1.4539479826032244,0.23674482072824274,0.9925279152401798,-0.9518776155909179,1.0,0.0,1.0,0.0,0.0,0.0,1.0,0.0,0.0,0.0,0.0,1.0,0.0,1.0,0.0,0.0,0
-2.1867055089140344,-0.4420665090188044,-0.9405556265511066,-1.9671115837278086,-1.0075283371329782,-0.5476350216119478,0.0,1.0,0.0,0.0,0.0,0.0,0.0,0.0,0.0,0.0,1.0,0.0,1.0,0.0,0.0,1.0,0
-0.3176329841016072,0.7448584117109279,-1.862136987005318,-1.0438331731773978,-1.0075283371329782,1.7767598937671305,0.0,1.0,0.0,0.0,0.0,1.0,0.0,0.0,0.0,0.0,0.0,0.0,0.0,0.0,0.0,0.0,1
1.7992884714581787,1.3647249222191462,0.168708513246747,0.20417049973859136,-1.0075283371329782,1.0188050300565614,1.0,0.0,1.0,0.0,0.0,1.0,0.0,0.0,0.0,0.0,0.0,1.0,0.0,0.0,0.0,0.0,1
-0.814059813039697,-0.9720335154675145,1.6070487370058768,-0.5959362595697023,-1.0075283371329782,0.058728869356507264,0.0,1.0,0.0,0.0,0.0,1.0,0.0,0.0,1.0,0.0,1.0,0.0,0.0,0.0,1.0,0.0,1
0.2269056960992053,-1.046844990873679,0.7502726411680811,1.0297259473200495,0.9925279152401798,1.0188050300565614,0.0,0.0,1.0,0.0,0.0,1.0,0.0,0.0,0.0,1.0,1.0,0.0,0.0,0.0,0.0,1.0,0
-0.07926063011811821,-0.1729966647008353,0.18385779588435103,0.2224935552952705,-1.0075283371329782,0.56403211183022,0.0,0.0,1.0,0.0,0.0,0.0,1.0,0.0,0.0,1.0,1.0,0.0,1.0,0.0,1.0,1.0,0
2.0522401743091585,0.659988250535868,0.9455300618305253,0.2571037713467732,0.9925279152401798,0.1092591936038788,1.0,0.0,1.0,0.0,0.0,0.0,0.0,0.0,0.0,1.0,0.0,0.0,1.0,0.0,0.0,1.0,0
-0.7054436639768842,-1.3882116391555883,-2.493357096905463,0.1339321201046574,0.9925279152401798,-0.5476350216119478,1.0,0.0,0.0,1.0,0.0,0.0,1.0,0.0,1.0,0.0,1.0,0.0,0.0,0.0,0.0,0.0,0
2.0522401743091585,-0.4049751052460005,-1.5465269320552457,-0.7109643305644057,-1.0075283371329782,-1.911953776290972,1.0,0.0,0.0,1.0,0.0,1.0,0.0,0.0,1.0,0.0,0.0,0.0,0.0,1.0,0.0,1.0,0
-2.232630457846633,-2.3154967334756913,0.09296210005873035,-0.40965186141013793,-1.0075283371329782,-0.9518776155909179,0.0,1.0,0.0,1.0,0.0,1.0,0.0,0.0,1.0,0.0,1.0,0.0,0.0,1.0,1.0,1.0,1
1.3903377357250384,-0.17614000400361557,-0.0711551285153075,-2.5381801485776214,-1.0075283371329782,0.21031984209862142,0.0,1.0,0.0,0.0,0.0,1.0,0.0,0.0,0.0,1.0,0.0,0.0,1.0,0.0,0.0,0.0,1
-0.5312204450103591,-1.3247161852394318,0.7873042209488894,0.16854233615616154,-1.0075283371329782,-0.9518776155909179,1.0,0.0,1.0,0.0,0.0,0.0,0.0,1.0,0.0,0.0,0.0,0.0,0.0,1.0,0.0,0.0,0
1.6782798758579984,1.5514392768042788,1.060832935238952,-1.6169376330890646,0.9925279152401798,-0.09286210338560645,0.0,0.0,1.0,0.0,0.0,0.0,0.0,0.0,0.0,1.0,1.0,0.0,1.0,0.0,1.0,0.0,0
-2.678758533191877,1.333291529191346,-0.002141729832892262,-0.4198313367194032,-1.0075283371329782,1.7767598937671305,1.0,0.0,1.0,0.0,0.0,0.0,0.0,0.0,0.0,0.0,0.0,0.0,1.0,0.0,0.0,1.0,0
0.3544749986897571,-1.063190355248135,1.369709975683423,-0.47378255585851214,-1.0075283371329782,-0.6486956701066902,0.0,0.0,1.0,0.0,0.0,1.0,0.0,1.0,0.0,0.0,0.0,1.0,0.0,1.0,0.0,1.0,0
-0.46925821232352005,-0.3194762762103842,0.6130874706164489,-1.8928014139701677,0.9925279152401798,0.7661534088197052,0.0,0.0,1.0,0.0,0.0,0.0,1.0,1.0,0.0,0.0,0.0,1.0,1.0,0.0,1.0,0.0,0
-0.05010193238313555,-0.9267694295074823,0.32693435412838406,0.5400931849443632,-1.0075283371329782,-0.8002866428488041,0.0,0.0,0.0,0.0,0.0,0.0,0.0,0.0,0.0,1.0,0.0,0.0,0.0,0.0,0.0,0.0,0
-0.23671759788702865,-0.0045136780718271095,-0.7427733254490617,-1.0672459663887095,-1.0075283371329782,-0.34551372462246277,0.0,1.0,1.0,0.0,0.0,0.0,0.0,1.0,0.0,0.0,0.0,1.0,1.0,0.0,1.0,0.0,0
0.7379118739047875,-0.4005744302221085,-0.7865379197354715,0.12171674973353794,0.9925279152401798,-1.760362803548858,1.0,0.0,1.0,0.0,0.0,0.0,1.0,1.0,0.0,0.0,0.0,0.0,0.0,1.0,0.0,0.0,0
-0.10331655574947927,-1.9672147387276662,-0.2807202050021551,0.7406288485368998,0.9925279152401798,-0.44657437311720516,0.0,1.0,1.0,0.0,0.0,0.0,1.0,1.0,0.0,0.0,1.0,0.0,0.0,0.0,1.0,0.0,0
-0.2724370026123828,-0.9670041725830665,0.15355923060914414,0.1492013330685567,0.9925279152401798,1.1198656785513041,0.0,0.0,1.0,0.0,0.0,0.0,0.0,0.0,1.0,0.0,0.0,1.0,0.0,0.0,0.0,0.0,0
1.8488582576076498,0.3242796129989624,-1.1492790762247547,-0.156182926209418,0.9925279152401798,1.2714566512934178,0.0,0.0,1.0,0.0,0.0,1.0,0.0,0.0,0.0,1.0,1.0,0.0,0.0,1.0,0.0,0.0,1
-1.7157925404940544,-0.7331397284562337,1.2165338956809872,0.07794500590369566,-1.0075283371329782,0.1597895178512499,0.0,1.0,1.0,0.0,0.0,0.0,0.0,0.0,0.0,0.0,1.0,0.0,0.0,1.0,1.0,0.0,0
-1.2106181022354694,0.5726034179185836,-0.8572345720442879,1.0846951139900856,-1.0075283371329782,0.6650927603249626,0.0,0.0,0.0,0.0,0.0,0.0,1.0,0.0,0.0,1.0,0.0,1.0,1.0,0.0,0.0,0.0,0
1.4880193731372326,-0.0397190782629625,0.32609272731518346,-0.6987489601932877,0.9925279152401798,0.3619108148407351,0.0,0.0,1.0,0.0,0.0,0.0,1.0,1.0,0.0,0.0,1.0,0.0,0.0,1.0,0.0,0.0,0
0.5483803386273967,0.3267942844411868,1.9487492231651553,-0.09408812682289654,-1.0075283371329782,-1.0529382640856604,0.0,1.0,0.0,0.0,0.0,0.0,0.0,0.0,0.0,0.0,0.0,1.0,0.0,1.0,0.0,0.0,0
0.030813453831442978,0.401605759847351,0.4085721550088027,0.3273421509807086,-1.0075283371329782,-0.09286210338560645,0.0,0.0,0.0,0.0,0.0,0.0,0.0,0.0,1.0,0.0,0.0,0.0,1.0,0.0,1.0,0.0,0
-1.0670115158906768,0.7511450903164885,1.6036822297530768,-0.5389311978378135,-1.0075283371329782,-0.29498340037509146,0.0,1.0,0.0,1.0,0.0,0.0,0.0,0.0,0.0,0.0,0.0,1.0,0.0,0.0,1.0,1.0,0
-1.0181706971845796,0.8617906337743443,1.2964884429350059,-0.9196435744043547,-1.0075283371329782,-0.9518776155909179,0.0,0.0,1.0,0.0,0.0,0.0,1.0,0.0,0.0,0.0,0.0,0.0,1.0,0.0,1.0,1.0,0
0.5221375106659117,-1.5227465613145725,0.8983989602913144,-0.9420384200847395,-1.0075283371329782,0.7661534088197052,0.0,1.0,1.0,0.0,0.0,0.0,1.0,0.0,0.0,1.0,0.0,0.0,0.0,1.0,1.0,1.0,0
-0.2644183607352624,0.4236091349668107,0.49357646314202136,-0.8697641453889527,0.9925279152401798,-0.8508169670961755,0.0,0.0,0.0,0.0,0.0,1.0,0.0,0.0,0.0,0.0,0.0,1.0,1.0,0.0,0.0,1.0,0
0.5367168595334025,-1.0198122728697705,-0.0004584762064910148,-0.38522112066789904,0.9925279152401798,-1.2550595610751456,0.0,0.0,1.0,0.0,0.0,0.0,0.0,1.0,0.0,0.0,0.0,1.0,0.0,0.0,1.0,1.0,0
0.2968865706631657,-0.8079512038623978,0.757847282486882,0.30392935776939684,0.9925279152401798,1.0693353543039326,0.0,0.0,0.0,0.0,0.0,1.0,0.0,0.0,1.0,0.0,1.0,0.0,0.0,1.0,0.0,0.0,1
-1.2157208743390915,0.19603136944553842,-0.16541733159372948,1.6435483084687788,0.9925279152401798,0.058728869356507264,1.0,0.0,0.0,1.0,0.0,0.0,0.0,0.0,0.0,0.0,0.0,0.0,0.0,0.0,1.0,0.0,0
1.9516426671234666,-0.9424861260213824,-0.011399624778094336,-1.099820287378361,-1.0075283371329782,-1.5077111823120017,0.0,1.0,1.0,0.0,0.0,1.0,0.0,0.0,0.0,1.0,0.0,1.0,1.0,0.0,1.0,0.0,1
-0.3176329841016072,0.7932658369737408,-0.8185197386370789,-1.2382611515843753,0.9925279152401798,-0.7497563186014329,0.0,1.0,0.0,1.0,0.0,0.0,1.0,1.0,0.0,0.0,1.0,0.0,0.0,0.0,0.0,1.0,0
-1.7558857498796567,0.29473222355283035,0.43213770577840815,-0.8147949787189167,-1.0075283371329782,-1.4571808580646306,0.0,0.0,0.0,0.0,0.0,1.0,0.0,0.0,1.0,0.0,0.0,1.0,1.0,0.0,0.0,0.0,1
-1.0312921111653222,1.2459066965740617,0.6829424961120648,0.4159035861713203,0.9925279152401798,0.058728869356507264,1.0,0.0,0.0,1.0,0.0,0.0,1.0,1.0,0.0,0.0,0.0,0.0,1.0,0.0,0.0,1.0,0
-0.2746239049425066,-1.360550253291124,-0.44483743357619293,-0.759825812048882,-1.0075283371329782,0.3619108148407351,0.0,1.0,1.0,0.0,0.0,1.0,0.0,0.0,1.0,0.0,0.0,1.0,0.0,1.0,1.0,0.0,1
0.3508301614728844,-1.396384321342816,0.910181735676117,-0.42186723178125596,-1.0075283371329782,-0.7497563186014329,0.0,1.0,0.0,0.0,0.0,0.0,0.0,1.0,0.0,0.0,1.0,0.0,0.0,1.0,0.0,1.0,0
0.2546064589474401,-0.22391876140587164,0.5996214416052461,0.5920085090216195,0.9925279152401798,-0.29498340037509146,1.0,0.0,0.0,0.0,0.0,0.0,1.0,1.0,0.0,0.0,1.0,0.0,0.0,1.0,0.0,1.0,0
-0.06905508591087402,-1.2077839631760154,0.05593052027792205,-0.044208697807494514,-1.0075283371329782,0.21031984209862142,1.0,0.0,0.0,0.0,0.0,0.0,0.0,0.0,1.0,0.0,0.0,1.0,0.0,1.0,0.0,0.0,0
2.0522401743091585,-0.807322536001842,-2.709129171139661,-0.33737758671434975,0.9925279152401798,0.2608501663459925,0.0,0.0,0.0,1.0,0.0,0.0,0.0,0.0,1.0,0.0,0.0,0.0,1.0,0.0,1.0,0.0,0
-1.3082997396476634,-0.5413960309866527,0.15524248423554418,-0.759825812048882,0.9925279152401798,-1.1034685883330317,1.0,0.0,0.0,1.0,0.0,1.0,0.0,0.0,1.0,0.0,0.0,1.0,1.0,0.0,0.0,0.0,1
-2.7116531890741546,-1.0172976014275465,1.3730764829362232,-0.42899286449774277,-1.0075283371329782,-1.1034685883330317,0.0,1.0,0.0,1.0,0.0,1.0,0.0,0.0,0.0,1.0,0.0,1.0,1.0,0.0,1.0,0.0,1
-0.23525966300027873,0.14950994776439366,-0.7107915065474542,-1.594542787408679,0.9925279152401798,0.2608501663459925,0.0,0.0,1.0,0.0,0.0,0.0,1.0,0.0,0.0,0.0,0.0,0.0,1.0,0.0,1.0,0.0,0
1.1147880421294465,1.0497623240805896,1.4269405989810355,0.846495391753265,-1.0075283371329782,1.6251689210250169,0.0,0.0,1.0,0.0,0.0,0.0,1.0,0.0,1.0,0.0,1.0,0.0,0.0,0.0,0.0,0.0,0
-0.2534838490846433,-2.734896779949114,1.0692492033709535,-0.16738034904961036,-1.0075283371329782,-0.8002866428488041,0.0,1.0,0.0,0.0,0.0,0.0,0.0,0.0,1.0,0.0,0.0,1.0,0.0,0.0,0.0,1.0,0
0.5352589246466537,-2.0143648282693665,-0.045906324119301956,-1.5955607349396062,0.9925279152401798,0.1092591936038788,0.0,0.0,1.0,0.0,0.0,0.0,1.0,0.0,0.0,0.0,0.0,1.0,0.0,0.0,0.0,1.0,0
-1.6385219914963491,0.5241959926557717,-0.12586087137332053,-0.7873103953838994,0.9925279152401798,-0.9518776155909179,0.0,1.0,1.0,0.0,0.0,0.0,0.0,1.0,0.0,0.0,0.0,1.0,0.0,1.0,0.0,1.0,0
0.23273743564620286,-1.2605920634627197,0.9648874785341301,-0.07372917620436605,0.9925279152401798,0.7661534088197052,0.0,1.0,1.0,0.0,0.0,0.0,1.0,0.0,0.0,0.0,0.0,0.0,1.0,0.0,0.0,1.0,0
-0.8534240549819243,0.27084284485170257,0.9093401088629177,1.3290025214124646,-1.0075283371329782,-0.6992259943540615,1.0,0.0,0.0,1.0,0.0,0.0,1.0,0.0,0.0,0.0,1.0,0.0,0.0,1.0,1.0,1.0,0
0.5104740315719176,0.06023911156544121,0.7763630723772862,0.9482901448459233,-1.0075283371329782,0.1092591936038788,0.0,1.0,0.0,1.0,0.0,0.0,1.0,0.0,0.0,1.0,0.0,0.0,0.0,1.0,1.0,0.0,0
0.11974748192314187,-1.432847057255064,-0.018132639283695736,-0.7028207503169932,-1.0075283371329782,0.1597895178512499,0.0,0.0,0.0,1.0,0.0,1.0,0.0,0.0,0.0,1.0,0.0,1.0,0.0,1.0,1.0,1.0,0
-0.24911004442439563,-0.4558972019510364,0.8361185761145005,1.02056441954171,-1.0075283371329782,-0.5981653458593191,1.0,0.0,1.0,0.0,0.0,0.0,1.0,0.0,1.0,0.0,1.0,0.0,0.0,0.0,1.0,1.0,0
0.3960261429621088,0.17968600507108204,-0.5180589663246101,1.8949813486076446,-1.0075283371329782,-1.1034685883330317,0.0,1.0,1.0,0.0,0.0,1.0,0.0,1.0,0.0,0.0,0.0,1.0,1.0,0.0,0.0,0.0,1
-1.4621118701997002,-0.7721171358107057,-0.8260943799558804,-2.4211161825210645,0.9925279152401798,2.079941839251358,0.0,1.0,0.0,1.0,0.0,1.0,0.0,0.0,1.0,0.0,0.0,1.0,1.0,0.0,0.0,1.0,0
-0.22942792345328222,0.516023310468543,-0.2133900599461399,-0.5002491916626038,0.9925279152401798,-1.356120209569888,0.0,1.0,1.0,0.0,0.0,0.0,0.0,0.0,1.0,0.0,1.0,0.0,0.0,1.0,0.0,1.0,0
-0.5523605008682224,-0.2911862224853639,0.9943444169961364,-0.39234675338438585,0.9925279152401798,-0.39604404886983385,1.0,0.0,0.0,0.0,0.0,0.0,1.0,1.0,0.0,0.0,0.0,1.0,0.0,1.0,0.0,0.0,0
-0.3409599422895933,-2.734896779949114,-0.5921221258862267,-0.41575954659569764,-1.0075283371329782,0.008198545109136179,1.0,0.0,1.0,0.0,0.0,0.0,1.0,0.0,0.0,1.0,0.0,0.0,0.0,0.0,0.0,0.0,0
1.8058491784485502,-1.4253030429283922,-1.1635867320491582,1.1406822281910474,0.9925279152401798,-1.5077111823120017,0.0,0.0,1.0,0.0,0.0,0.0,1.0,0.0,1.0,0.0,0.0,0.0,1.0,0.0,1.0,1.0,0
-0.6740980639117772,1.5206345516370352,-0.762972368965866,-0.6488695311778843,-1.0075283371329782,1.4735779482829032,0.0,0.0,1.0,0.0,0.0,1.0,0.0,0.0,0.0,0.0,1.0,0.0,1.0,0.0,1.0,0.0,1
-0.47946375653076423,-1.6987735622702533,0.9219645110609198,-0.8718000404508055,-1.0075283371329782,-2.265666046022571,0.0,1.0,1.0,0.0,0.0,1.0,0.0,0.0,1.0,0.0,0.0,0.0,0.0,1.0,0.0,0.0,1
0.7349960041312897,-1.3718662747811319,0.2840113866551738,-1.6311888985220369,-1.0075283371329782,1.0693353543039326,0.0,0.0,0.0,0.0,0.0,1.0,0.0,0.0,0.0,0.0,0.0,1.0,1.0,0.0,1.0,1.0,0
0.28376515668242275,-1.1625198772159833,0.3690156947883937,-1.6454401639550083,-1.0075283371329782,-0.24445307612772016,0.0,1.0,0.0,0.0,0.0,0.0,0.0,0.0,1.0,0.0,1.0,0.0,1.0,0.0,1.0,1.0,0
-0.194437486171302,-0.800407189535726,-1.5541015733740478,-0.8687461978580256,-1.0075283371329782,0.8672140573144478,0.0,0.0,1.0,0.0,0.0,1.0,0.0,1.0,0.0,0.0,0.0,0.0,0.0,0.0,1.0,1.0,0
0.24804575195706863,-0.5206499915883047,-1.4329073122732194,-0.14803934596200552,0.9925279152401798,-0.09286210338560645,0.0,1.0,1.0,0.0,0.0,0.0,0.0,0.0,0.0,1.0,0.0,0.0,0.0,0.0,0.0,0.0,0
0.5031843571381722,1.767072352974988,-0.7983206951202741,-1.079461336759829,-1.0075283371329782,0.21031984209862142,0.0,1.0,1.0,0.0,0.0,0.0,1.0,0.0,1.0,0.0,0.0,1.0,0.0,1.0,1.0,0.0,0
1.8444844529474032,-0.1604233074897155,-0.5037513105002067,-1.0000614293475554,-1.0075283371329782,-0.24445307612772016,0.0,1.0,0.0,0.0,0.0,1.0,0.0,0.0,1.0,0.0,0.0,1.0,0.0,0.0,0.0,0.0,1
0.3661384777837512,-1.7157475945052652,-2.051503019975361,-0.8494051947704209,-1.0075283371329782,1.2714566512934178,1.0,0.0,1.0,0.0,0.0,0.0,1.0,0.0,0.0,1.0,0.0,1.0,1.0,0.0,1.0,1.0,0
-0.7331444268251185,-1.1524611914470875,0.351341531711189,-0.5104286669718691,-1.0075283371329782,-0.6992259943540615,0.0,0.0,1.0,0.0,0.0,0.0,0.0,0.0,0.0,1.0,0.0,0.0,0.0,1.0,0.0,0.0,0
-1.5379244843106568,2.1493024121930375,0.5011511044608234,0.35177289172294607,-1.0075283371329782,-0.04233177913823491,0.0,0.0,1.0,0.0,0.0,0.0,1.0,1.0,0.0,0.0,1.0,0.0,1.0,0.0,1.0,1.0,0
-0.8629006317457941,1.5614979625731755,-0.38424030302577916,0.8383518115058526,-1.0075283371329782,-0.6992259943540615,0.0,0.0,1.0,0.0,0.0,0.0,1.0,0.0,0.0,0.0,1.0,0.0,1.0,0.0,0.0,1.0,0
1.7941856993545562,2.1235270299102416,-1.0154604129259237,-0.38725701572975324,0.9925279152401798,-1.2550595610751456,0.0,1.0,0.0,1.0,0.0,0.0,0.0,1.0,0.0,0.0,1.0,0.0,0.0,0.0,1.0,1.0,0
-0.4109408168535537,-0.16168064321082726,-1.6374226278808663,1.5712740337729922,-1.0075283371329782,-0.39604404886983385,0.0,0.0,0.0,1.0,0.0,0.0,1.0,0.0,0.0,1.0,0.0,0.0,0.0,1.0,1.0,1.0,0
-1.2536271813945699,0.0671544580315572,0.20405683940115524,-1.005151167002188,0.9925279152401798,0.4629714633354778,0.0,1.0,1.0,0.0,0.0,0.0,0.0,0.0,0.0,1.0,0.0,0.0,0.0,0.0,1.0,0.0,0
-0.0005321462336634994,-1.2907681207694077,0.33366736863398544,2.472157598643017,0.9925279152401798,1.5241082725302741,0.0,0.0,0.0,0.0,0.0,0.0,0.0,0.0,0.0,1.0,0.0,1.0,1.0,0.0,1.0,1.0,0
-1.2113470696788442,-0.19311403623862738,1.6836367770070941,-0.3536647472091762,0.9925279152401798,1.0693353543039326,1.0,0.0,1.0,0.0,0.0,1.0,0.0,0.0,0.0,1.0,0.0,1.0,0.0,0.0,1.0,0.0,1
0.6591833900203328,-2.221196554392291,-1.687920236672878,-0.7893462904457521,0.9925279152401798,1.3725172997881605,0.0,1.0,1.0,0.0,0.0,1.0,0.0,1.0,0.0,0.0,1.0,0.0,1.0,0.0,0.0,0.0,1
-0.05884954170362983,0.6606169183964233,0.8302271884220985,0.0657296355325762,0.9925279152401798,0.008198545109136179,0.0,0.0,0.0,1.0,0.0,0.0,0.0,1.0,0.0,0.0,1.0,0.0,0.0,0.0,0.0,0.0,0
0.8705839485989619,0.48207524599851936,0.7898291013884902,1.1895437096755237,-1.0075283371329782,-0.9518776155909179,0.0,1.0,0.0,1.0,0.0,1.0,0.0,1.0,0.0,0.0,0.0,1.0,0.0,0.0,0.0,0.0,1
1.4216833357901448,0.465729881624063,-0.3497336036845715,-1.0143126947805277,-1.0075283371329782,-2.114075073280457,1.0,0.0,0.0,0.0,0.0,0.0,0.0,0.0,1.0,0.0,0.0,1.0,0.0,1.0,0.0,0.0,0
-0.16527878843631935,0.6059228145280517,1.1862353304057804,0.5075188639547134,0.9925279152401798,-0.44657437311720516,1.0,0.0,1.0,0.0,0.0,0.0,1.0,1.0,0.0,0.0,0.0,1.0,0.0,1.0,0.0,1.0,0
-1.8936605966774527,-0.2962155653698118,-1.4185996564488161,-2.4608161362272014,0.9925279152401798,-0.5476350216119478,1.0,0.0,1.0,0.0,0.0,0.0,1.0,0.0,0.0,1.0,1.0,0.0,1.0,0.0,1.0,1.0,0
-2.113808764576576,-0.7664591250657019,-0.19487427005573577,1.7931865955149864,-1.0075283371329782,0.3619108148407351,0.0,0.0,1.0,0.0,0.0,1.0,0.0,1.0,0.0,0.0,1.0,0.0,1.0,0.0,0.0,0.0,1
-0.857797859642172,0.6857636328186638,-0.09977044016411435,1.0867310090519384,-1.0075283371329782,0.4629714633354778,0.0,1.0,0.0,1.0,0.0,0.0,1.0,0.0,1.0,0.0,1.0,0.0,0.0,0.0,1.0,1.0,0
-0.757929319899854,-1.122913802000955,-0.5290001148962122,-1.0489229108320317,-1.0075283371329782,-1.0024079398382892,1.0,0.0,0.0,1.0,0.0,0.0,1.0,1.0,0.0,0.0,1.0,0.0,0.0,1.0,1.0,1.0,0
-1.1996835905848506,-0.807322536001842,-0.6813345680854473,-0.7089284355025529,-1.0075283371329782,0.8166837330670763,0.0,0.0,1.0,0.0,0.0,0.0,1.0,0.0,1.0,0.0,1.0,0.0,0.0,1.0,1.0,1.0,0
1.706709606149607,0.7574317689220481,-0.27567044412295494,0.512608601609346,0.9925279152401798,-0.24445307612772016,0.0,1.0,0.0,0.0,0.0,0.0,0.0,0.0,0.0,1.0,0.0,1.0,0.0,1.0,0.0,1.0,0
0.22763466354258025,0.9145987340610487,0.7418563730360785,1.6140278300719089,0.9925279152401798,0.6650927603249626,1.0,0.0,0.0,1.0,0.0,1.0,0.0,1.0,0.0,0.0,1.0,0.0,0.0,1.0,1.0,1.0,0
-0.21922237924603802,0.27775819131781854,-2.014471440194553,-0.04522664533842162,0.9925279152401798,0.1597895178512499,0.0,1.0,1.0,0.0,0.0,1.0,0.0,0.0,0.0,1.0,1.0,0.0,1.0,0.0,0.0,1.0,0
-1.2944493582235461,0.5751180893608071,0.5642731154508379,0.2662652991251128,-1.0075283371329782,0.8672140573144478,1.0,0.0,1.0,0.0,0.0,1.0,0.0,1.0,0.0,0.0,0.0,0.0,1.0,0.0,1.0,0.0,1
-0.964227106374861,0.46510121376350666,-0.25883790785895083,-1.277961105290512,-1.0075283371329782,-0.4971046973645765,1.0,0.0,1.0,0.0,0.0,1.0,0.0,0.0,0.0,0.0,0.0,0.0,1.0,0.0,1.0,1.0,0
0.6533516504733362,0.29221755211060596,0.43971234709720897,-0.8422795620539354,0.9925279152401798,0.6650927603249626,1.0,0.0,0.0,1.0,0.0,0.0,0.0,0.0,0.0,1.0,0.0,1.0,1.0,0.0,0.0,0.0,0
0.42372690581034256,0.2148914052622183,-0.5626651874242204,-0.3241442688123047,-1.0075283371329782,-0.7497563186014329,0.0,1.0,0.0,1.0,0.0,1.0,0.0,1.0,0.0,0.0,0.0,1.0,1.0,0.0,0.0,0.0,1
-0.30378260267748924,1.3691255972430387,-0.2798785781889557,-1.3339482194914745,0.9925279152401798,-1.0024079398382892,0.0,0.0,1.0,0.0,0.0,1.0,0.0,0.0,1.0,0.0,0.0,0.0,0.0,1.0,1.0,1.0,0
0.2655409705980582,-0.7545144357151375,0.5053592385268242,-0.7740770774818543,0.9925279152401798,1.6251689210250169,0.0,1.0,1.0,0.0,0.0,1.0,0.0,0.0,1.0,0.0,0.0,0.0,0.0,1.0,0.0,1.0,0
-0.5640239799622155,0.7869791583681801,-1.1492790762247547,0.9350568269438781,-1.0075283371329782,0.6650927603249626,0.0,1.0,1.0,0.0,0.0,0.0,0.0,0.0,1.0,0.0,0.0,1.0,1.0,0.0,1.0,1.0,0
-0.7776114408709679,0.3047909093217262,0.8950324530385142,-0.7343771237757175,-1.0075283371329782,0.1597895178512499,0.0,1.0,0.0,0.0,0.0,1.0,0.0,0.0,0.0,1.0,0.0,1.0,0.0,0.0,0.0,0.0,1
1.7191020526869751,-0.7652017893445897,-2.30651594437502,0.986972151021133,0.9925279152401798,1.6251689210250169,0.0,1.0,0.0,1.0,0.0,0.0,0.0,0.0,0.0,0.0,0.0,0.0,0.0,1.0,0.0,0.0,0
-0.4860244635211347,0.20609005521443424,-0.3833986762125791,-1.0947305497237267,0.9925279152401798,-0.7497563186014329,1.0,0.0,0.0,0.0,0.0,1.0,0.0,0.0,0.0,1.0,1.0,0.0,0.0,1.0,1.0,1.0,0
0.8807894928062061,-0.9802061976547426,-0.7402484450094611,-1.9223218923670393,-1.0075283371329782,1.1198656785513041,0.0,0.0,0.0,1.0,0.0,1.0,0.0,0.0,1.0,0.0,0.0,1.0,0.0,1.0,0.0,1.0,0
1.71035444336648,-0.37291304435764405,2.18861286492721,-0.830064191682816,0.9925279152401798,0.2608501663459925,0.0,1.0,1.0,0.0,0.0,1.0,0.0,0.0,0.0,1.0,0.0,1.0,1.0,0.0,1.0,0.0,1
-2.400292969822787,-1.8389664951742417,0.0020664042331096596,-0.3221083737504519,0.9925279152401798,-0.09286210338560645,0.0,0.0,1.0,0.0,0.0,0.0,0.0,0.0,0.0,1.0,0.0,0.0,1.0,0.0,1.0,1.0,1
-0.12372764416396766,0.11996255831826162,-0.08967091840571165,0.9452363022531434,-1.0075283371329782,1.9788811907566157,0.0,0.0,1.0,0.0,0.0,0.0,1.0,0.0,0.0,1.0,0.0,1.0,0.0,0.0,1.0,0.0,0
0.5724362642587577,-0.011429024537943101,0.8226525471032977,0.9645773053407483,0.9925279152401798,-0.5981653458593191,1.0,0.0,0.0,0.0,0.0,0.0,0.0,0.0,0.0,0.0,0.0,1.0,0.0,1.0,1.0,0.0,0
-0.1681946582098171,0.7027376650536756,-2.2400274261322046,0.8902671355831088,-1.0075283371329782,1.4735779482829032,0.0,1.0,0.0,1.0,0.0,0.0,0.0,0.0,1.0,0.0,1.0,0.0,1.0,0.0,1.0,0.0,0
0.3289611381716472,-0.3534243406804083,0.995186043809337,-1.042815225646472,-1.0075283371329782,0.21031984209862142,0.0,0.0,1.0,0.0,0.0,0.0,0.0,0.0,1.0,0.0,1.0,0.0,1.0,0.0,0.0,1.0,0
-0.36209999814745664,-0.1396772680913671,-0.16373407796732825,0.9533798825005559,-1.0075283371329782,0.008198545109136179,1.0,0.0,1.0,0.0,0.0,1.0,0.0,0.0,1.0,0.0,0.0,0.0,1.0,0.0,1.0,1.0,0
0.6628282272372055,-1.879201238249826,-0.9279312243531038,-0.9420384200847395,0.9925279152401798,-0.24445307612772016,1.0,0.0,0.0,1.0,0.0,1.0,0.0,0.0,1.0,0.0,1.0,0.0,1.0,0.0,0.0,0.0,1
1.5179070383155902,-1.3410615496138882,-0.19908240412173647,-0.19486493238462912,0.9925279152401798,0.41244113908810626,0.0,1.0,1.0,0.0,0.0,1.0,0.0,0.0,1.0,0.0,0.0,1.0,1.0,0.0,0.0,0.0,1
-1.6166529681951114,0.8366439193521048,1.3983252873322287,0.9024825059542267,0.9925279152401798,0.3113804905933636,1.0,0.0,0.0,1.0,0.0,0.0,1.0,1.0,0.0,0.0,0.0,0.0,0.0,1.0,0.0,1.0,0
-1.6917366148626933,-0.16293797893193948,-1.1888355364451637,1.7392353763758774,0.9925279152401798,-0.39604404886983385,1.0,0.0,0.0,0.0,0.0,1.0,0.0,0.0,1.0,0.0,0.0,1.0,0.0,0.0,0.0,0.0,1
-2.0474727272294895,-0.6030054813211412,-0.6821761948986473,0.5421290800062174,0.9925279152401798,0.3619108148407351,0.0,0.0,0.0,0.0,0.0,0.0,1.0,0.0,0.0,0.0,0.0,1.0,0.0,0.0,0.0,1.0,0
2.0522401743091585,0.22495009103111413,0.6206621119352509,-1.0855690219453886,0.9925279152401798,-1.2550595610751456,1.0,0.0,1.0,0.0,0.0,0.0,1.0,0.0,0.0,1.0,0.0,1.0,0.0,0.0,0.0,1.0,0
0.18535455182685465,-0.03343239965740283,0.5104089994060255,-0.41881338918847755,-1.0075283371329782,-0.4971046973645765,1.0,0.0,0.0,1.0,0.0,0.0,0.0,0.0,0.0,0.0,0.0,1.0,0.0,1.0,0.0,1.0,0
-0.5530894683115963,0.7964091762765205,0.0845458319267277,-1.334966167022401,-1.0075283371329782,-0.4971046973645765,0.0,1.0,0.0,1.0,0.0,0.0,1.0,0.0,0.0,1.0,0.0,1.0,0.0,1.0,1.0,0.0,0
-0.0457281277228879,-0.048520428310746565,-0.676284807206246,-0.4116877564719907,0.9925279152401798,-0.5981653458593191,0.0,1.0,0.0,0.0,0.0,1.0,0.0,1.0,0.0,0.0,1.0,0.0,0.0,1.0,1.0,0.0,1
-1.3826544188718706,-0.9638608332802867,-0.20413216500093784,-0.35570064227102893,0.9925279152401798,1.1703960027986753,0.0,0.0,0.0,0.0,0.0,1.0,0.0,0.0,1.0,0.0,0.0,0.0,0.0,1.0,0.0,0.0,1
0.2874099938992965,0.1482526120432819,-0.9826369672111163,0.6958391571761304,0.9925279152401798,-1.6087718308067445,1.0,0.0,1.0,0.0,0.0,0.0,0.0,0.0,0.0,0.0,0.0,1.0,0.0,0.0,1.0,0.0,1
1.067405158310098,0.8498459444237804,-0.10902833510931642,0.9655952528716754,0.9925279152401798,1.4735779482829032,1.0,0.0,0.0,1.0,0.0,0.0,1.0,0.0,0.0,1.0,0.0,0.0,1.0,0.0,0.0,1.0,0
-0.43426777504153985,-1.2398460240643714,-0.9321393584191051,1.2312795584435132,-1.0075283371329782,0.7661534088197052,1.0,0.0,0.0,0.0,0.0,0.0,1.0,0.0,0.0,0.0,1.0,0.0,0.0,0.0,1.0,1.0,0
0.8421542183073532,0.16396930855718198,-0.6308369592934356,-1.594542787408679,0.9925279152401798,0.3619108148407351,1.0,0.0,1.0,0.0,0.0,0.0,1.0,0.0,1.0,0.0,1.0,0.0,0.0,0.0,0.0,0.0,0
-0.8155177479264464,-1.7918164056325416,-0.7368819377566603,2.114858015287786,-1.0075283371329782,-0.8002866428488041,0.0,0.0,0.0,1.0,0.0,0.0,0.0,0.0,1.0,0.0,1.0,0.0,1.0,0.0,0.0,1.0,0
0.6868841528685665,0.6744476113286563,-0.07368000895490817,0.5604521355628952,0.9925279152401798,-0.04233177913823491,1.0,0.0,0.0,1.0,0.0,1.0,0.0,1.0,0.0,0.0,0.0,0.0,0.0,1.0,0.0,1.0,0
0.3522880963596343,-0.6897616460778693,-0.8134699777578777,0.4749445429650619,-1.0075283371329782,-0.29498340037509146,0.0,1.0,1.0,0.0,0.0,1.0,0.0,0.0,1.0,0.0,1.0,0.0,0.0,0.0,1.0,1.0,0
-0.0683261184675001,2.1493024121930375,-0.9371891192983058,2.021206842442542,-1.0075283371329782,-2.265666046022571,1.0,0.0,0.0,1.0,0.0,1.0,0.0,0.0,0.0,1.0,0.0,0.0,1.0,0.0,1.0,0.0,1
-0.8104149758228243,2.1493024121930375,-0.9321393584191051,0.8200287559491733,0.9925279152401798,-0.34551372462246277,0.0,1.0,1.0,0.0,0.0,1.0,0.0,0.0,1.0,0.0,0.0,0.0,0.0,0.0,0.0,1.0,0
-0.43426777504153985,-1.5108018719640086,0.22257262929155938,0.5390752374134375,0.9925279152401798,1.8778205422618728,0.0,0.0,0.0,1.0,0.0,0.0,0.0,0.0,0.0,0.0,0.0,0.0,0.0,1.0,0.0,0.0,0
-1.4402428468984625,0.7612037760853843,0.061821907970322824,-0.6376721083376918,0.9925279152401798,-2.265666046022571,0.0,1.0,1.0,0.0,0.0,0.0,1.0,0.0,0.0,0.0,0.0,1.0,0.0,0.0,1.0,0.0,1
1.5288415499662082,-1.0443303194314546,-0.5180589663246101,1.2139744504177612,-1.0075283371329782,-0.9013472913435465,0.0,0.0,0.0,1.0,0.0,0.0,1.0,0.0,0.0,0.0,0.0,0.0,0.0,1.0,0.0,1.0,0
0.6497068132564635,-0.02966039249406667,-1.6492054032656691,-1.833760457176426,-1.0075283371329782,0.8166837330670763,1.0,0.0,0.0,1.0,0.0,0.0,0.0,0.0,0.0,1.0,0.0,1.0,0.0,1.0,1.0,0.0,0
-0.23525966300027873,-1.0128969264036545,1.2712396385390003,1.6211534627883941,-1.0075283371329782,1.6251689210250169,0.0,0.0,1.0,0.0,0.0,0.0,0.0,0.0,1.0,0.0,1.0,0.0,1.0,0.0,0.0,0.0,0
0.3646805428970013,-0.4885879306999487,0.4018391405032013,0.7986518577997158,-1.0075283371329782,0.058728869356507264,1.0,0.0,0.0,0.0,0.0,0.0,1.0,0.0,0.0,0.0,1.0,0.0,1.0,0.0,1.0,0.0,0
0.48277326872368387,0.0457797507726538,1.0734573374369543,2.2919808856690125,0.9925279152401798,-0.09286210338560645,0.0,0.0,0.0,1.0,0.0,1.0,0.0,1.0,0.0,0.0,0.0,1.0,0.0,0.0,1.0,0.0,1
1.3495155588960617,-0.36976970505486423,0.5011511044608234,-0.3780954879514136,-1.0075283371329782,0.3113804905933636,0.0,1.0,0.0,1.0,0.0,0.0,0.0,0.0,1.0,0.0,1.0,0.0,0.0,0.0,0.0,0.0,0
0.40841858949947685,0.6832489613764403,-0.4061226001689846,-1.0845510744144615,-1.0075283371329782,0.21031984209862142,0.0,1.0,0.0,0.0,0.0,0.0,1.0,0.0,1.0,0.0,1.0,0.0,0.0,0.0,1.0,0.0,0
-0.1958954210580519,-0.3735417122182004,0.49357646314202136,0.2377627682591684,-1.0075283371329782,-0.4971046973645765,0.0,1.0,1.0,0.0,0.0,1.0,0.0,0.0,1.0,0.0,0.0,1.0,0.0,0.0,1.0,1.0,0
0.5833707759093758,-0.5011612879110685,0.20574009302755528,-0.16738034904961036,0.9925279152401798,-0.9518776155909179,0.0,0.0,0.0,0.0,0.0,1.0,0.0,0.0,0.0,0.0,0.0,0.0,1.0,0.0,1.0,1.0,0
-0.2972218956871188,-0.31193226188371187,2.120441093057994,0.7029647898926172,-1.0075283371329782,0.6145624360775915,1.0,0.0,0.0,1.0,0.0,0.0,0.0,0.0,0.0,0.0,0.0,0.0,1.0,0.0,1.0,1.0,0
0.99450841397264,0.810868537069308,-2.511872886795867,2.064978586272384,-1.0075283371329782,1.0693353543039326,1.0,0.0,1.0,0.0,0.0,0.0,1.0,0.0,0.0,1.0,0.0,1.0,1.0,0.0,0.0,1.0,0
0.04029003059531325,0.11430454757325739,0.6139290974296495,0.9187696664490518,-1.0075283371329782,-0.6992259943540615,0.0,0.0,0.0,0.0,0.0,0.0,1.0,0.0,0.0,1.0,0.0,0.0,0.0,1.0,0.0,0.0,0
-1.2135339720089675,0.9894102094672129,1.627247780522681,-0.2661212595494902,-1.0075283371329782,0.7156230845723341,0.0,0.0,0.0,1.0,0.0,1.0,0.0,0.0,0.0,1.0,1.0,0.0,1.0,0.0,1.0,0.0,1
-0.9576663993844895,-0.18494135405139964,-0.5971718867654281,-0.02181385212710982,-1.0075283371329782,-1.4571808580646306,0.0,1.0,1.0,0.0,0.0,1.0,0.0,0.0,0.0,0.0,1.0,0.0,1.0,0.0,0.0,1.0,0
0.8414252508639782,0.20168938019054175,0.8083448912788943,1.5783996664894775,0.9925279152401798,-0.8002866428488041,0.0,1.0,1.0,0.0,0.0,0.0,1.0,0.0,1.0,0.0,0.0,0.0,0.0,0.0,0.0,0.0,0
1.0987507583752056,-0.2547234865731159,1.7114104618427004,0.8923030306449615,0.9925279152401798,-0.4971046973645765,1.0,0.0,0.0,0.0,0.0,0.0,1.0,0.0,0.0,1.0,1.0,0.0,0.0,0.0,0.0,0.0,0
0.6118005062009846,-2.0250521818988183,-0.9279312243531038,1.1722386016497717,0.9925279152401798,0.1092591936038788,0.0,0.0,1.0,0.0,0.0,0.0,1.0,0.0,0.0,0.0,0.0,0.0,1.0,0.0,0.0,0.0,0
-0.5122672914826206,-0.4238351410626804,0.7157659418268724,0.1481833855376296,-1.0075283371329782,0.7661534088197052,0.0,1.0,0.0,1.0,0.0,0.0,0.0,1.0,0.0,0.0,0.0,1.0,1.0,0.0,1.0,0.0,0
0.03008448638806906,-0.42634981250490434,0.11400277038873517,-1.9569321084185427,0.9925279152401798,0.8166837330670763,1.0,0.0,1.0,0.0,0.0,1.0,0.0,0.0,0.0,1.0,0.0,0.0,0.0,1.0,0.0,0.0,1
-1.0035913483170884,-0.35531034426207636,0.4759023000648179,0.10135779911500746,-1.0075283371329782,0.21031984209862142,0.0,1.0,0.0,1.0,0.0,0.0,0.0,1.0,0.0,0.0,1.0,0.0,1.0,0.0,0.0,1.0,0
-0.6930512174395161,-0.7670877929262577,0.11400277038873517,0.5034470738310063,0.9925279152401798,-0.4971046973645765,0.0,0.0,0.0,0.0,0.0,0.0,1.0,0.0,1.0,0.0,0.0,0.0,1.0,0.0,0.0,0.0,0
-1.4701305120768207,1.0749090385028293,2.3813454051500544,-0.11037528731772295,-1.0075283371329782,1.3725172997881605,0.0,1.0,0.0,1.0,0.0,0.0,0.0,0.0,0.0,1.0,1.0,0.0,0.0,1.0,0.0,0.0,0
-0.3088853747811119,0.465729881624063,-0.5685565751166218,0.7294314256967075,-1.0075283371329782,0.56403211183022,0.0,1.0,0.0,1.0,0.0,0.0,1.0,0.0,0.0,0.0,0.0,1.0,1.0,0.0,1.0,0.0,0
0.46017527797907165,1.695404216871604,0.23940516555556346,0.3945266880218627,-1.0075283371329782,1.4735779482829032,1.0,0.0,1.0,0.0,0.0,0.0,0.0,0.0,1.0,0.0,0.0,1.0,1.0,0.0,0.0,1.0,0
1.0907321164980852,-1.0191836050092147,-0.4372627922573915,-0.8789256731672923,-1.0075283371329782,-0.29498340037509146,0.0,1.0,0.0,1.0,0.0,0.0,1.0,0.0,0.0,1.0,0.0,0.0,1.0,0.0,1.0,1.0,0
-0.8731061759530383,0.4908765960463034,-1.333595348315597,0.1787218114654268,-1.0075283371329782,-0.34551372462246277,0.0,0.0,1.0,0.0,0.0,0.0,0.0,0.0,0.0,0.0,1.0,0.0,0.0,1.0,0.0,1.0,0
-1.1289737485775164,0.7938945048342961,-0.7654972494054666,2.1596477066485567,-1.0075283371329782,-0.19392275188034908,0.0,0.0,1.0,0.0,0.0,1.0,0.0,0.0,0.0,0.0,1.0,0.0,1.0,0.0,0.0,1.0,0
0.12922405868701214,-1.9760160887754503,0.20910660028035657,0.3273421509807086,-1.0075283371329782,2.079941839251358,0.0,0.0,1.0,0.0,0.0,0.0,0.0,1.0,0.0,0.0,1.0,0.0,0.0,0.0,0.0,0.0,0
-0.23671759788702865,1.6344234343976718,0.5381826842416317,2.5515575060552904,0.9925279152401798,-0.04233177913823491,0.0,1.0,1.0,0.0,0.0,0.0,1.0,1.0,0.0,0.0,0.0,0.0,1.0,0.0,0.0,1.0,0
0.34354048703913903,-0.33456430486372796,-0.31438527753016327,-1.1069459200948462,-1.0075283371329782,-0.4971046973645765,0.0,0.0,1.0,0.0,0.0,0.0,1.0,0.0,0.0,1.0,0.0,0.0,1.0,0.0,0.0,0.0,0
-1.188749078934232,1.3923863080836103,-0.4145388683009861,-0.13175218546718054,0.9925279152401798,0.9177443815618189,0.0,0.0,1.0,0.0,0.0,0.0,1.0,0.0,0.0,1.0,0.0,1.0,0.0,1.0,1.0,0.0,0
-1.9993608759667667,0.25826948764058233,-0.8799584960006928,1.0643361633715538,0.9925279152401798,-1.0024079398382892,0.0,1.0,1.0,0.0,0.0,0.0,1.0,0.0,0.0,0.0,0.0,1.0,0.0,1.0,1.0,1.0,0
0.4033158173958542,-0.5935754634128012,-0.3320594406073668,-0.6773720620438286,-1.0075283371329782,-0.8002866428488041,0.0,1.0,1.0,0.0,0.0,0.0,0.0,1.0,0.0,0.0,1.0,0.0,0.0,1.0,1.0,0.0,0
1.08198450717759,1.1585218639567774,-0.06694699444930678,1.364630684994896,0.9925279152401798,-2.265666046022571,0.0,0.0,1.0,0.0,0.0,0.0,1.0,0.0,0.0,0.0,1.0,0.0,0.0,0.0,0.0,0.0,1
0.5928473526732461,-0.4364084982738006,0.3429252635791875,-0.08899838916826391,-1.0075283371329782,0.7156230845723341,0.0,0.0,1.0,0.0,0.0,1.0,0.0,0.0,0.0,0.0,1.0,0.0,1.0,0.0,0.0,0.0,1
-0.008550788110783858,0.1601973013938458,0.9354305400721227,1.4592998053710673,0.9925279152401798,0.3113804905933636,1.0,0.0,0.0,0.0,0.0,1.0,0.0,0.0,0.0,1.0,0.0,0.0,1.0,0.0,0.0,0.0,1
-0.5778743613863324,0.9699215057899766,1.876369317229939,0.5044650213619334,-1.0075283371329782,-0.29498340037509146,1.0,0.0,0.0,1.0,0.0,0.0,1.0,0.0,0.0,1.0,1.0,0.0,0.0,1.0,1.0,1.0,0
-0.38907179355231547,1.4395363976253104,-1.3798848230416079,0.7670954843409915,-1.0075283371329782,0.1597895178512499,0.0,0.0,0.0,0.0,0.0,0.0,0.0,0.0,1.0,0.0,0.0,0.0,0.0,0.0,1.0,0.0,0
1.2168434842018883,-0.5608847346638889,0.4304544521520069,-1.6434042688931554,-1.0075283371329782,-1.2045292368277742,0.0,1.0,0.0,0.0,0.0,1.0,0.0,0.0,1.0,0.0,0.0,0.0,0.0,0.0,1.0,0.0,1
0.1255792214701384,-0.6048914849028092,0.5230334016040289,-2.243993312139839,0.9925279152401798,0.1597895178512499,0.0,0.0,1.0,0.0,0.0,1.0,0.0,0.0,1.0,0.0,0.0,1.0,0.0,0.0,0.0,1.0,0
-2.3383307371359474,0.3959477491023467,0.08286257830032764,-0.9328768923064014,0.9925279152401798,1.3725172997881605,0.0,1.0,1.0,0.0,0.0,0.0,0.0,0.0,1.0,0.0,1.0,0.0,0.0,1.0,0.0,1.0,0
1.5230098104192118,0.024405043513749503,-0.06273886038330605,0.9625414102788955,-1.0075283371329782,1.0188050300565614,0.0,0.0,1.0,0.0,0.0,0.0,0.0,0.0,1.0,0.0,0.0,1.0,1.0,0.0,1.0,1.0,0
0.03737416082181446,0.26392749838558655,-0.021499146536495838,-1.7543605497641526,-1.0075283371329782,0.7156230845723341,1.0,0.0,1.0,0.0,0.0,1.0,0.0,0.0,0.0,0.0,0.0,1.0,0.0,0.0,1.0,0.0,1
0.6278377899552253,-1.6340207726329852,1.5212028020594575,1.2312795584435132,-1.0075283371329782,0.3113804905933636,0.0,0.0,1.0,0.0,0.0,0.0,1.0,1.0,0.0,0.0,0.0,0.0,1.0,0.0,1.0,0.0,0
-1.0917964089654129,0.3456543202578667,1.068407576557753,-2.3834521238767805,-1.0075283371329782,0.8672140573144478,0.0,0.0,1.0,0.0,0.0,0.0,0.0,0.0,0.0,1.0,1.0,0.0,1.0,0.0,1.0,0.0,0
0.24294297985344707,0.26958550913058993,1.3032214574406074,2.065996533803311,0.9925279152401798,0.56403211183022,0.0,1.0,1.0,0.0,0.0,1.0,0.0,0.0,0.0,0.0,1.0,0.0,0.0,0.0,0.0,1.0,0
0.5345299572032798,-0.546425373871101,0.7174491954532736,-0.28037252498246096,0.9925279152401798,-0.29498340037509146,0.0,0.0,0.0,1.0,0.0,0.0,1.0,1.0,0.0,0.0,0.0,1.0,0.0,1.0,1.0,1.0,0
1.2751608796718545,-2.2538872831412036,0.9598377176549288,-0.8646744077343201,0.9925279152401798,1.2714566512934178,0.0,1.0,0.0,0.0,0.0,0.0,0.0,0.0,0.0,0.0,0.0,1.0,0.0,0.0,0.0,1.0,0
-0.7834431804179645,-0.040976413984075144,-1.12992165952115,0.3487190491301662,0.9925279152401798,1.4230476240355316,1.0,0.0,1.0,0.0,0.0,0.0,0.0,0.0,1.0,0.0,1.0,0.0,1.0,0.0,1.0,0.0,0
0.44778283144170367,0.1979173730272056,0.6913587642440674,-0.06660354348787921,-1.0075283371329782,0.41244113908810626,0.0,1.0,1.0,0.0,0.0,1.0,0.0,0.0,0.0,1.0,0.0,0.0,0.0,0.0,0.0,1.0,0
-0.17548433264356353,1.456510429860323,1.0414755185353475,1.5081612868555436,-1.0075283371329782,0.3113804905933636,0.0,1.0,1.0,0.0,0.0,1.0,0.0,0.0,1.0,0.0,0.0,0.0,0.0,1.0,1.0,0.0,1
1.406375019479279,-0.49110260214217266,-0.9733790722659141,-0.3709698552349268,0.9925279152401798,0.7156230845723341,0.0,1.0,1.0,0.0,0.0,1.0,0.0,0.0,0.0,1.0,1.0,0.0,0.0,0.0,1.0,1.0,0
0.34499842192588787,-0.33456430486372796,-1.2309168771051733,1.307625623263007,0.9925279152401798,0.1597895178512499,0.0,0.0,0.0,0.0,0.0,1.0,0.0,0.0,0.0,1.0,1.0,0.0,0.0,1.0,0.0,0.0,1
-0.09165307665548622,0.6870209685397756,0.5146171334720262,0.7111083701400298,0.9925279152401798,-0.34551372462246277,0.0,1.0,0.0,1.0,0.0,0.0,1.0,0.0,0.0,1.0,0.0,1.0,0.0,1.0,1.0,1.0,0
0.17369107273286158,0.6505582326275275,-0.48355226698340187,-0.7241976484664522,-1.0075283371329782,-0.44657437311720516,0.0,0.0,1.0,0.0,0.0,0.0,0.0,0.0,1.0,0.0,0.0,1.0,0.0,0.0,0.0,1.0,0
-0.457594733229527,-0.6363248779306093,0.8234941739164972,-1.9457346855783504,-1.0075283371329782,-1.9624841005383433,0.0,1.0,1.0,0.0,0.0,0.0,0.0,0.0,1.0,0.0,0.0,1.0,0.0,0.0,0.0,1.0,1
-0.0982137836458577,-0.3578250157043003,-0.25547140060614953,-1.8663347781660768,-1.0075283371329782,-0.14339242763297752,0.0,0.0,1.0,0.0,0.0,0.0,1.0,0.0,1.0,0.0,1.0,0.0,0.0,0.0,1.0,0.0,0
-0.4211463610607979,0.4355538243173746,0.13420181390553937,1.5509150831544603,-1.0075283371329782,-0.04233177913823491,1.0,0.0,1.0,0.0,0.0,1.0,0.0,1.0,0.0,0.0,0.0,1.0,1.0,0.0,0.0,0.0,1
1.7008778666026105,0.022519039932081424,0.4767439268780185,-1.2341893614606692,0.9925279152401798,0.058728869356507264,0.0,1.0,0.0,0.0,0.0,1.0,0.0,0.0,0.0,0.0,1.0,0.0,1.0,0.0,0.0,0.0,1
0.4455959291115798,-0.5898034562494651,-0.6409364810518383,0.21842176517156356,0.9925279152401798,-0.9518776155909179,0.0,1.0,1.0,0.0,0.0,0.0,0.0,0.0,0.0,1.0,0.0,0.0,0.0,0.0,0.0,0.0,0
1.606841066407289,-0.8708179899179981,0.780571206443288,-0.06965738608065908,0.9925279152401798,-0.34551372462246277,0.0,0.0,0.0,0.0,0.0,0.0,1.0,0.0,0.0,0.0,0.0,0.0,1.0,0.0,0.0,1.0,0
0.8166403577892422,-0.4955032771660647,-0.03917330961370056,1.2740333547424298,0.9925279152401798,1.6251689210250169,0.0,1.0,1.0,0.0,0.0,1.0,0.0,0.0,0.0,0.0,0.0,0.0,1.0,0.0,0.0,0.0,1
2.0522401743091585,0.6241541824841753,-0.18393312148413363,-0.35977243239473444,0.9925279152401798,0.1597895178512499,0.0,0.0,0.0,0.0,0.0,0.0,1.0,0.0,0.0,0.0,1.0,0.0,0.0,1.0,1.0,1.0,0
-0.9678719435917337,0.8234418942804282,-0.9355058656719059,0.09321421886759353,0.9925279152401798,-1.558241506559373,0.0,1.0,1.0,0.0,0.0,1.0,0.0,1.0,0.0,0.0,0.0,0.0,0.0,1.0,0.0,1.0,0
0.4783994640634362,-0.4464671840426964,-2.010263306128552,1.0684079534952606,0.9925279152401798,0.1597895178512499,1.0,0.0,0.0,1.0,0.0,0.0,1.0,0.0,0.0,1.0,1.0,0.0,0.0,0.0,1.0,0.0,0
-0.6070330591213156,-0.21511741135808757,-0.24958001291374876,0.8098492806399081,0.9925279152401798,0.9682747058091904,0.0,0.0,1.0,0.0,0.0,0.0,0.0,1.0,0.0,0.0,1.0,0.0,0.0,1.0,0.0,1.0,0
-1.145011032331757,0.03509239714320165,2.0127128609683704,-0.12259065768884095,-1.0075283371329782,0.8166837330670763,0.0,0.0,0.0,0.0,0.0,0.0,0.0,0.0,0.0,1.0,0.0,0.0,0.0,1.0,0.0,1.0,0
1.5908037826530483,-0.325134286955388,-0.023182400162897084,0.25099608616121494,-1.0075283371329782,0.9177443815618189,0.0,0.0,1.0,0.0,0.0,0.0,1.0,0.0,1.0,0.0,0.0,0.0,1.0,0.0,1.0,0.0,0
0.7481174181120317,0.7090243436592362,0.004591284672710334,-0.4636030805492469,-1.0075283371329782,0.7661534088197052,0.0,1.0,1.0,0.0,0.0,1.0,0.0,0.0,0.0,1.0,1.0,0.0,0.0,0.0,1.0,1.0,0
-0.1907926489544293,-0.7897198359062738,-2.0169963206341537,-0.16432650645683192,0.9925279152401798,0.7156230845723341,0.0,0.0,1.0,0.0,0.0,0.0,1.0,0.0,0.0,1.0,1.0,0.0,0.0,1.0,1.0,1.0,0
1.194245493457276,-0.6212368492772652,1.1980181057905832,-1.2067047781256517,0.9925279152401798,-1.760362803548858,0.0,0.0,1.0,0.0,0.0,0.0,0.0,0.0,0.0,0.0,0.0,1.0,0.0,0.0,1.0,1.0,1
-0.5647529474055905,-1.4548504323745244,0.19564057126915377,-0.28037252498246096,0.9925279152401798,-0.6486956701066902,0.0,1.0,1.0,0.0,0.0,1.0,0.0,0.0,0.0,1.0,0.0,1.0,0.0,1.0,1.0,0.0,1
0.4674649524128181,2.009109479289049,0.852109485565304,0.36297031456313844,0.9925279152401798,0.41244113908810626,1.0,0.0,1.0,0.0,0.0,1.0,0.0,0.0,0.0,0.0,0.0,0.0,0.0,1.0,0.0,0.0,1
1.043349232678737,-1.2813381028610678,0.812553025344895,-1.1792201947906338,0.9925279152401798,-0.5476350216119478,1.0,0.0,0.0,1.0,0.0,0.0,1.0,0.0,0.0,1.0,0.0,0.0,0.0,0.0,1.0,1.0,0
0.5527541432876443,-0.22831943642976368,-0.9784288331451155,0.5462008701299229,0.9925279152401798,-1.760362803548858,0.0,0.0,0.0,1.0,0.0,1.0,0.0,0.0,1.0,0.0,0.0,1.0,0.0,1.0,1.0,0.0,1
-0.2717080351690078,-0.45778320553270446,0.5583817277584371,1.4969638640153513,0.9925279152401798,-0.5981653458593191,0.0,1.0,0.0,0.0,0.0,0.0,0.0,0.0,0.0,0.0,0.0,0.0,0.0,1.0,0.0,1.0,0
0.47694152917668736,0.6178675038786157,0.21583961478595798,-1.2199380960276969,-1.0075283371329782,-0.9013472913435465,0.0,1.0,0.0,1.0,0.0,0.0,1.0,0.0,0.0,0.0,1.0,0.0,0.0,0.0,0.0,0.0,0
0.7218745901505468,-0.7274817177112295,0.44476210797641036,0.11866290714075808,-1.0075283371329782,1.6251689210250169,0.0,0.0,0.0,1.0,0.0,0.0,0.0,0.0,0.0,1.0,0.0,0.0,0.0,1.0,1.0,1.0,0
1.4020012148190315,-0.297472901090924,1.3175291132650107,0.4902137559289612,-1.0075283371329782,-0.09286210338560645,1.0,0.0,0.0,1.0,0.0,0.0,0.0,0.0,0.0,1.0,0.0,0.0,0.0,0.0,0.0,0.0,0
-0.026046006751774483,0.1287639083660457,1.5422434723894625,-0.1663624015186847,0.9925279152401798,0.7661534088197052,0.0,0.0,1.0,0.0,0.0,1.0,0.0,0.0,0.0,0.0,1.0,0.0,0.0,0.0,1.0,1.0,0
0.1999339006943465,-2.734896779949114,0.15776736467514485,0.14309364788299697,0.9925279152401798,0.008198545109136179,1.0,0.0,1.0,0.0,0.0,1.0,0.0,0.0,0.0,1.0,1.0,0.0,0.0,0.0,1.0,0.0,1
0.044663835255559864,-0.2383781221986595,-0.4094891074217853,-0.1124111823795757,-1.0075283371329782,-0.4971046973645765,0.0,0.0,1.0,0.0,0.0,0.0,1.0,1.0,0.0,0.0,0.0,0.0,1.0,0.0,1.0,0.0,0
0.9033874835508172,-0.3766850515209802,1.1416291093061701,0.6653007312483332,-1.0075283371329782,0.1092591936038788,0.0,0.0,0.0,1.0,0.0,0.0,1.0,0.0,0.0,0.0,0.0,1.0,0.0,0.0,0.0,1.0,0
-1.2689354977054361,-1.316543503052204,-0.26641254917775287,0.28560630221271766,-1.0075283371329782,-0.7497563186014329,0.0,1.0,1.0,0.0,0.0,1.0,0.0,0.0,0.0,0.0,0.0,1.0,0.0,0.0,1.0,0.0,1
1.6046541640771652,-1.4190163643228322,0.7544807752340819,-1.7034631732178234,-1.0075283371329782,1.5746385967776453,0.0,0.0,1.0,0.0,0.0,0.0,1.0,0.0,0.0,1.0,1.0,0.0,0.0,0.0,0.0,0.0,0
0.41279239415972446,0.8536179515871165,-0.2243312085177432,0.6917673670524249,0.9925279152401798,0.9177443815618189,0.0,1.0,1.0,0.0,0.0,0.0,0.0,0.0,1.0,0.0,1.0,0.0,1.0,0.0,1.0,0.0,0
-1.098357115955784,1.456510429860323,0.1855410495107511,0.5685957158103077,0.9925279152401798,-0.5981653458593191,0.0,1.0,1.0,0.0,0.0,0.0,1.0,1.0,0.0,0.0,0.0,1.0,0.0,1.0,1.0,0.0,0
0.15911172386536973,1.596703362764311,-0.6384116006122377,0.2693191417178927,-1.0075283371329782,2.7873663787145557,0.0,1.0,0.0,1.0,0.0,0.0,0.0,0.0,1.0,0.0,1.0,0.0,0.0,1.0,0.0,0.0,0
-0.15653117911582404,-0.5055619629349605,-0.4162221219273867,0.3497369966610933,-1.0075283371329782,2.736836054467185,0.0,0.0,1.0,0.0,0.0,0.0,1.0,1.0,0.0,0.0,1.0,0.0,0.0,0.0,0.0,1.0,0
-0.8862275899337807,-1.5849846795096167,0.868942021829308,-0.3180365836267449,0.9925279152401798,1.0188050300565614,1.0,0.0,0.0,0.0,0.0,0.0,0.0,1.0,0.0,0.0,0.0,0.0,0.0,0.0,0.0,0.0,0
-0.5355942496706068,1.7500983207399763,-0.26557092236455226,0.983918308428353,0.9925279152401798,0.21031984209862142,0.0,0.0,0.0,1.0,0.0,0.0,0.0,0.0,1.0,0.0,1.0,0.0,0.0,1.0,1.0,0.0,0
2.0522401743091585,1.7016908954771635,1.159303272383375,1.449120330061802,0.9925279152401798,-1.8614234520436008,0.0,0.0,0.0,0.0,0.0,1.0,0.0,0.0,1.0,0.0,1.0,0.0,1.0,0.0,0.0,1.0,0
0.2597092310510617,0.4424691707834906,-2.0321456032717573,0.19602691949117887,-1.0075283371329782,-0.7497563186014329,0.0,1.0,0.0,0.0,0.0,1.0,0.0,0.0,0.0,0.0,0.0,1.0,1.0,0.0,0.0,1.0,0
-0.5560053380850951,-0.46092654483548473,0.6888338838044668,-0.6570131114252967,0.9925279152401798,0.4629714633354778,0.0,0.0,0.0,0.0,0.0,0.0,1.0,0.0,0.0,1.0,0.0,0.0,1.0,0.0,0.0,1.0,0
0.6395012690492193,-2.495295741594708,-1.3243374533703947,-0.6763541145129015,0.9925279152401798,-0.24445307612772016,0.0,1.0,0.0,1.0,0.0,0.0,1.0,0.0,1.0,0.0,1.0,0.0,0.0,0.0,1.0,0.0,0
0.6730337714444496,0.6316981968108476,1.427782225794236,-0.14294960830737288,-1.0075283371329782,-0.24445307612772016,0.0,1.0,0.0,1.0,0.0,1.0,0.0,0.0,0.0,0.0,1.0,0.0,0.0,1.0,0.0,1.0,0
-0.19881129083154966,1.823652460425028,0.10306162181713184,0.042316842321264404,0.9925279152401798,-1.0024079398382892,1.0,0.0,1.0,0.0,0.0,0.0,0.0,0.0,0.0,1.0,1.0,0.0,0.0,1.0,0.0,1.0,0
-0.2235961839062857,-2.380878190973516,0.8866161849065116,0.617457197294784,0.9925279152401798,0.1092591936038788,0.0,0.0,0.0,0.0,0.0,1.0,0.0,1.0,0.0,0.0,0.0,1.0,1.0,0.0,0.0,1.0,0
0.4609042454224466,-0.13841993237025535,0.8479013514993032,0.003634836146054738,0.9925279152401798,0.56403211183022,0.0,0.0,0.0,1.0,0.0,0.0,1.0,0.0,1.0,0.0,0.0,0.0,0.0,0.0,1.0,0.0,0
-0.3139881468847334,-1.0650763588298031,0.6248702460012516,-1.3868814910996565,0.9925279152401798,-0.7497563186014329,1.0,0.0,1.0,0.0,0.0,0.0,1.0,0.0,0.0,1.0,1.0,0.0,1.0,0.0,1.0,0.0,0
-0.03552258351564371,0.47578856739295877,1.3562439466722191,0.5767392960577201,-1.0075283371329782,0.1597895178512499,0.0,0.0,1.0,0.0,0.0,0.0,1.0,0.0,0.0,1.0,0.0,0.0,0.0,1.0,1.0,1.0,0
-0.12299867672059372,-0.7652017893445897,0.3016855497323773,-0.5898285743841426,0.9925279152401798,-0.29498340037509146,0.0,1.0,1.0,0.0,0.0,0.0,1.0,0.0,1.0,0.0,0.0,0.0,0.0,0.0,1.0,1.0,0
1.0885452141679615,2.1493024121930375,-0.8521848111650866,-1.0672459663887095,0.9925279152401798,0.5135017875828488,0.0,0.0,0.0,1.0,0.0,0.0,0.0,0.0,0.0,0.0,0.0,0.0,1.0,0.0,1.0,0.0,0
1.9647640811042084,-0.7193090355240017,-1.3630522867776036,0.9584696201551886,-1.0075283371329782,0.41244113908810626,0.0,0.0,0.0,1.0,0.0,1.0,0.0,0.0,0.0,0.0,1.0,0.0,0.0,1.0,1.0,1.0,0
-0.10040068597598154,0.46447254590295123,-0.29166135357375844,0.55027266025363,0.9925279152401798,-1.0529382640856604,0.0,1.0,0.0,1.0,0.0,0.0,1.0,0.0,0.0,0.0,0.0,1.0,0.0,0.0,1.0,0.0,0
0.03956106315193829,-0.8035505288385058,-0.25967953467215027,-0.41575954659569764,0.9925279152401798,0.058728869356507264,0.0,0.0,1.0,0.0,0.0,0.0,0.0,0.0,0.0,0.0,0.0,0.0,0.0,1.0,0.0,0.0,0
0.16202759363886748,1.447709079812539,-0.2470551324741481,-1.4214917071511606,0.9925279152401798,0.2608501663459925,1.0,0.0,0.0,1.0,0.0,0.0,1.0,0.0,1.0,0.0,0.0,1.0,0.0,1.0,0.0,0.0,0
-1.8572122245087237,0.3796023847278903,-0.27482881730975434,-0.4798902410440719,0.9925279152401798,-1.2550595610751456,0.0,0.0,1.0,0.0,0.0,0.0,1.0,1.0,0.0,0.0,0.0,1.0,0.0,1.0,0.0,0.0,0
-0.03698051840239259,0.5914634537352634,-0.7149996406134549,-0.10528554966308888,0.9925279152401798,0.9682747058091904,0.0,0.0,1.0,0.0,0.0,1.0,0.0,1.0,0.0,0.0,0.0,1.0,0.0,1.0,1.0,0.0,1
1.1293673909969382,-0.8563586291252102,-0.7596058617130652,-0.850423142301348,0.9925279152401798,0.008198545109136179,0.0,0.0,1.0,0.0,0.0,1.0,0.0,1.0,0.0,0.0,0.0,0.0,0.0,1.0,0.0,0.0,1
-0.0027190485637873275,0.7473730831531523,0.49862622402122275,-1.5853812596303403,-1.0075283371329782,-1.8614234520436008,1.0,0.0,1.0,0.0,0.0,0.0,0.0,0.0,0.0,1.0,0.0,1.0,1.0,0.0,1.0,1.0,0
1.0003401535196366,2.1493024121930375,-2.316615466133422,0.34057546888275375,-1.0075283371329782,-0.24445307612772016,0.0,1.0,1.0,0.0,0.0,1.0,0.0,0.0,1.0,0.0,0.0,0.0,0.0,0.0,1.0,1.0,0
-0.17548433264356353,-0.7633157857629216,-0.413697241487786,0.300875515176617,0.9925279152401798,-0.04233177913823491,0.0,1.0,0.0,0.0,0.0,0.0,0.0,0.0,0.0,1.0,1.0,0.0,0.0,1.0,1.0,1.0,0
1.0929190188282092,-1.0286136229175546,-0.5172173395114101,2.502696024570814,-1.0075283371329782,-0.9013472913435465,0.0,1.0,1.0,0.0,0.0,1.0,0.0,0.0,0.0,1.0,0.0,1.0,0.0,1.0,1.0,0.0,1
1.2161145167585132,2.1493024121930375,0.4245630644596061,0.09016037627481366,-1.0075283371329782,0.3113804905933636,0.0,1.0,0.0,0.0,0.0,0.0,0.0,0.0,0.0,1.0,1.0,0.0,1.0,0.0,0.0,0.0,0
-1.2594589209415663,-0.36914103719430835,-0.12081111049411918,-0.5480927256161531,-1.0075283371329782,-0.6486956701066902,0.0,1.0,1.0,0.0,0.0,1.0,0.0,0.0,1.0,0.0,0.0,0.0,0.0,0.0,1.0,1.0,0
-0.3664738028077043,-0.5300800094966447,-0.26052116148535087,-0.1348060280599604,-1.0075283371329782,0.21031984209862142,0.0,1.0,0.0,1.0,0.0,1.0,0.0,0.0,1.0,0.0,0.0,1.0,0.0,0.0,0.0,1.0,0
0.021336877067573746,1.1195444566023058,-0.16541733159372948,-0.043190750276567415,0.9925279152401798,-1.760362803548858,0.0,0.0,0.0,1.0,0.0,0.0,0.0,0.0,0.0,1.0,0.0,1.0,1.0,0.0,1.0,1.0,0
2.0048572904898103,0.3657716917956584,1.0675659497445535,0.6408699905060958,-1.0075283371329782,2.6357754059724416,0.0,0.0,1.0,0.0,0.0,0.0,0.0,0.0,0.0,0.0,0.0,1.0,0.0,1.0,1.0,0.0,0
0.4616332128658216,0.03194905784042092,2.640566463615714,-0.8779077256363652,0.9925279152401798,-0.34551372462246277,0.0,1.0,0.0,0.0,0.0,1.0,0.0,1.0,0.0,0.0,0.0,1.0,1.0,0.0,0.0,0.0,1
0.5221375106659117,-0.025259717470175084,-0.318593411596164,1.408402428824738,0.9925279152401798,-1.558241506559373,0.0,0.0,0.0,1.0,0.0,0.0,0.0,0.0,1.0,0.0,0.0,1.0,0.0,0.0,0.0,1.0,1
-0.6777429011286504,-0.1352765930674755,-0.7646556225922666,0.45560353987745705,-1.0075283371329782,0.6650927603249626,1.0,0.0,1.0,0.0,0.0,0.0,0.0,0.0,0.0,0.0,1.0,0.0,1.0,0.0,0.0,0.0,0
-1.2754962046958072,-0.9594601582563946,-0.5744479628090232,-0.5572542533944926,-1.0075283371329782,-2.1646053975278283,1.0,0.0,0.0,0.0,0.0,0.0,1.0,0.0,0.0,0.0,1.0,0.0,0.0,1.0,1.0,1.0,0
0.9886766744256434,-0.1327619216252511,-1.6736125808484748,0.5288957621041709,-1.0075283371329782,-1.0529382640856604,1.0,0.0,0.0,0.0,0.0,1.0,0.0,0.0,1.0,0.0,0.0,1.0,1.0,0.0,0.0,0.0,1
-0.05155986726988443,-0.21700341493975564,-2.709129171139661,-0.03606511756008203,-1.0075283371329782,-0.19392275188034908,1.0,0.0,1.0,0.0,0.0,0.0,0.0,1.0,0.0,0.0,0.0,1.0,0.0,0.0,0.0,0.0,0
-0.22432515134966063,1.4678264513503307,-0.37666566170697774,0.4301548516042925,0.9925279152401798,1.3725172997881605,1.0,0.0,1.0,0.0,0.0,0.0,1.0,1.0,0.0,0.0,1.0,0.0,0.0,1.0,1.0,1.0,0
0.061430086453175534,0.27021417699114625,0.41109703544840337,0.5207521818567584,0.9925279152401798,-0.5981653458593191,1.0,0.0,0.0,0.0,0.0,1.0,0.0,0.0,1.0,0.0,0.0,0.0,0.0,1.0,1.0,0.0,1
-0.33658613762934564,0.8435592658182207,-0.2950278608265585,-0.4798902410440719,-1.0075283371329782,-1.5077111823120017,1.0,0.0,0.0,0.0,0.0,0.0,1.0,1.0,0.0,0.0,1.0,0.0,1.0,0.0,0.0,1.0,0
0.5228664781092857,0.5329973427035557,-2.709129171139661,-0.4493518151162747,-1.0075283371329782,-0.34551372462246277,0.0,1.0,1.0,0.0,0.0,1.0,0.0,1.0,0.0,0.0,0.0,0.0,1.0,0.0,1.0,0.0,1
1.2926560983128441,0.3054195771822825,-0.27482881730975434,-0.1724700867042444,0.9925279152401798,0.008198545109136179,0.0,1.0,1.0,0.0,0.0,0.0,1.0,0.0,0.0,1.0,1.0,0.0,0.0,0.0,0.0,0.0,0
0.9799290651051492,0.043893747190985724,0.10221999500393242,0.012796363924394327,0.9925279152401798,0.1597895178512499,1.0,0.0,0.0,0.0,0.0,0.0,1.0,0.0,0.0,0.0,0.0,0.0,0.0,0.0,1.0,0.0,0
-1.420560725927349,-0.05166376761352729,0.4809520609440192,-0.27426483979690264,-1.0075283371329782,0.41244113908810626,0.0,1.0,1.0,0.0,0.0,0.0,0.0,1.0,0.0,0.0,1.0,0.0,1.0,0.0,1.0,1.0,0
-0.05593367193013209,0.41732245636125104,-0.22180632807814255,-1.4113122318418947,0.9925279152401798,0.008198545109136179,0.0,1.0,0.0,0.0,0.0,0.0,1.0,1.0,0.0,0.0,0.0,0.0,1.0,0.0,0.0,1.0,0
1.0098167302835068,-0.6338102064883854,-1.3277039606231955,-2.0546550713874945,-1.0075283371329782,-0.5476350216119478,0.0,0.0,1.0,0.0,0.0,0.0,1.0,0.0,1.0,0.0,1.0,0.0,0.0,0.0,1.0,0.0,0
-0.7630320920034761,0.32805162016229855,-0.08714603796611098,-0.672282324389196,-1.0075283371329782,0.058728869356507264,0.0,0.0,0.0,0.0,0.0,0.0,1.0,1.0,0.0,0.0,1.0,0.0,0.0,0.0,0.0,1.0,0
0.03810312826518942,0.11556188329437003,0.43971234709720897,-0.5348594077141066,0.9925279152401798,-1.356120209569888,1.0,0.0,1.0,0.0,0.0,0.0,0.0,0.0,0.0,0.0,0.0,1.0,0.0,0.0,0.0,0.0,1
0.4958946827044268,0.04075040788820499,-1.1526455834775555,-1.1486817688628366,-1.0075283371329782,0.56403211183022,0.0,1.0,1.0,0.0,0.0,0.0,0.0,1.0,0.0,0.0,0.0,1.0,1.0,0.0,0.0,0.0,0
-0.6245282777623057,0.25638348405891426,-0.8833250032534935,0.04638863244497137,-1.0075283371329782,-0.39604404886983385,0.0,1.0,1.0,0.0,0.0,0.0,0.0,0.0,0.0,0.0,0.0,1.0,0.0,1.0,0.0,1.0,0
1.4129357264696505,-0.23209144359309983,0.9960276706225364,0.44949585469189735,-1.0075283371329782,0.56403211183022,0.0,0.0,0.0,0.0,0.0,0.0,0.0,0.0,0.0,0.0,1.0,0.0,0.0,1.0,0.0,0.0,0
-0.9992175436568407,1.161665203259558,-1.5389522907364437,-0.987846058976436,0.9925279152401798,-0.24445307612772016,0.0,0.0,0.0,1.0,0.0,0.0,0.0,0.0,1.0,0.0,0.0,0.0,1.0,0.0,0.0,1.0,0
1.1563391864017971,-0.7149083605001096,1.9504324767915555,1.0816412713973058,-1.0075283371329782,1.321986975540789,0.0,0.0,0.0,0.0,0.0,0.0,0.0,0.0,0.0,0.0,0.0,1.0,0.0,1.0,1.0,1.0,0
0.3136528218607814,0.24318145898723859,0.7999286231468916,-0.11750092003420833,0.9925279152401798,-0.8508169670961755,0.0,1.0,0.0,1.0,0.0,1.0,0.0,1.0,0.0,0.0,0.0,1.0,0.0,1.0,0.0,1.0,0
-1.7835865127278905,-1.7723277019553059,-1.272998217765183,-0.27222894473504844,-1.0075283371329782,-1.0529382640856604,0.0,0.0,1.0,0.0,0.0,0.0,1.0,1.0,0.0,0.0,0.0,1.0,0.0,0.0,1.0,1.0,1
-1.38411235375862,0.6574735790936436,-0.6518776296234404,-0.36486217004936855,-1.0075283371329782,0.8166837330670763,1.0,0.0,1.0,0.0,0.0,0.0,0.0,0.0,0.0,1.0,1.0,0.0,0.0,1.0,0.0,0.0,0
0.046121770142309775,-0.48795926283939284,-0.8227278727030797,-0.7303053336520106,0.9925279152401798,-0.24445307612772016,0.0,0.0,1.0,0.0,0.0,1.0,0.0,1.0,0.0,0.0,0.0,0.0,1.0,0.0,1.0,1.0,0
1.0287698838112451,-0.018973038864614523,-0.06021397994370538,-0.776112972543707,0.9925279152401798,1.0693353543039326,0.0,1.0,0.0,0.0,0.0,1.0,0.0,0.0,0.0,0.0,0.0,0.0,0.0,1.0,1.0,1.0,0
-2.27345263467561,-1.3159148351916476,0.29916066929277785,-0.5033030342553837,0.9925279152401798,1.0693353543039326,0.0,0.0,0.0,1.0,0.0,0.0,0.0,1.0,0.0,0.0,1.0,0.0,0.0,0.0,0.0,1.0,0
1.0652182559799743,1.1132577779967452,-0.0778881430209089,0.7640416417482117,-1.0075283371329782,0.1597895178512499,0.0,0.0,1.0,0.0,0.0,0.0,1.0,0.0,0.0,1.0,0.0,0.0,0.0,0.0,0.0,0.0,0
-0.5807902311598306,-0.9035087186669104,0.8731501558953088,-1.3288584818368412,-1.0075283371329782,0.7661534088197052,1.0,0.0,0.0,0.0,0.0,1.0,0.0,0.0,1.0,0.0,0.0,1.0,0.0,1.0,1.0,1.0,0
1.25547875870074,-0.25660949015478396,-0.4902852814890039,-0.9267692071208415,0.9925279152401798,-0.9013472913435465,0.0,0.0,1.0,0.0,0.0,0.0,1.0,0.0,1.0,0.0,0.0,1.0,0.0,0.0,1.0,0.0,0
1.5652899221349375,0.44498384222571497,-0.723415908745457,1.2384051911599987,0.9925279152401798,-1.5077111823120017,0.0,1.0,1.0,0.0,0.0,0.0,1.0,1.0,0.0,0.0,0.0,1.0,1.0,0.0,1.0,0.0,0
-0.6092199614514394,0.3324522951861902,0.6097209633636488,-0.4849799786987045,-1.0075283371329782,-0.9013472913435465,0.0,0.0,0.0,1.0,0.0,0.0,1.0,0.0,0.0,1.0,0.0,0.0,0.0,1.0,0.0,0.0,0
0.5695203944852589,-0.7513710964123577,-0.16710058522012955,0.35177289172294607,-1.0075283371329782,0.3619108148407351,1.0,0.0,1.0,0.0,0.0,0.0,1.0,0.0,0.0,1.0,0.0,0.0,0.0,0.0,1.0,1.0,0
0.2881389613426704,-1.7616403483258536,-0.16625895840692892,-0.4707287132657323,-1.0075283371329782,-1.558241506559373,0.0,1.0,1.0,0.0,0.0,0.0,1.0,0.0,0.0,0.0,1.0,0.0,1.0,0.0,0.0,0.0,0
-0.9984885762134663,0.3412536452339742,1.3023798306274066,0.2214756077643434,-1.0075283371329782,-0.14339242763297752,0.0,0.0,1.0,0.0,0.0,0.0,0.0,0.0,0.0,1.0,0.0,0.0,0.0,0.0,1.0,0.0,0
-2.4651710722831246,0.360113681050655,1.1189051853497654,-0.1337880805290333,0.9925279152401798,0.3113804905933636,0.0,0.0,1.0,0.0,0.0,1.0,0.0,0.0,1.0,0.0,0.0,0.0,1.0,0.0,0.0,0.0,1
1.0294988512546202,-0.5797447704805688,0.36396593390919235,-1.02551011762072,0.9925279152401798,-0.44657437311720516,0.0,0.0,1.0,0.0,0.0,1.0,0.0,0.0,0.0,0.0,1.0,0.0,0.0,1.0,0.0,1.0,0
-1.5517748657347736,-1.7930737413536537,-0.3345843210469675,0.3609344195012857,-1.0075283371329782,0.8166837330670763,1.0,0.0,1.0,0.0,0.0,0.0,1.0,1.0,0.0,0.0,1.0,0.0,0.0,0.0,1.0,1.0,0
-1.101272985729282,-0.46721322344104443,0.17291664731274892,-0.5033030342553837,-1.0075283371329782,0.058728869356507264,1.0,0.0,1.0,0.0,0.0,1.0,0.0,0.0,1.0,0.0,1.0,0.0,0.0,0.0,1.0,0.0,1
-0.958395366827864,-1.5208605577329048,-0.6224206911614342,0.13189622504280463,0.9925279152401798,-0.19392275188034908,0.0,0.0,1.0,0.0,0.0,1.0,0.0,0.0,0.0,1.0,0.0,1.0,1.0,0.0,0.0,0.0,1
-0.2797266770461282,0.6669035970019839,0.09212047324552972,1.321876888695979,-1.0075283371329782,1.2714566512934178,0.0,1.0,0.0,1.0,0.0,1.0,0.0,0.0,0.0,1.0,0.0,0.0,0.0,0.0,1.0,1.0,0
0.5082871292417939,0.7310277187786959,-0.06526374082290673,-0.3618083274565887,-1.0075283371329782,-1.4066505338172592,1.0,0.0,1.0,0.0,0.0,0.0,1.0,0.0,0.0,1.0,0.0,0.0,0.0,1.0,0.0,1.0,0
1.545607801163824,0.9617488236027489,0.0677132956627248,0.0972860089913005,0.9925279152401798,-0.6992259943540615,1.0,0.0,0.0,0.0,0.0,1.0,0.0,1.0,0.0,0.0,0.0,0.0,0.0,1.0,1.0,0.0,1
-0.7776114408709679,-0.1421919395335915,0.2368802851159628,1.044995160283949,-1.0075283371329782,0.2608501663459925,1.0,0.0,0.0,0.0,0.0,0.0,1.0,0.0,1.0,0.0,0.0,0.0,1.0,0.0,1.0,0.0,0
0.3384377149355164,0.42486647068792244,0.06939654928912485,1.5672022436492852,-1.0075283371329782,1.9283508665092448,0.0,1.0,1.0,0.0,0.0,0.0,1.0,0.0,1.0,0.0,1.0,0.0,0.0,0.0,0.0,0.0,0
0.3901944034151123,-0.4829299199549445,-0.40191446610298326,1.7473789566232898,-1.0075283371329782,0.21031984209862142,1.0,0.0,1.0,0.0,0.0,0.0,0.0,0.0,0.0,0.0,1.0,0.0,1.0,0.0,0.0,0.0,0
-0.5530894683115963,1.5633839661548437,0.1830161690711504,-0.8086872935333584,0.9925279152401798,-0.9013472913435465,0.0,1.0,1.0,0.0,0.0,0.0,0.0,0.0,0.0,0.0,1.0,0.0,1.0,0.0,1.0,0.0,0
-0.3475206492799648,-0.7193090355240017,2.6826478042757236,2.3601833702410935,0.9925279152401798,0.2608501663459925,0.0,1.0,1.0,0.0,0.0,1.0,0.0,0.0,0.0,1.0,0.0,0.0,0.0,0.0,0.0,1.0,0
0.981386999991898,-1.3266021888211,1.819138693932325,0.3772215799961106,-1.0075283371329782,0.21031984209862142,1.0,0.0,1.0,0.0,0.0,0.0,1.0,0.0,1.0,0.0,0.0,1.0,1.0,0.0,1.0,0.0,0
-0.4867534309645097,1.0472476526383652,0.49862622402122275,0.7019468423616901,-1.0075283371329782,-0.04233177913823491,0.0,0.0,0.0,0.0,0.0,1.0,0.0,1.0,0.0,0.0,0.0,1.0,0.0,1.0,0.0,1.0,0
0.9792000976617742,-0.375427715799868,-0.10818670829611579,-1.5670582040736618,0.9925279152401798,0.008198545109136179,0.0,0.0,1.0,0.0,0.0,0.0,1.0,0.0,0.0,0.0,0.0,0.0,1.0,0.0,0.0,1.0,0
0.6008659945503665,0.018118364908188942,0.7603721629264827,-0.22438541078149918,-1.0075283371329782,0.058728869356507264,0.0,1.0,1.0,0.0,0.0,0.0,0.0,0.0,0.0,0.0,0.0,1.0,0.0,0.0,0.0,0.0,0
-0.6347338219695499,-0.357196347843744,0.57521426402244,-1.510053142341773,0.9925279152401798,0.21031984209862142,1.0,0.0,0.0,0.0,0.0,1.0,0.0,1.0,0.0,0.0,0.0,1.0,1.0,0.0,0.0,1.0,0
0.7349960041312897,1.7664436851144318,-0.8656508401762893,-0.7608437595798091,-1.0075283371329782,0.2608501663459925,0.0,1.0,1.0,0.0,0.0,0.0,1.0,0.0,0.0,1.0,1.0,0.0,1.0,0.0,1.0,0.0,0
-0.7061726314202591,-0.30878892258093205,0.9312224060061219,-0.1846854570753624,-1.0075283371329782,-1.0024079398382892,0.0,1.0,0.0,0.0,0.0,0.0,1.0,0.0,0.0,0.0,0.0,0.0,0.0,1.0,0.0,1.0,0
-2.1633785507260477,1.078052377805609,-0.4456790603893936,-0.13887781818366737,-1.0075283371329782,-0.39604404886983385,0.0,1.0,0.0,0.0,0.0,0.0,1.0,0.0,1.0,0.0,0.0,1.0,1.0,0.0,0.0,0.0,0
-0.08582133710848969,-0.2245474292664275,-0.8185197386370789,-1.5029275096252868,-1.0075283371329782,-1.760362803548858,1.0,0.0,1.0,0.0,0.0,0.0,0.0,0.0,1.0,0.0,1.0,0.0,0.0,0.0,0.0,1.0,1
0.06434595622667431,-0.6501555708628414,-1.5793503777700533,-1.123233080589672,0.9925279152401798,1.7767598937671305,0.0,0.0,1.0,0.0,0.0,1.0,0.0,0.0,0.0,0.0,0.0,0.0,0.0,1.0,0.0,0.0,1
-1.5838494332432556,0.2312367696366738,0.5651147422640385,1.0887669041137913,-1.0075283371329782,-1.4571808580646306,0.0,0.0,0.0,1.0,0.0,0.0,0.0,0.0,0.0,1.0,0.0,1.0,0.0,0.0,0.0,0.0,1
1.2212172888621349,-0.35593901212263224,-0.6560857636894418,-0.8443154571157881,0.9925279152401798,0.8166837330670763,0.0,0.0,1.0,0.0,0.0,0.0,1.0,0.0,1.0,0.0,0.0,0.0,0.0,1.0,1.0,1.0,0
0.3172976590776541,-1.8245071343814538,-0.7941125610542734,-0.5450388830233732,0.9925279152401798,-1.8108931277962295,0.0,0.0,1.0,0.0,0.0,0.0,0.0,0.0,0.0,1.0,1.0,0.0,1.0,0.0,0.0,1.0,0
-0.5501735985380986,-0.5696860847116729,-0.1393269003845233,-1.30849953121831,-1.0075283371329782,-1.911953776290972,0.0,1.0,1.0,0.0,0.0,0.0,1.0,0.0,0.0,1.0,0.0,0.0,0.0,1.0,1.0,1.0,0
-1.1282447811341418,-1.2813381028610678,0.7376482389700778,1.778935330082014,0.9925279152401798,0.41244113908810626,1.0,0.0,0.0,0.0,0.0,1.0,0.0,0.0,1.0,0.0,0.0,1.0,0.0,1.0,1.0,0.0,1
0.4375772872344595,-0.862016639870214,-0.2899780999473572,-2.27045994794393,0.9925279152401798,-0.24445307612772016,0.0,0.0,0.0,0.0,0.0,0.0,0.0,0.0,0.0,0.0,1.0,0.0,0.0,1.0,1.0,1.0,0
0.0884018818580354,1.3540375685896942,0.2166812415991586,0.39045489789815574,0.9925279152401798,-0.39604404886983385,1.0,0.0,0.0,0.0,0.0,0.0,0.0,0.0,0.0,1.0,0.0,0.0,0.0,1.0,0.0,0.0,0
1.6841116154049949,0.9868955380249894,0.17291664731274892,0.20518844726951846,0.9925279152401798,1.1703960027986753,0.0,1.0,1.0,0.0,0.0,0.0,1.0,0.0,1.0,0.0,0.0,0.0,0.0,1.0,1.0,0.0,0
0.9660786836810312,0.373944373982887,-0.5458326511602163,-0.3709698552349268,-1.0075283371329782,0.1597895178512499,1.0,0.0,1.0,0.0,0.0,0.0,0.0,0.0,1.0,0.0,0.0,0.0,1.0,0.0,1.0,1.0,0
-0.707630566307008,0.07029779733433793,-0.4364211654441915,-1.2759252102286593,0.9925279152401798,-1.0529382640856604,1.0,0.0,1.0,0.0,0.0,0.0,1.0,0.0,1.0,0.0,0.0,0.0,0.0,1.0,0.0,0.0,0
-1.0028623808737134,1.2754540860201937,1.4875377295314494,-0.14600345090015276,-1.0075283371329782,-0.5981653458593191,0.0,1.0,0.0,0.0,0.0,1.0,0.0,0.0,1.0,0.0,1.0,0.0,0.0,1.0,0.0,1.0,0
-0.7980225292854563,1.4194190260875188,-0.5062761909398074,-1.7655579726043449,-1.0075283371329782,-0.39604404886983385,0.0,1.0,1.0,0.0,0.0,1.0,0.0,0.0,0.0,0.0,1.0,0.0,0.0,1.0,0.0,1.0,0
0.19118629137385118,1.4514810869758752,-0.6224206911614342,0.2784806694962323,-1.0075283371329782,0.5135017875828488,1.0,0.0,0.0,1.0,0.0,1.0,0.0,0.0,0.0,1.0,1.0,0.0,0.0,0.0,1.0,0.0,1
1.2839084889923489,-0.04726309258963481,0.15440085742234355,2.0558170584940445,-1.0075283371329782,-1.3055898853225167,1.0,0.0,0.0,1.0,0.0,0.0,0.0,1.0,0.0,0.0,0.0,1.0,0.0,0.0,0.0,0.0,1
-0.6558738778274127,-0.6608429244922935,-2.709129171139661,0.6103315645782986,0.9925279152401798,0.1092591936038788,1.0,0.0,0.0,1.0,0.0,1.0,0.0,0.0,0.0,0.0,0.0,0.0,0.0,1.0,1.0,0.0,1
2.0522401743091585,0.22306408744944606,-0.28913647313415775,-0.29971352807006724,0.9925279152401798,-1.4571808580646306,0.0,1.0,1.0,0.0,0.0,0.0,0.0,0.0,1.0,0.0,1.0,0.0,0.0,0.0,0.0,1.0,1
0.8363224787603556,-0.4804152485127205,0.19564057126915377,0.2621935090014073,0.9925279152401798,-0.5476350216119478,1.0,0.0,1.0,0.0,0.0,0.0,0.0,0.0,0.0,1.0,0.0,0.0,1.0,0.0,0.0,1.0,0
1.3414969170189412,0.20043204446943,-1.8133226318397069,-0.10426760213216323,-1.0075283371329782,-0.14339242763297752,0.0,1.0,1.0,0.0,0.0,1.0,0.0,1.0,0.0,0.0,0.0,1.0,0.0,0.0,0.0,0.0,1
0.36832538011387506,-0.789091168045718,-0.2403221179685467,1.58654324673689,-1.0075283371329782,-0.6992259943540615,1.0,0.0,0.0,0.0,0.0,0.0,1.0,0.0,0.0,1.0,0.0,1.0,0.0,1.0,1.0,1.0,0
0.9733683581147777,0.6555875755119754,0.23772191192916342,-0.297677633008213,-1.0075283371329782,0.7661534088197052,0.0,1.0,1.0,0.0,0.0,0.0,1.0,0.0,0.0,1.0,1.0,0.0,0.0,0.0,1.0,0.0,0
0.2123263472317145,0.9831235308616532,-0.15784269027492745,-2.1106421855884565,-1.0075283371329782,0.1597895178512499,1.0,0.0,0.0,1.0,0.0,1.0,0.0,1.0,0.0,0.0,0.0,0.0,1.0,0.0,0.0,0.0,1
1.5128042662119676,-0.16105197535027138,-1.1316049131475507,-0.5521645157398586,-1.0075283371329782,-0.39604404886983385,1.0,0.0,0.0,0.0,0.0,0.0,1.0,0.0,1.0,0.0,0.0,1.0,1.0,0.0,1.0,0.0,0
0.3522880963596343,1.6746581774732558,1.5472932332686637,-1.1049100250329935,-1.0075283371329782,-1.3055898853225167,0.0,0.0,0.0,0.0,0.0,0.0,0.0,1.0,0.0,0.0,0.0,0.0,0.0,0.0,0.0,1.0,1
0.07673840276404233,-0.41943446603878837,-0.6796513144590473,-0.34755706202361647,-1.0075283371329782,-0.39604404886983385,0.0,0.0,1.0,0.0,0.0,0.0,1.0,0.0,1.0,0.0,0.0,0.0,0.0,1.0,1.0,1.0,0
0.5870156131262496,0.052066429378213465,1.3520358126062184,-2.0281884355834037,-1.0075283371329782,-1.4066505338172592,0.0,0.0,1.0,0.0,0.0,1.0,0.0,0.0,1.0,0.0,0.0,0.0,0.0,1.0,1.0,1.0,0
-1.2084311999053454,-0.9091667294119142,-0.6443029883046391,-0.19079314226092214,0.9925279152401798,-0.44657437311720516,0.0,0.0,0.0,0.0,0.0,0.0,0.0,0.0,1.0,0.0,0.0,1.0,0.0,0.0,1.0,1.0,0
-1.207702232461971,0.5990074680619357,-0.8782752423742928,-0.5022850867244566,-1.0075283371329782,-1.2045292368277742,0.0,0.0,0.0,1.0,0.0,0.0,1.0,0.0,1.0,0.0,1.0,0.0,0.0,0.0,0.0,0.0,0
0.193373193703975,-0.26226750089978773,0.6964085251232688,0.13902185775929002,-1.0075283371329782,-0.04233177913823491,0.0,1.0,1.0,0.0,0.0,0.0,0.0,1.0,0.0,0.0,1.0,0.0,0.0,0.0,1.0,1.0,0
-0.8942462318109011,0.19477403372442575,-0.18729962873693373,-0.9786845311980978,-1.0075283371329782,0.2608501663459925,0.0,0.0,0.0,1.0,0.0,0.0,1.0,0.0,0.0,0.0,0.0,1.0,0.0,1.0,0.0,0.0,0
0.3501011940295105,-0.7017063354284335,-0.007191490712092415,0.9655952528716754,-1.0075283371329782,-0.09286210338560645,0.0,0.0,0.0,1.0,0.0,0.0,0.0,0.0,0.0,0.0,0.0,1.0,0.0,1.0,1.0,1.0,0
1.1249935863366907,-0.35279567281985197,1.878052570856339,0.24183455838287535,-1.0075283371329782,0.4629714633354778,0.0,0.0,1.0,0.0,0.0,0.0,0.0,1.0,0.0,0.0,0.0,0.0,0.0,0.0,1.0,0.0,0
1.9859041369620718,0.7574317689220481,0.25707932863276817,2.473175546173944,0.9925279152401798,-1.1539989125804029,1.0,0.0,1.0,0.0,0.0,0.0,0.0,0.0,1.0,0.0,0.0,1.0,0.0,0.0,1.0,1.0,0
-1.5226161679997905,1.1396618281400974,0.6400195286388557,1.6140278300719089,0.9925279152401798,0.41244113908810626,1.0,0.0,0.0,1.0,0.0,1.0,0.0,0.0,0.0,1.0,0.0,1.0,0.0,0.0,0.0,1.0,0
-1.8069134709158772,0.8793933338699125,-1.679503968540876,-0.8178488213116966,-1.0075283371329782,0.41244113908810626,1.0,0.0,0.0,1.0,0.0,0.0,1.0,1.0,0.0,0.0,0.0,0.0,0.0,0.0,0.0,1.0,0
0.24658781707031976,0.6763336149103234,-1.145912568971954,0.48614196580525426,-1.0075283371329782,-0.34551372462246277,0.0,1.0,0.0,0.0,0.0,1.0,0.0,0.0,1.0,0.0,0.0,1.0,1.0,0.0,0.0,1.0,0
0.8749577532592085,-0.621865517137821,0.02310707456311448,-2.5381801485776214,0.9925279152401798,0.3113804905933636,0.0,0.0,0.0,0.0,0.0,0.0,0.0,1.0,0.0,0.0,1.0,0.0,0.0,1.0,1.0,1.0,0
-0.3562682586004601,0.4789319066957395,0.16450037918074625,-0.37402369782770667,-1.0075283371329782,-0.4971046973645765,1.0,0.0,1.0,0.0,0.0,1.0,0.0,1.0,0.0,0.0,0.0,0.0,0.0,0.0,1.0,1.0,0
1.0302278186979952,-0.6451262279783935,-1.1257135254551494,2.461978123333752,0.9925279152401798,-0.5476350216119478,0.0,0.0,0.0,0.0,0.0,1.0,0.0,0.0,1.0,0.0,1.0,0.0,0.0,1.0,1.0,1.0,0
0.5017264222514234,-0.3722843764970882,0.1560841110487448,-1.3940071238161424,0.9925279152401798,-0.34551372462246277,1.0,0.0,1.0,0.0,0.0,0.0,1.0,0.0,1.0,0.0,0.0,1.0,0.0,1.0,1.0,1.0,0
0.09642052373515575,-0.7960065145118339,-0.7335154305038597,-2.3803982812840014,0.9925279152401798,-0.19392275188034908,1.0,0.0,0.0,1.0,0.0,0.0,0.0,1.0,0.0,0.0,1.0,0.0,0.0,1.0,0.0,0.0,0
1.2671422377947341,1.5633839661548437,-1.7855489470041008,-0.8259924015591105,-1.0075283371329782,-0.29498340037509146,1.0,0.0,1.0,0.0,0.0,0.0,0.0,0.0,0.0,1.0,1.0,0.0,0.0,0.0,0.0,1.0,0
1.4471971963082557,1.5791006626687438,0.5196668943512276,-0.9858101639145832,0.9925279152401798,1.0693353543039326,0.0,1.0,1.0,0.0,0.0,0.0,0.0,0.0,0.0,1.0,0.0,0.0,0.0,1.0,1.0,1.0,0
0.4448669616682059,2.063803583157421,1.5430850992026617,-0.4249210743740358,0.9925279152401798,1.2209263270460469,0.0,1.0,1.0,0.0,0.0,0.0,0.0,0.0,1.0,0.0,0.0,0.0,1.0,0.0,1.0,0.0,0
0.31292385441740644,-0.05166376761352729,-0.8622843329234887,0.5360213948206577,-1.0075283371329782,1.2714566512934178,0.0,1.0,0.0,0.0,0.0,0.0,0.0,0.0,1.0,0.0,0.0,0.0,0.0,0.0,0.0,1.0,0
0.656267520246834,0.7134250186831278,0.87651666314811,0.4545855923465314,0.9925279152401798,-0.6992259943540615,0.0,1.0,0.0,1.0,0.0,0.0,1.0,1.0,0.0,0.0,0.0,0.0,0.0,1.0,1.0,1.0,0
-1.572185954149262,1.0635930170128216,0.4405539739104096,1.5071433393246165,-1.0075283371329782,-0.39604404886983385,0.0,1.0,1.0,0.0,0.0,1.0,0.0,0.0,0.0,0.0,1.0,0.0,0.0,1.0,0.0,0.0,1
0.8414252508639782,-0.6847323031934213,1.017909967765742,-0.3251622163432318,-1.0075283371329782,0.56403211183022,0.0,1.0,1.0,0.0,0.0,1.0,0.0,0.0,0.0,1.0,0.0,0.0,0.0,1.0,1.0,1.0,0
1.0156484698305033,-1.2228719918293596,-0.5651900678638211,-0.41474159906477054,0.9925279152401798,-1.2045292368277742,0.0,0.0,0.0,1.0,0.0,0.0,1.0,0.0,0.0,0.0,1.0,0.0,1.0,0.0,0.0,0.0,0
-1.727456019588048,-0.18305535046973156,0.9379554205117233,-0.21522388300316106,0.9925279152401798,0.1092591936038788,1.0,0.0,1.0,0.0,0.0,0.0,0.0,1.0,0.0,0.0,0.0,1.0,0.0,0.0,0.0,1.0,0
-0.02896187652527223,1.5137192051709192,-0.36740776676177567,-0.7058745929097731,-1.0075283371329782,0.008198545109136179,0.0,1.0,1.0,0.0,0.0,0.0,0.0,0.0,0.0,0.0,0.0,1.0,1.0,0.0,1.0,1.0,0
0.2232608588823326,0.02629104709541758,-0.6283120788538356,0.8006877528615686,-1.0075283371329782,0.41244113908810626,0.0,0.0,1.0,0.0,0.0,0.0,0.0,0.0,0.0,1.0,0.0,1.0,1.0,0.0,0.0,1.0,0
-0.26296042584851353,-1.4202737000439443,0.6417027822652558,2.292998833199938,0.9925279152401798,-0.5981653458593191,1.0,0.0,1.0,0.0,0.0,0.0,0.0,0.0,1.0,0.0,0.0,1.0,0.0,1.0,0.0,0.0,0
-0.4102118494101788,-0.9185967473202541,1.6886865378862954,-1.02551011762072,-1.0075283371329782,1.1703960027986753,1.0,0.0,0.0,0.0,0.0,0.0,0.0,1.0,0.0,0.0,0.0,1.0,0.0,0.0,0.0,1.0,0
-1.364430232787506,-0.7595437785995859,0.015532433244312457,-0.11851886756513544,-1.0075283371329782,-0.09286210338560645,0.0,0.0,1.0,0.0,0.0,0.0,0.0,0.0,1.0,0.0,0.0,0.0,0.0,1.0,1.0,1.0,0
-0.2024561280484234,1.1170297851600814,-1.7089609070028828,-0.7465924941468369,0.9925279152401798,0.3113804905933636,1.0,0.0,0.0,1.0,0.0,0.0,0.0,0.0,1.0,0.0,1.0,0.0,1.0,0.0,0.0,1.0,0
-0.060307476590379744,-1.7459236518119536,-1.7695580375532967,0.11357316948612546,-1.0075283371329782,-2.265666046022571,0.0,0.0,0.0,0.0,0.0,1.0,0.0,0.0,0.0,0.0,1.0,0.0,0.0,0.0,0.0,1.0,1
-0.4546788634560282,-0.04663442472907938,-0.9969446230355197,-0.668210534265489,0.9925279152401798,-1.760362803548858,0.0,1.0,0.0,1.0,0.0,1.0,0.0,0.0,0.0,1.0,0.0,0.0,0.0,0.0,1.0,0.0,1
1.9545585368969642,0.7197116972886883,-1.0356594564427286,-1.1537715065174692,0.9925279152401798,0.1597895178512499,0.0,1.0,1.0,0.0,0.0,0.0,1.0,1.0,0.0,0.0,0.0,0.0,0.0,1.0,0.0,0.0,0
-0.13028835115433912,-0.3710270407759764,0.5836305321544426,1.0867310090519384,-1.0075283371329782,-0.5476350216119478,0.0,0.0,1.0,0.0,0.0,1.0,0.0,0.0,0.0,0.0,0.0,1.0,0.0,0.0,1.0,0.0,1
0.027168616614570276,-0.20945940061308377,0.8967157066649143,-0.47276460832758505,-1.0075283371329782,-1.1539989125804029,0.0,1.0,1.0,0.0,0.0,1.0,0.0,0.0,0.0,1.0,1.0,0.0,1.0,0.0,0.0,1.0,0
0.3289611381716472,0.7203403651492437,-0.9851618476507169,-1.5497530960479098,-1.0075283371329782,-0.8002866428488041,1.0,0.0,1.0,0.0,0.0,0.0,0.0,0.0,0.0,1.0,1.0,0.0,0.0,1.0,0.0,0.0,0
0.1999339006943465,-0.32136227979205184,-0.13343551269212134,-0.9654512132960512,-1.0075283371329782,-1.4571808580646306,1.0,0.0,1.0,0.0,0.0,0.0,0.0,0.0,1.0,0.0,1.0,0.0,0.0,0.0,0.0,0.0,1
2.0522401743091585,-1.1279431448854034,-0.9860034744639176,-0.29971352807006724,0.9925279152401798,-0.8002866428488041,0.0,0.0,1.0,0.0,0.0,0.0,0.0,0.0,0.0,1.0,0.0,1.0,0.0,1.0,0.0,0.0,0
0.193373193703975,-1.6855715371985773,-0.7141580138002549,-0.25492383670929636,0.9925279152401798,-0.44657437311720516,0.0,0.0,0.0,1.0,0.0,0.0,0.0,0.0,1.0,0.0,1.0,0.0,1.0,0.0,0.0,0.0,0
-0.7644900268902255,0.6725616077469881,0.5583817277584371,-1.3115533738110898,0.9925279152401798,1.8778205422618728,1.0,0.0,0.0,1.0,0.0,0.0,0.0,0.0,0.0,1.0,0.0,0.0,0.0,0.0,1.0,0.0,0
-0.008550788110783858,-1.4271890465100603,-1.9420915342593366,-0.5206081422811357,-1.0075283371329782,-0.6486956701066902,0.0,1.0,0.0,0.0,0.0,1.0,0.0,0.0,0.0,1.0,0.0,1.0,1.0,0.0,0.0,0.0,1
0.6978186645191857,0.6078088181097199,-1.0642747680915354,0.19704486702210597,-1.0075283371329782,0.7661534088197052,0.0,0.0,0.0,0.0,0.0,1.0,0.0,1.0,0.0,0.0,1.0,0.0,0.0,1.0,1.0,1.0,0
-1.0604508089003057,-1.650366137007441,1.0566248011729513,-2.012919222619505,-1.0075283371329782,-1.760362803548858,0.0,0.0,0.0,1.0,0.0,0.0,0.0,0.0,0.0,1.0,0.0,0.0,0.0,0.0,1.0,1.0,1
-0.7535555152396068,0.4192084599429191,-0.5037513105002067,-2.047529438671009,0.9925279152401798,-0.34551372462246277,0.0,0.0,1.0,0.0,0.0,1.0,0.0,1.0,0.0,0.0,1.0,0.0,1.0,0.0,1.0,1.0,0
0.568791427041885,0.7184543615675757,-1.7106441606292835,-0.2579776793020762,0.9925279152401798,-1.0024079398382892,0.0,1.0,0.0,1.0,0.0,0.0,1.0,0.0,0.0,0.0,0.0,0.0,1.0,0.0,0.0,1.0,0
1.0972928234884567,-0.020859042446282602,0.9076568552365164,-0.013670271879697335,0.9925279152401798,-0.34551372462246277,0.0,0.0,0.0,0.0,0.0,1.0,0.0,0.0,0.0,1.0,0.0,0.0,1.0,0.0,1.0,0.0,1
-1.3061128373175397,0.7039950007747883,-1.687078609859678,0.21129613245507817,0.9925279152401798,-1.2045292368277742,1.0,0.0,1.0,0.0,0.0,0.0,0.0,0.0,0.0,0.0,0.0,0.0,1.0,0.0,0.0,0.0,0
0.06726182600017207,-0.30124490825425976,-0.7511895935810632,-0.21013414534852698,-1.0075283371329782,-0.24445307612772016,0.0,1.0,1.0,0.0,0.0,0.0,1.0,1.0,0.0,0.0,0.0,1.0,1.0,0.0,0.0,1.0,0
-1.9650994061281615,1.454624426278655,-0.4288465241253895,-0.7303053336520106,0.9925279152401798,0.008198545109136179,0.0,0.0,1.0,0.0,0.0,1.0,0.0,0.0,0.0,0.0,0.0,0.0,1.0,0.0,0.0,1.0,0
-1.534279647093784,-0.8745899970813342,0.05593052027792205,-1.54364541086235,0.9925279152401798,-0.14339242763297752,0.0,0.0,0.0,1.0,0.0,0.0,0.0,0.0,0.0,1.0,1.0,0.0,0.0,1.0,0.0,0.0,0
2.0522401743091585,-0.6759309531456372,-0.1393269003845233,0.11459111701705256,0.9925279152401798,-0.9013472913435465,0.0,1.0,0.0,1.0,0.0,0.0,0.0,1.0,0.0,0.0,0.0,1.0,0.0,0.0,1.0,0.0,0
0.8618363392784666,-0.297472901090924,1.762749697447912,-0.15923676880219786,0.9925279152401798,-1.3055898853225167,0.0,1.0,1.0,0.0,0.0,1.0,0.0,0.0,1.0,0.0,1.0,0.0,0.0,0.0,0.0,1.0,1
0.45288560354532625,0.4852185853012992,-0.7764383979770694,-0.2406725712763256,-1.0075283371329782,-0.9518776155909179,1.0,0.0,0.0,0.0,0.0,1.0,0.0,0.0,0.0,0.0,1.0,0.0,1.0,0.0,0.0,0.0,1
1.4289730102238913,0.07595580807934127,-0.5357331294018143,-0.9298230497136215,0.9925279152401798,-1.709832479301487,0.0,1.0,0.0,1.0,0.0,0.0,1.0,0.0,0.0,1.0,0.0,1.0,0.0,0.0,0.0,1.0,1
0.5381747944201525,2.115354347723013,0.8874578117197122,0.41793948123317454,0.9925279152401798,-0.19392275188034908,0.0,1.0,0.0,1.0,0.0,0.0,1.0,0.0,1.0,0.0,0.0,0.0,0.0,1.0,0.0,1.0,0
-1.8973054338943254,-2.734896779949114,0.1249439189603373,-1.5293941454293785,-1.0075283371329782,0.5135017875828488,0.0,0.0,0.0,0.0,0.0,1.0,0.0,1.0,0.0,0.0,0.0,1.0,1.0,0.0,0.0,1.0,0
-0.8213494874734429,-2.257030622443984,-1.8688700015109194,0.7324852682894873,-1.0075283371329782,-1.558241506559373,0.0,0.0,0.0,0.0,0.0,0.0,0.0,1.0,0.0,0.0,0.0,1.0,0.0,0.0,0.0,0.0,1
-0.5064355519356231,-0.5527120524766607,-0.9885283549035176,0.8709261324955025,-1.0075283371329782,0.21031984209862142,0.0,0.0,0.0,1.0,0.0,0.0,0.0,0.0,0.0,1.0,1.0,0.0,0.0,1.0,0.0,0.0,0
-0.732415459381744,1.291170782534094,1.5212028020594575,-0.12768039534347358,0.9925279152401798,-1.2550595610751456,0.0,1.0,0.0,0.0,0.0,0.0,0.0,0.0,0.0,1.0,0.0,1.0,0.0,0.0,0.0,1.0,0
0.8195562275627409,0.48458991744074287,-1.1703197465547597,-0.9064102565023097,-1.0075283371329782,-0.29498340037509146,0.0,1.0,1.0,0.0,0.0,0.0,1.0,0.0,1.0,0.0,0.0,1.0,0.0,1.0,1.0,0.0,0
0.35884880335000474,-0.9053947222485785,0.16450037918074625,0.9248773516346115,0.9925279152401798,0.7661534088197052,0.0,1.0,1.0,0.0,0.0,0.0,1.0,0.0,0.0,0.0,0.0,0.0,0.0,0.0,0.0,0.0,0
0.24512988218356985,2.1493024121930375,1.2964884429350059,0.06980142565628317,-1.0075283371329782,-2.114075073280457,1.0,0.0,0.0,0.0,0.0,0.0,0.0,0.0,1.0,0.0,0.0,1.0,0.0,1.0,0.0,1.0,0
-0.8403026410011819,-0.32953496197928,-0.6493527491838403,-1.2229919386204766,0.9925279152401798,0.8166837330670763,0.0,1.0,0.0,0.0,0.0,1.0,0.0,0.0,1.0,0.0,0.0,0.0,0.0,1.0,1.0,1.0,0
-2.0277906062583755,0.09984518678046997,0.17712478137874962,-0.3495929570854692,-1.0075283371329782,-1.6087718308067445,1.0,0.0,0.0,1.0,0.0,1.0,0.0,0.0,0.0,0.0,1.0,0.0,0.0,1.0,0.0,1.0,0
-1.9964450061932686,-0.5200213237277488,-0.5239503540170115,-0.7567719694561021,-1.0075283371329782,-0.39604404886983385,0.0,0.0,1.0,0.0,0.0,0.0,0.0,0.0,0.0,1.0,0.0,0.0,1.0,0.0,1.0,0.0,0
0.5221375106659117,0.5191666497713228,-1.1501207030379548,-0.48905176882241147,-1.0075283371329782,-1.4571808580646306,0.0,1.0,1.0,0.0,0.0,0.0,0.0,0.0,0.0,1.0,0.0,1.0,0.0,1.0,1.0,1.0,0
-0.2731659700557577,0.6140954967152795,1.4353568671130381,2.394793586292596,0.9925279152401798,0.1092591936038788,0.0,1.0,0.0,0.0,0.0,0.0,1.0,1.0,0.0,0.0,1.0,0.0,1.0,0.0,0.0,0.0,0
-0.6318179521960515,0.8467026051210006,-1.1812608951263617,0.8912850831140344,0.9925279152401798,-0.5476350216119478,1.0,0.0,0.0,1.0,0.0,0.0,0.0,0.0,1.0,0.0,1.0,0.0,0.0,0.0,1.0,1.0,0
-1.553232800621523,0.5814047679663676,0.2941109084135765,0.004652783676981841,0.9925279152401798,2.6357754059724416,0.0,0.0,1.0,0.0,0.0,1.0,0.0,0.0,0.0,1.0,0.0,1.0,0.0,1.0,1.0,0.0,1
-1.350579851363389,-1.0707343695748068,-0.2933446072001585,0.9879900985520601,-1.0075283371329782,-0.29498340037509146,0.0,0.0,1.0,0.0,0.0,0.0,1.0,0.0,1.0,0.0,0.0,0.0,1.0,0.0,0.0,0.0,0
1.7220179224604728,-0.5244219987516409,-0.5374163830282143,1.4318152220360498,-1.0075283371329782,0.1092591936038788,0.0,0.0,0.0,1.0,0.0,0.0,1.0,0.0,1.0,0.0,1.0,0.0,0.0,0.0,1.0,1.0,0
0.09423362140503193,0.4695018887873991,-0.636728346985837,0.3253062559188544,0.9925279152401798,2.3325934604882144,1.0,0.0,1.0,0.0,0.0,0.0,0.0,1.0,0.0,0.0,0.0,0.0,0.0,0.0,0.0,0.0,0
-1.466485674859948,-0.2647821723420117,0.8857745580933122,1.0032593115159594,-1.0075283371329782,1.5241082725302741,1.0,0.0,0.0,1.0,0.0,1.0,0.0,0.0,0.0,0.0,0.0,0.0,0.0,1.0,1.0,1.0,0
1.1016666281487033,1.475370465677003,-0.9405556265511066,0.6296725676659035,0.9925279152401798,0.008198545109136179,0.0,0.0,1.0,0.0,0.0,1.0,0.0,0.0,0.0,1.0,0.0,1.0,1.0,0.0,1.0,1.0,0
-2.253770513704496,-0.23712078647754775,2.117074585805194,0.8882312405212546,0.9925279152401798,-0.5476350216119478,0.0,0.0,1.0,0.0,0.0,0.0,0.0,0.0,0.0,0.0,1.0,0.0,0.0,1.0,0.0,1.0,0
-0.4648844076632724,0.3016475700189464,0.3850066042391972,-0.14498550336922564,-1.0075283371329782,-0.09286210338560645,0.0,0.0,1.0,0.0,0.0,1.0,0.0,0.0,0.0,1.0,1.0,0.0,0.0,1.0,0.0,1.0,0
0.8406962834206033,0.712167682962016,1.0869233664481583,-2.5381801485776214,0.9925279152401798,-0.5476350216119478,0.0,0.0,1.0,0.0,0.0,0.0,0.0,0.0,0.0,0.0,0.0,0.0,1.0,0.0,1.0,0.0,0
-0.5647529474055905,2.1493024121930375,0.6560104380896592,0.9605055152170427,0.9925279152401798,-0.8508169670961755,0.0,0.0,1.0,0.0,0.0,0.0,0.0,0.0,0.0,1.0,0.0,0.0,0.0,1.0,1.0,0.0,0
0.6118005062009846,0.8259565657226526,-0.1527929293957261,-1.4052045466563348,0.9925279152401798,-0.14339242763297752,1.0,0.0,0.0,1.0,0.0,1.0,0.0,1.0,0.0,0.0,1.0,0.0,0.0,1.0,0.0,1.0,0
-0.17767123497368736,0.6279261896475115,-2.115466657778576,-0.19486493238462912,-1.0075283371329782,-0.34551372462246277,0.0,1.0,1.0,0.0,0.0,0.0,1.0,0.0,1.0,0.0,1.0,0.0,0.0,0.0,0.0,0.0,0
1.0280409163678712,1.7293522813416276,-0.6720766731402452,2.5515575060552904,0.9925279152401798,-0.04233177913823491,0.0,1.0,1.0,0.0,0.0,0.0,1.0,1.0,0.0,0.0,0.0,1.0,0.0,0.0,0.0,0.0,0
-0.7346023617118673,-0.9041373865274663,0.6055128292976469,-0.7527001793323952,-1.0075283371329782,2.079941839251358,0.0,0.0,1.0,0.0,0.0,0.0,0.0,1.0,0.0,0.0,0.0,1.0,0.0,1.0,1.0,1.0,0
0.30563417998366105,-0.7249670462690055,-2.229086277560602,1.6354047282213664,0.9925279152401798,0.058728869356507264,0.0,1.0,1.0,0.0,0.0,0.0,1.0,1.0,0.0,0.0,1.0,0.0,1.0,0.0,0.0,1.0,0
0.24075607752332323,0.719083029428132,-0.6089546621502308,0.15429107072318934,0.9925279152401798,0.3113804905933636,1.0,0.0,1.0,0.0,0.0,0.0,0.0,0.0,0.0,1.0,0.0,0.0,0.0,0.0,1.0,0.0,0
0.6351274643889717,-0.261010165178676,-1.1172972573231472,-0.3679160126421484,0.9925279152401798,1.1198656785513041,0.0,1.0,0.0,1.0,0.0,0.0,0.0,1.0,0.0,0.0,1.0,0.0,0.0,1.0,1.0,0.0,0
1.9181101647282353,-0.4823012520943886,1.8115640526135244,-1.0509588058938846,-1.0075283371329782,0.7156230845723341,1.0,0.0,0.0,0.0,0.0,0.0,0.0,0.0,1.0,0.0,0.0,0.0,0.0,1.0,1.0,1.0,0
1.6804667781881222,-0.38297173012654034,-0.0004584762064910148,-0.043190750276567415,0.9925279152401798,-2.265666046022571,0.0,1.0,0.0,0.0,0.0,0.0,1.0,0.0,0.0,1.0,0.0,0.0,0.0,0.0,1.0,0.0,1
2.0522401743091585,-0.4841872556760567,-0.875750361934692,-2.5381801485776214,-1.0075283371329782,0.8166837330670763,0.0,1.0,1.0,0.0,0.0,0.0,0.0,0.0,0.0,0.0,0.0,0.0,1.0,0.0,1.0,0.0,0
0.09496258884840687,-1.1939532702437834,0.5154587602852269,-1.8714245158207101,-1.0075283371329782,-1.2045292368277742,0.0,0.0,0.0,0.0,0.0,1.0,0.0,0.0,0.0,1.0,1.0,0.0,0.0,0.0,0.0,1.0,0
-0.9839092273459744,0.29724689499505474,0.8563176196313047,-0.25186999411651795,-1.0075283371329782,-0.5476350216119478,0.0,0.0,0.0,0.0,0.0,0.0,1.0,0.0,0.0,0.0,0.0,0.0,0.0,1.0,0.0,0.0,0
1.2285069632958814,-0.6488982351417292,0.13672669434514004,0.9360747744748038,0.9925279152401798,0.5135017875828488,1.0,0.0,1.0,0.0,0.0,0.0,0.0,0.0,0.0,1.0,1.0,0.0,0.0,0.0,1.0,0.0,0
-1.4249345305875967,-2.202336518575611,1.40169179458503,-0.6478515836469586,-1.0075283371329782,0.058728869356507264,0.0,0.0,1.0,0.0,0.0,0.0,1.0,1.0,0.0,0.0,0.0,1.0,0.0,1.0,0.0,0.0,0
-0.21193270481229262,-0.5571127275005527,0.44644536160281156,0.6968571047070575,-1.0075283371329782,-1.6087718308067445,1.0,0.0,0.0,0.0,0.0,0.0,1.0,1.0,0.0,0.0,1.0,0.0,1.0,0.0,0.0,0.0,0
-0.5931826776971987,-1.045587655152567,-0.4061226001689846,-0.4422261823997879,0.9925279152401798,1.675699245272388,0.0,0.0,1.0,0.0,0.0,0.0,0.0,0.0,1.0,0.0,1.0,0.0,0.0,0.0,0.0,0.0,0
-2.068612783087352,1.1057137636700738,1.2914386820558046,1.8227070739118578,-1.0075283371329782,2.079941839251358,0.0,0.0,0.0,0.0,0.0,0.0,0.0,1.0,0.0,0.0,0.0,0.0,0.0,1.0,0.0,1.0,0
-1.158861413755874,-0.770859800089594,0.897557333478115,1.3432537868454368,0.9925279152401798,-0.19392275188034908,0.0,1.0,1.0,0.0,0.0,1.0,0.0,0.0,0.0,1.0,1.0,0.0,0.0,0.0,1.0,1.0,0
1.3145251216140814,0.8215558906987601,0.5423908183076325,0.8169749133563935,0.9925279152401798,-0.09286210338560645,1.0,0.0,0.0,0.0,0.0,0.0,1.0,0.0,0.0,0.0,1.0,0.0,0.0,0.0,0.0,1.0,0
0.956602106917162,-2.0810036214883025,1.48669610271825,0.3609344195012857,0.9925279152401798,0.1597895178512499,0.0,0.0,1.0,0.0,0.0,0.0,1.0,0.0,0.0,1.0,0.0,0.0,0.0,0.0,0.0,0.0,0
-0.9911989017797204,0.43115314929348303,1.002760685128139,-1.1955073552854594,0.9925279152401798,-0.04233177913823491,1.0,0.0,0.0,0.0,0.0,1.0,0.0,0.0,1.0,0.0,1.0,0.0,0.0,0.0,1.0,0.0,1
0.15036411454487442,-0.6564422494684015,-2.422660444596646,-0.8076693460024312,0.9925279152401798,0.41244113908810626,1.0,0.0,1.0,0.0,0.0,1.0,0.0,0.0,0.0,0.0,0.0,0.0,0.0,1.0,1.0,0.0,1
0.7925844321578811,0.30919158434561866,-0.6030632744578294,1.0673900059643335,-1.0075283371329782,0.6650927603249626,1.0,0.0,0.0,0.0,0.0,1.0,0.0,1.0,0.0,0.0,0.0,0.0,0.0,1.0,0.0,1.0,0
0.34208255215239014,-0.2075733970314157,-0.5609819337978198,-0.5827029416676572,0.9925279152401798,-0.29498340037509146,0.0,1.0,1.0,0.0,0.0,0.0,1.0,1.0,0.0,0.0,0.0,1.0,1.0,0.0,1.0,1.0,0
0.6577254551335839,1.166694546144006,1.910034389757946,1.5448073979689005,-1.0075283371329782,2.7873663787145557,1.0,0.0,1.0,0.0,0.0,1.0,0.0,0.0,0.0,1.0,0.0,0.0,0.0,0.0,0.0,0.0,1
-0.09675584875910882,-0.6400968850939451,0.6097209633636488,-0.39132880585345875,-1.0075283371329782,-0.29498340037509146,1.0,0.0,1.0,0.0,0.0,1.0,0.0,0.0,1.0,0.0,0.0,0.0,0.0,0.0,1.0,0.0,1
0.6810524133215701,-1.124799805582623,1.2140090152413867,0.6418879380370215,-1.0075283371329782,-1.356120209569888,0.0,0.0,0.0,1.0,0.0,0.0,0.0,0.0,1.0,0.0,1.0,0.0,0.0,0.0,0.0,0.0,1
-0.08727927199523856,-1.0304996264992226,2.126332480750396,-0.31498274103396506,-1.0075283371329782,1.5746385967776453,0.0,0.0,0.0,0.0,0.0,1.0,0.0,1.0,0.0,0.0,0.0,1.0,0.0,0.0,1.0,1.0,0
-1.0487873298063122,0.9435174556466245,-1.7257934432668869,-0.8025796083477986,-1.0075283371329782,0.7156230845723341,0.0,0.0,1.0,0.0,0.0,1.0,0.0,0.0,1.0,0.0,1.0,0.0,0.0,0.0,0.0,1.0,0
-0.7674058966637237,0.043893747190985724,0.7847793405092888,-0.7740770774818543,-1.0075283371329782,0.9682747058091904,1.0,0.0,1.0,0.0,0.0,1.0,0.0,1.0,0.0,0.0,0.0,0.0,0.0,1.0,1.0,0.0,1
0.0884018818580354,0.31107758792728674,-1.765349903487296,-0.5959362595697023,0.9925279152401798,-0.34551372462246277,1.0,0.0,0.0,0.0,0.0,0.0,1.0,0.0,1.0,0.0,0.0,1.0,0.0,1.0,1.0,0.0,0
-0.6274441475358039,-0.816123886049626,0.05003913258552008,-0.7842565527911195,-1.0075283371329782,1.7262295695197594,0.0,1.0,1.0,0.0,0.0,1.0,0.0,0.0,1.0,0.0,1.0,0.0,1.0,0.0,0.0,1.0,0
-0.001261113677038454,-0.5300800094966447,-0.7932709342410729,0.5075188639547134,-1.0075283371329782,-0.04233177913823491,1.0,0.0,0.0,1.0,0.0,0.0,0.0,0.0,1.0,0.0,0.0,0.0,1.0,0.0,1.0,0.0,0
-0.05447573704338321,-1.320944178076096,0.3454501440187882,-1.1629330342958086,0.9925279152401798,-0.04233177913823491,0.0,0.0,1.0,0.0,0.0,0.0,0.0,1.0,0.0,0.0,0.0,0.0,0.0,0.0,0.0,1.0,0
-0.7608451896733528,0.7253697080336917,0.16113387192794615,-1.3135892688729427,0.9925279152401798,-0.29498340037509146,1.0,0.0,1.0,0.0,0.0,1.0,0.0,0.0,1.0,0.0,0.0,0.0,1.0,0.0,1.0,1.0,0
-0.40802494708005493,-1.3184295066338716,0.44644536160281156,0.6907494195214978,-1.0075283371329782,0.3619108148407351,0.0,1.0,0.0,0.0,0.0,0.0,0.0,0.0,0.0,0.0,1.0,0.0,0.0,0.0,0.0,0.0,0
0.1357847656773826,2.1493024121930375,-0.6821761948986473,-0.22234951571964642,0.9925279152401798,0.8672140573144478,1.0,0.0,0.0,0.0,0.0,1.0,0.0,1.0,0.0,0.0,0.0,0.0,1.0,0.0,1.0,0.0,1
1.3553472984430581,-0.04726309258963481,0.19816545170875446,2.172881024550602,-1.0075283371329782,-0.8508169670961755,1.0,0.0,1.0,0.0,0.0,1.0,0.0,0.0,0.0,0.0,0.0,1.0,0.0,0.0,1.0,0.0,1
0.9872187395388946,1.036560299008913,-0.3606747522561737,-0.3180365836267449,-1.0075283371329782,-1.4066505338172592,1.0,0.0,1.0,0.0,0.0,1.0,0.0,1.0,0.0,0.0,1.0,0.0,1.0,0.0,0.0,1.0,0
0.5148478362321653,0.5858054429902592,-0.15700106346172685,-0.8646744077343201,-1.0075283371329782,0.3113804905933636,1.0,0.0,0.0,0.0,0.0,1.0,0.0,0.0,0.0,1.0,1.0,0.0,0.0,0.0,1.0,1.0,0
1.1701895678259149,0.10361719394380524,1.027167862710944,-0.8321000867446687,-1.0075283371329782,-0.9013472913435465,0.0,0.0,0.0,1.0,0.0,0.0,1.0,0.0,1.0,0.0,1.0,0.0,0.0,1.0,0.0,1.0,0
1.2598525633609878,1.3842136258963824,1.617989885577479,-0.10019581200845626,-1.0075283371329782,-0.8508169670961755,0.0,0.0,1.0,0.0,0.0,0.0,0.0,1.0,0.0,0.0,0.0,0.0,0.0,0.0,0.0,1.0,0
-1.138450325341386,-0.3483949977959599,-1.8360465557961119,-0.5898285743841426,0.9925279152401798,-0.29498340037509146,1.0,0.0,1.0,0.0,0.0,1.0,0.0,0.0,0.0,0.0,0.0,1.0,0.0,0.0,1.0,1.0,0
-0.2396334676605264,-2.124381703866667,-0.0812546502737102,-0.3210904262195248,-1.0075283371329782,2.5347147574776994,1.0,0.0,1.0,0.0,0.0,0.0,1.0,1.0,0.0,0.0,0.0,1.0,0.0,0.0,1.0,0.0,0
-0.8629006317457941,0.48081791027740667,-0.03075704148169791,-0.4554595003018344,-1.0075283371329782,-0.6486956701066902,0.0,1.0,1.0,0.0,0.0,0.0,0.0,1.0,0.0,0.0,0.0,0.0,0.0,1.0,1.0,0.0,0
-0.35553929115708516,0.15705396209106598,-2.289683408111016,-0.3139647935030394,0.9925279152401798,0.8672140573144478,0.0,0.0,0.0,1.0,0.0,0.0,0.0,0.0,1.0,0.0,0.0,0.0,0.0,0.0,0.0,0.0,0
-2.056220336549984,-1.8471391773614698,0.16029224511474555,-2.1503421392945934,-1.0075283371329782,-0.5476350216119478,0.0,1.0,0.0,0.0,0.0,0.0,1.0,0.0,0.0,1.0,0.0,0.0,1.0,0.0,1.0,1.0,1
-1.1311606509076402,-0.7953778466512781,-0.9700125650131135,0.2530319812230677,0.9925279152401798,0.008198545109136179,1.0,0.0,1.0,0.0,0.0,1.0,0.0,0.0,1.0,0.0,0.0,1.0,1.0,0.0,1.0,1.0,0
-1.369533004891128,0.6794769542131042,0.9674123589737308,2.388685901107038,0.9925279152401798,-0.09286210338560645,0.0,0.0,1.0,0.0,0.0,1.0,0.0,0.0,1.0,0.0,0.0,0.0,1.0,0.0,1.0,1.0,0
0.2823072217956739,0.7429724081292598,-0.60474652808423,-0.12360860521976806,-1.0075283371329782,0.1597895178512499,0.0,1.0,1.0,0.0,0.0,0.0,1.0,0.0,0.0,0.0,1.0,0.0,0.0,1.0,0.0,0.0,0
-0.38469798889206885,0.15139595134606174,2.6826478042757236,0.15327312319226222,0.9925279152401798,0.3619108148407351,0.0,1.0,1.0,0.0,0.0,0.0,0.0,0.0,1.0,0.0,0.0,1.0,0.0,1.0,0.0,0.0,0
-1.3243370234019043,0.04452241505154115,1.1584616455701742,0.563505978155675,-1.0075283371329782,2.4336541089829575,1.0,0.0,0.0,0.0,0.0,1.0,0.0,0.0,0.0,0.0,0.0,0.0,0.0,1.0,0.0,1.0,0
0.918695799861684,0.18911602297942154,0.1931156908295531,-0.07067533361158618,-1.0075283371329782,0.21031984209862142,1.0,0.0,1.0,0.0,0.0,1.0,0.0,0.0,0.0,0.0,0.0,1.0,1.0,0.0,0.0,1.0,0
0.3158397241909052,1.107599767251742,-0.3631996326957743,-0.4656389756110997,0.9925279152401798,0.3113804905933636,0.0,1.0,0.0,0.0,0.0,0.0,1.0,0.0,0.0,0.0,0.0,1.0,1.0,0.0,0.0,1.0,0
0.49443674781767694,1.2798547610440862,-0.010557997964893711,0.10950137936241994,0.9925279152401798,0.058728869356507264,0.0,0.0,1.0,0.0,0.0,1.0,0.0,1.0,0.0,0.0,0.0,1.0,0.0,0.0,0.0,0.0,1
-0.0231301369782757,-1.4887984968445485,0.3016855497323773,-0.6091695774717475,-1.0075283371329782,-0.6992259943540615,0.0,1.0,1.0,0.0,0.0,1.0,0.0,1.0,0.0,0.0,0.0,1.0,1.0,0.0,0.0,0.0,1
0.5811838735792519,1.2213886500123776,-0.40780585379538464,1.3697204226495285,-1.0075283371329782,0.8166837330670763,1.0,0.0,0.0,1.0,0.0,0.0,0.0,0.0,0.0,1.0,0.0,0.0,0.0,0.0,1.0,0.0,0
0.06799079344354703,-0.4414378411582485,-1.058383380399134,-1.120179237996892,0.9925279152401798,-0.04233177913823491,0.0,1.0,1.0,0.0,0.0,0.0,0.0,1.0,0.0,0.0,1.0,0.0,1.0,0.0,0.0,1.0,0
-1.5371955168672822,1.1308604780923135,-1.6550967909580705,-1.0326357503372054,-1.0075283371329782,-0.24445307612772016,1.0,0.0,1.0,0.0,0.0,0.0,0.0,0.0,0.0,1.0,0.0,0.0,1.0,0.0,0.0,1.0,0
0.42081103603684483,-0.9211114187624786,-1.265423576446381,0.37823952752703777,-1.0075283371329782,1.1703960027986753,1.0,0.0,1.0,0.0,0.0,0.0,1.0,1.0,0.0,0.0,0.0,0.0,0.0,1.0,0.0,0.0,0
0.3603067382367547,0.5348833462852228,-0.6468278687442397,-0.1113932348486486,-1.0075283371329782,-1.2550595610751456,0.0,1.0,0.0,0.0,0.0,0.0,0.0,0.0,1.0,0.0,0.0,1.0,1.0,0.0,0.0,0.0,0
-1.5714569867058874,0.45064185297071924,0.31683483236998133,0.34566520653738636,-1.0075283371329782,0.5135017875828488,0.0,1.0,0.0,0.0,0.0,0.0,1.0,0.0,1.0,0.0,0.0,1.0,1.0,0.0,1.0,1.0,0
0.493707780374303,-0.2710688509475718,-2.709129171139661,0.025011734295513777,-1.0075283371329782,-0.44657437311720516,1.0,0.0,1.0,0.0,0.0,0.0,1.0,0.0,0.0,0.0,1.0,0.0,0.0,1.0,0.0,1.0,0
0.5811838735792519,1.4363930583225306,-0.5693982019298218,-1.9029808892794338,0.9925279152401798,-1.3055898853225167,1.0,0.0,0.0,0.0,0.0,1.0,0.0,0.0,0.0,1.0,0.0,0.0,1.0,0.0,0.0,0.0,1
-0.6391076266297975,1.5476672696409437,0.1889075567635524,-1.3929891762852162,0.9925279152401798,-1.6593021550541156,1.0,0.0,0.0,0.0,0.0,0.0,0.0,0.0,0.0,1.0,0.0,1.0,1.0,0.0,0.0,1.0,0
-0.8410316084445564,1.3942723116652782,-1.9622905777761408,0.8190108084182477,-1.0075283371329782,-0.34551372462246277,0.0,0.0,1.0,0.0,0.0,0.0,1.0,0.0,0.0,0.0,0.0,0.0,0.0,1.0,0.0,1.0,0
0.6475199109263398,1.5388659195931595,-1.4329073122732194,-0.5827029416676572,-1.0075283371329782,-0.24445307612772016,1.0,0.0,0.0,1.0,0.0,1.0,0.0,1.0,0.0,0.0,0.0,0.0,0.0,0.0,0.0,1.0,0
1.7227468899038478,-1.2046406238732354,-2.240869052945405,-0.5592901484563454,-1.0075283371329782,1.6251689210250169,1.0,0.0,1.0,0.0,0.0,0.0,1.0,0.0,1.0,0.0,1.0,0.0,0.0,0.0,0.0,1.0,0
-0.5968275149140718,-0.7903485037668297,0.12578554577353793,1.623189357850247,-1.0075283371329782,0.008198545109136179,0.0,0.0,1.0,0.0,0.0,0.0,1.0,0.0,0.0,0.0,0.0,1.0,0.0,0.0,1.0,0.0,0
0.04029003059531325,0.524824660516327,0.033206596321515985,0.9258952991655386,-1.0075283371329782,-1.2550595610751456,0.0,0.0,1.0,0.0,0.0,0.0,0.0,1.0,0.0,0.0,0.0,1.0,1.0,0.0,1.0,0.0,0
-0.2432783048773991,-1.0015809049136464,0.5516487132528357,1.0460131078148744,0.9925279152401798,0.058728869356507264,0.0,0.0,1.0,0.0,0.0,0.0,0.0,0.0,0.0,1.0,1.0,0.0,0.0,1.0,1.0,0.0,0
-1.4540932283225798,-0.10069986073689555,-0.6392532274254377,-0.4249210743740358,0.9925279152401798,-0.4971046973645765,0.0,0.0,0.0,1.0,0.0,0.0,1.0,0.0,0.0,0.0,0.0,0.0,0.0,0.0,0.0,0.0,0
-1.0356659158255699,0.15139595134606174,0.8234941739164972,0.6795519966813055,-1.0075283371329782,1.1703960027986753,0.0,0.0,0.0,0.0,0.0,1.0,0.0,1.0,0.0,0.0,0.0,1.0,0.0,0.0,1.0,1.0,0
-0.19516645361467697,-0.9726621833280703,0.710716180947671,0.20417049973859136,0.9925279152401798,0.4629714633354778,1.0,0.0,1.0,0.0,0.0,0.0,1.0,1.0,0.0,0.0,0.0,0.0,0.0,1.0,1.0,0.0,0
-0.16527878843631935,0.1218485618999297,-0.014766132030894438,1.5458253454998276,-1.0075283371329782,1.0188050300565614,0.0,0.0,0.0,1.0,0.0,0.0,0.0,0.0,0.0,1.0,0.0,0.0,1.0,0.0,0.0,1.0,0
1.2744319122284795,0.3249082808595187,-1.8991685667861262,0.13902185775929002,0.9925279152401798,1.7767598937671305,0.0,0.0,0.0,1.0,0.0,0.0,0.0,0.0,0.0,0.0,0.0,0.0,1.0,0.0,0.0,1.0,0
-0.31544608177148337,-0.13653392878858725,-1.3554776454588016,0.04129889479033875,-1.0075283371329782,-0.5981653458593191,0.0,0.0,1.0,0.0,0.0,1.0,0.0,1.0,0.0,0.0,0.0,0.0,0.0,1.0,1.0,0.0,1
-0.2534838490846433,0.27775819131781854,-2.709129171139661,-1.1863458275071197,-1.0075283371329782,0.3113804905933636,1.0,0.0,0.0,1.0,0.0,0.0,0.0,0.0,0.0,0.0,1.0,0.0,1.0,0.0,0.0,1.0,0
-0.10477449063622919,-1.1512038557259752,-1.5162283667800387,-0.06965738608065908,0.9925279152401798,-0.29498340037509146,0.0,0.0,0.0,1.0,0.0,0.0,0.0,1.0,0.0,0.0,0.0,1.0,0.0,0.0,0.0,0.0,0
-0.5261176729067375,1.1893265891240221,0.3622826802827923,0.4535676448156043,0.9925279152401798,0.56403211183022,0.0,1.0,1.0,0.0,0.0,0.0,0.0,0.0,0.0,0.0,1.0,0.0,0.0,0.0,0.0,1.0,0
0.21451324956183832,2.1493024121930375,0.7098745541344715,1.2384051911599987,0.9925279152401798,0.9177443815618189,1.0,0.0,1.0,0.0,0.0,0.0,1.0,0.0,0.0,0.0,1.0,0.0,1.0,0.0,1.0,1.0,0
0.2626251008245605,1.3244901791435622,0.44644536160281156,0.02093994417180681,0.9925279152401798,-1.0529382640856604,0.0,1.0,1.0,0.0,0.0,1.0,0.0,1.0,0.0,0.0,1.0,0.0,0.0,0.0,0.0,0.0,1
-0.6595187150442858,-1.43033238581284,-0.2234895817045426,-0.7007848552551404,0.9925279152401798,0.7661534088197052,0.0,1.0,0.0,0.0,0.0,1.0,0.0,0.0,1.0,0.0,1.0,0.0,0.0,0.0,1.0,1.0,0
-0.8162467153698209,1.921095978811209,-0.7074249992946535,-1.0000614293475554,-1.0075283371329782,-1.760362803548858,0.0,1.0,0.0,1.0,0.0,1.0,0.0,1.0,0.0,0.0,0.0,0.0,0.0,1.0,1.0,0.0,1
1.1884137539102795,2.1493024121930375,0.3429252635791875,-2.5381801485776214,0.9925279152401798,-0.04233177913823491,0.0,0.0,0.0,1.0,0.0,1.0,0.0,0.0,1.0,0.0,0.0,1.0,0.0,1.0,0.0,1.0,0
0.5658755572683862,2.1493024121930375,-0.587913991820226,-1.2148483583730643,-1.0075283371329782,1.7262295695197594,0.0,1.0,1.0,0.0,0.0,0.0,1.0,0.0,0.0,1.0,0.0,1.0,0.0,0.0,0.0,0.0,0
-0.9438160179603726,-0.4904739342816168,1.4378817475526378,1.448102382530875,-1.0075283371329782,1.0693353543039326,1.0,0.0,1.0,0.0,0.0,1.0,0.0,0.0,1.0,0.0,1.0,0.0,1.0,0.0,0.0,0.0,1
1.0389754280184895,1.066107688455045,0.7300735976512758,0.49326759852174107,0.9925279152401798,1.3725172997881605,0.0,0.0,1.0,0.0,0.0,1.0,0.0,1.0,0.0,0.0,0.0,1.0,1.0,0.0,1.0,1.0,0
-1.3549536560236368,1.9418420182095568,0.5289247892964296,0.5899726139597667,0.9925279152401798,-1.1034685883330317,1.0,0.0,0.0,1.0,0.0,0.0,1.0,0.0,1.0,0.0,0.0,0.0,0.0,0.0,1.0,0.0,0
-0.09529791387235892,-0.1824266826091757,-0.8008455755598749,-0.6295285280902794,-1.0075283371329782,0.7156230845723341,0.0,0.0,1.0,0.0,0.0,0.0,1.0,0.0,0.0,0.0,1.0,0.0,0.0,0.0,1.0,1.0,0
-0.27389493749913163,1.1270884709289772,0.31683483236998133,-1.6983734355631908,-1.0075283371329782,-0.09286210338560645,1.0,0.0,1.0,0.0,0.0,0.0,0.0,0.0,0.0,1.0,0.0,0.0,0.0,1.0,1.0,0.0,0
1.0739658653004696,1.1723525568890094,1.5632841427194673,-0.5409670928996663,0.9925279152401798,0.5135017875828488,0.0,0.0,0.0,1.0,0.0,1.0,0.0,1.0,0.0,0.0,0.0,0.0,0.0,0.0,0.0,1.0,0
-1.2098891347920948,-1.337289542450552,1.7888401286571183,-1.6759785898828061,0.9925279152401798,-0.8508169670961755,0.0,0.0,1.0,0.0,0.0,1.0,0.0,0.0,1.0,0.0,0.0,1.0,0.0,1.0,1.0,1.0,0
-0.36938967258120203,-2.0275668533410425,0.3294592345679847,0.39859847814556826,0.9925279152401798,0.058728869356507264,0.0,0.0,0.0,0.0,0.0,1.0,0.0,0.0,1.0,0.0,0.0,0.0,0.0,0.0,1.0,1.0,0
-0.5436128915477271,-1.4755964717728722,-1.7426259795308905,-0.3791134354823408,0.9925279152401798,-0.9518776155909179,0.0,0.0,0.0,0.0,0.0,1.0,0.0,0.0,0.0,1.0,1.0,0.0,0.0,1.0,1.0,0.0,1
0.3836336964247408,-1.0254702836147747,0.4834769413836199,-0.8921589910693375,-1.0075283371329782,-0.39604404886983385,0.0,0.0,1.0,0.0,0.0,1.0,0.0,0.0,1.0,0.0,0.0,1.0,0.0,1.0,0.0,0.0,1
0.6759496412179484,-1.2203573203871356,-0.364041259508975,-0.5837208891985829,-1.0075283371329782,0.2608501663459925,0.0,1.0,0.0,0.0,0.0,1.0,0.0,0.0,0.0,0.0,1.0,0.0,0.0,1.0,1.0,0.0,1
0.7772761158470154,-0.05983644980075504,-1.797331722388903,-0.8239565064972563,-1.0075283371329782,-0.34551372462246277,0.0,1.0,0.0,1.0,0.0,0.0,0.0,0.0,1.0,0.0,0.0,0.0,0.0,1.0,0.0,0.0,0
1.0863583118378377,1.0617070134311535,0.7536391484208813,-1.7879528182847304,0.9925279152401798,0.8166837330670763,1.0,0.0,0.0,1.0,0.0,0.0,0.0,0.0,0.0,0.0,0.0,0.0,0.0,0.0,0.0,1.0,0
-0.3176329841016072,-0.7582864428784737,-2.1255661795369787,-0.4473159200544205,0.9925279152401798,1.0188050300565614,0.0,0.0,1.0,0.0,0.0,0.0,0.0,0.0,0.0,0.0,1.0,0.0,1.0,0.0,0.0,0.0,0
-1.5867653030167537,1.4345070547408625,-0.4566202089609957,0.03213736701199916,0.9925279152401798,0.56403211183022,0.0,1.0,1.0,0.0,0.0,0.0,1.0,0.0,1.0,0.0,0.0,0.0,0.0,0.0,1.0,1.0,0
0.3646805428970013,-0.845671275495758,-0.8740671083082914,0.7711672744646985,0.9925279152401798,1.1703960027986753,1.0,0.0,1.0,0.0,0.0,0.0,0.0,1.0,0.0,0.0,1.0,0.0,0.0,0.0,1.0,0.0,0
-0.17183949542669083,0.23186543749723013,-1.0760575434763375,-0.3587544848638088,0.9925279152401798,-0.34551372462246277,0.0,1.0,0.0,1.0,0.0,1.0,0.0,1.0,0.0,0.0,0.0,0.0,0.0,1.0,1.0,0.0,1
1.857605866928145,-2.068430264277183,-1.4749886529332292,0.9513439874387032,-1.0075283371329782,-0.9518776155909179,0.0,1.0,1.0,0.0,0.0,1.0,0.0,1.0,0.0,0.0,0.0,0.0,1.0,0.0,0.0,0.0,1
0.5002684873646734,0.7014803293325639,0.03657310357431728,-0.3842031731369734,-1.0075283371329782,0.7156230845723341,0.0,0.0,0.0,1.0,0.0,1.0,0.0,0.0,0.0,0.0,0.0,1.0,0.0,1.0,1.0,1.0,0
0.7072952412830549,2.075748272507985,-1.5305360226044422,0.007706626269761704,-1.0075283371329782,-0.5476350216119478,1.0,0.0,1.0,0.0,0.0,0.0,0.0,0.0,0.0,0.0,0.0,0.0,1.0,0.0,1.0,0.0,0
-1.338916372269396,-0.8639026434518821,-2.5127145136090667,-1.66885295716632,-1.0075283371329782,0.8166837330670763,0.0,1.0,1.0,0.0,0.0,0.0,1.0,0.0,0.0,0.0,1.0,0.0,0.0,0.0,0.0,1.0,0
-0.569855719509212,-0.3534243406804083,0.5667979958904386,-0.5124645620337218,-1.0075283371329782,-0.29498340037509146,1.0,0.0,1.0,0.0,0.0,0.0,1.0,0.0,0.0,0.0,0.0,0.0,0.0,1.0,0.0,1.0,0
-0.927049766762757,-1.31717217091276,0.0643467884099235,0.11051932689334559,-1.0075283371329782,-0.9518776155909179,0.0,1.0,0.0,0.0,0.0,0.0,0.0,1.0,0.0,0.0,0.0,0.0,0.0,0.0,0.0,0.0,0
0.6460619760395898,-1.4573651038167483,-0.018132639283695736,-0.7567719694561021,-1.0075283371329782,-2.265666046022571,0.0,0.0,1.0,0.0,0.0,0.0,0.0,0.0,0.0,0.0,0.0,0.0,1.0,0.0,1.0,1.0,0
-1.3673461025610043,-1.067591030272027,-0.2394804911553461,0.07285526824906303,0.9925279152401798,0.21031984209862142,0.0,0.0,0.0,0.0,0.0,0.0,0.0,0.0,0.0,0.0,0.0,0.0,0.0,0.0,0.0,1.0,0
1.9035308158607434,0.35319833458453903,-0.2967111144529598,0.18075770652727954,-1.0075283371329782,0.5135017875828488,0.0,0.0,1.0,0.0,0.0,0.0,0.0,0.0,0.0,0.0,0.0,0.0,0.0,1.0,0.0,1.0,0
0.7087531761698038,0.20420405163276617,0.9118649893025171,2.5515575060552904,-1.0075283371329782,-0.7497563186014329,1.0,0.0,1.0,0.0,0.0,0.0,0.0,0.0,0.0,1.0,1.0,0.0,0.0,0.0,1.0,0.0,0
2.0522401743091585,-2.032596196225491,-0.5121675786322087,0.34566520653738636,0.9925279152401798,-1.4066505338172592,1.0,0.0,0.0,1.0,0.0,1.0,0.0,0.0,0.0,1.0,0.0,1.0,1.0,0.0,1.0,1.0,0
-1.1027309206160314,1.1968706034506935,-1.2191341017203705,-1.8785501485371963,-1.0075283371329782,-1.0529382640856604,1.0,0.0,0.0,1.0,0.0,0.0,0.0,1.0,0.0,0.0,1.0,0.0,1.0,0.0,1.0,1.0,0
0.7262483948107944,1.2974574611396543,-0.32785130654136607,0.9564337250933358,0.9925279152401798,-2.265666046022571,0.0,0.0,1.0,0.0,0.0,1.0,0.0,0.0,1.0,0.0,1.0,0.0,1.0,0.0,0.0,1.0,0
-2.5285912398567136,-0.4056037731065564,0.5045176117136247,-0.4483338675853476,0.9925279152401798,-0.8002866428488041,0.0,0.0,1.0,0.0,0.0,0.0,1.0,1.0,0.0,0.0,0.0,1.0,1.0,0.0,1.0,1.0,0
-0.6128647986683126,1.0686223598972695,0.24529655324796545,-0.5542004108017128,0.9925279152401798,1.5241082725302741,0.0,1.0,0.0,1.0,0.0,0.0,1.0,1.0,0.0,0.0,1.0,0.0,0.0,1.0,1.0,0.0,0
-1.3520377862501385,0.5858054429902592,-0.9060489272098989,-1.0560485435485172,-1.0075283371329782,-1.0024079398382892,1.0,0.0,1.0,0.0,0.0,0.0,1.0,0.0,0.0,1.0,0.0,1.0,0.0,0.0,1.0,1.0,0
-0.06759715102412514,-0.4049751052460005,0.635811394572855,1.4552280152473618,-1.0075283371329782,0.9177443815618189,0.0,1.0,0.0,0.0,0.0,1.0,0.0,0.0,0.0,0.0,0.0,1.0,0.0,0.0,0.0,1.0,0
-1.5663542146022653,1.161665203259558,-0.7730718907242686,0.07692705837276856,-1.0075283371329782,2.079941839251358,1.0,0.0,1.0,0.0,0.0,0.0,0.0,0.0,0.0,0.0,0.0,1.0,0.0,1.0,0.0,0.0,0
-0.4495760913524056,0.1381939262743861,-0.413697241487786,-1.321732849120355,-1.0075283371329782,-0.09286210338560645,0.0,0.0,0.0,0.0,0.0,1.0,0.0,1.0,0.0,0.0,0.0,1.0,0.0,1.0,0.0,1.0,0
0.9303592789556772,-1.0719917052959191,0.1325185602791393,0.9584696201551886,0.9925279152401798,2.5852450817250707,1.0,0.0,1.0,0.0,0.0,1.0,0.0,0.0,0.0,1.0,0.0,1.0,1.0,0.0,0.0,0.0,1
-0.36282896559083055,-1.1449171771204152,-1.1215053913891486,-1.1476638213319101,0.9925279152401798,1.7767598937671305,1.0,0.0,0.0,0.0,0.0,0.0,1.0,0.0,0.0,1.0,0.0,0.0,0.0,0.0,0.0,1.0,0
1.594448619869921,-0.37291304435764405,1.2746061457918005,-0.4310287595595955,-1.0075283371329782,1.321986975540789,0.0,1.0,1.0,0.0,0.0,1.0,0.0,0.0,0.0,1.0,0.0,0.0,1.0,0.0,0.0,1.0,0
-0.35408135627033627,-0.0019990066296027066,-0.03580680236089926,0.3762036324651835,-1.0075283371329782,0.008198545109136179,0.0,0.0,0.0,1.0,0.0,0.0,1.0,0.0,1.0,0.0,0.0,1.0,0.0,1.0,0.0,1.0,0
-0.0646812812506274,0.04137907574876132,0.3833233506127971,-1.1619150867648815,-1.0075283371329782,2.029411515003987,1.0,0.0,0.0,1.0,0.0,0.0,0.0,0.0,1.0,0.0,0.0,1.0,0.0,1.0,0.0,0.0,0
0.22398982632570755,2.1493024121930375,-0.31775178478296456,0.7375750059441214,-1.0075283371329782,0.1597895178512499,0.0,1.0,1.0,0.0,0.0,0.0,0.0,0.0,1.0,0.0,0.0,0.0,0.0,0.0,0.0,1.0,0
-0.31180124455461067,-1.076392380319811,0.780571206443288,-0.247798203992811,-1.0075283371329782,2.181002487746101,1.0,0.0,0.0,1.0,0.0,0.0,1.0,0.0,0.0,1.0,0.0,1.0,0.0,1.0,1.0,1.0,0
-0.13903596047483444,0.30856291648506234,0.9758286271057323,-0.41474159906477054,0.9925279152401798,-2.265666046022571,0.0,1.0,1.0,0.0,0.0,1.0,0.0,0.0,0.0,0.0,0.0,0.0,1.0,0.0,0.0,0.0,1
-0.3387730399594695,-1.5504079471790368,1.8704779295375369,-0.5735414138893177,0.9925279152401798,0.41244113908810626,0.0,1.0,1.0,0.0,0.0,1.0,0.0,0.0,0.0,1.0,1.0,0.0,0.0,1.0,0.0,0.0,1
1.1978903306741486,0.2721001805728143,-0.13764364675812327,-0.4941415064770441,0.9925279152401798,-0.9518776155909179,0.0,1.0,0.0,0.0,0.0,0.0,0.0,0.0,1.0,0.0,1.0,0.0,0.0,1.0,0.0,1.0,0
0.4419510918947071,-0.5388813595444287,0.38837311149199727,-1.7105888059343095,0.9925279152401798,-0.8508169670961755,0.0,0.0,1.0,0.0,0.0,0.0,1.0,0.0,0.0,0.0,0.0,1.0,0.0,1.0,1.0,1.0,0
-0.37157657491132584,-0.4885879306999487,-0.27314556368335424,-0.09510607435382364,0.9925279152401798,-0.4971046973645765,0.0,1.0,1.0,0.0,0.0,0.0,1.0,0.0,0.0,0.0,0.0,1.0,0.0,1.0,0.0,0.0,0
-1.2011415254716,1.2182453107095979,-0.9430805069907072,-0.8453334046467152,0.9925279152401798,-1.2550595610751456,1.0,0.0,0.0,0.0,0.0,1.0,0.0,1.0,0.0,0.0,1.0,0.0,1.0,0.0,0.0,1.0,0
-0.6536869754972888,-0.2465508043858877,-1.1257135254551494,0.3670421046868454,-1.0075283371329782,-0.09286210338560645,1.0,0.0,1.0,0.0,0.0,1.0,0.0,0.0,0.0,0.0,0.0,1.0,1.0,0.0,1.0,0.0,1
-0.17694226753031242,-0.7237097105478938,0.35807454621679036,0.6724263639648201,-1.0075283371329782,1.321986975540789,0.0,0.0,1.0,0.0,0.0,0.0,0.0,0.0,0.0,0.0,1.0,0.0,1.0,0.0,1.0,1.0,0
0.3617646731235036,-0.30250224397537195,-0.7006919847890521,1.7850430152675738,-1.0075283371329782,-0.04233177913823491,0.0,1.0,0.0,0.0,0.0,1.0,0.0,1.0,0.0,0.0,0.0,1.0,0.0,1.0,1.0,0.0,1
0.45653044076219895,1.4904584943303467,2.345997078995646,0.28662424974364475,0.9925279152401798,0.7661534088197052,1.0,0.0,1.0,0.0,0.0,1.0,0.0,0.0,0.0,1.0,0.0,1.0,0.0,1.0,0.0,0.0,1
-1.3082997396476634,-0.026517053191286836,-1.8806527768957222,0.2784806694962323,-1.0075283371329782,1.0188050300565614,1.0,0.0,0.0,1.0,0.0,1.0,0.0,1.0,0.0,0.0,1.0,0.0,0.0,0.0,1.0,1.0,0
0.30271831021016227,-0.42572114464434846,-1.1038312283119445,-1.2891585281307045,-1.0075283371329782,0.5135017875828488,0.0,0.0,0.0,0.0,0.0,0.0,0.0,0.0,0.0,1.0,0.0,0.0,0.0,1.0,1.0,1.0,0
0.4149792964898483,-0.15602263246582349,-0.7377235645698604,-0.5022850867244566,-1.0075283371329782,0.5135017875828488,0.0,0.0,0.0,0.0,0.0,0.0,1.0,1.0,0.0,0.0,1.0,0.0,0.0,1.0,0.0,0.0,0
0.3865495661982396,1.3188321683985587,0.15019272335634284,-0.9644332657651256,0.9925279152401798,0.6145624360775915,1.0,0.0,0.0,0.0,0.0,0.0,0.0,1.0,0.0,0.0,1.0,0.0,1.0,0.0,1.0,1.0,0
0.3697833150006239,-0.6224941849983774,0.44560373478961096,0.04435273738311861,0.9925279152401798,0.1092591936038788,0.0,1.0,1.0,0.0,0.0,0.0,0.0,0.0,1.0,0.0,0.0,0.0,0.0,1.0,0.0,0.0,0
-0.9343394411965029,0.632326864671404,-0.5736063359958226,0.529913709635098,0.9925279152401798,-1.356120209569888,0.0,0.0,1.0,0.0,0.0,1.0,0.0,0.0,0.0,0.0,0.0,1.0,1.0,0.0,1.0,1.0,0
0.9434806929364201,-0.13653392878858725,0.3420836367659869,-0.40863391387921083,-1.0075283371329782,-0.29498340037509146,0.0,0.0,1.0,0.0,0.0,0.0,1.0,0.0,0.0,0.0,0.0,0.0,0.0,1.0,0.0,1.0,0
-1.1552165765390012,0.942888787786069,0.29916066929277785,0.8861953454594018,0.9925279152401798,0.9177443815618189,0.0,0.0,1.0,0.0,0.0,0.0,0.0,0.0,1.0,0.0,0.0,0.0,0.0,1.0,1.0,1.0,0
-0.9299656365362552,0.13693659055327342,2.115391332178794,2.1789887097361618,0.9925279152401798,-1.1539989125804029,0.0,0.0,0.0,1.0,0.0,0.0,0.0,0.0,1.0,0.0,0.0,1.0,1.0,0.0,0.0,1.0,0
0.5017264222514234,0.4047490991501308,1.2838640407370026,0.4036882158002023,0.9925279152401798,0.008198545109136179,0.0,1.0,1.0,0.0,0.0,0.0,1.0,0.0,1.0,0.0,1.0,0.0,1.0,0.0,0.0,0.0,0
0.0884018818580354,-0.5973474705761369,-1.5625178415060492,0.9157158238562734,0.9925279152401798,0.41244113908810626,1.0,0.0,1.0,0.0,0.0,1.0,0.0,0.0,1.0,0.0,0.0,1.0,0.0,0.0,1.0,1.0,0
-1.0728432554376732,0.40663510273179887,-0.874908735121492,0.15938080837782195,0.9925279152401798,0.9177443815618189,0.0,1.0,1.0,0.0,0.0,0.0,1.0,0.0,1.0,0.0,0.0,1.0,1.0,0.0,1.0,0.0,0
0.7182297529336741,-0.343365654911512,-1.8065896173341056,0.8984107158305212,0.9925279152401798,0.3619108148407351,1.0,0.0,0.0,1.0,0.0,1.0,0.0,0.0,1.0,0.0,1.0,0.0,0.0,1.0,1.0,0.0,1
0.8581915020615939,0.7153110222647958,-0.8513431843518866,0.08405269108925538,-1.0075283371329782,-0.9013472913435465,0.0,0.0,1.0,0.0,0.0,0.0,1.0,0.0,0.0,1.0,0.0,0.0,1.0,0.0,0.0,0.0,0
-1.1661510881896198,0.67067560416532,-0.18729962873693373,-0.3200724786885977,0.9925279152401798,-0.24445307612772016,0.0,1.0,1.0,0.0,0.0,0.0,1.0,0.0,0.0,0.0,0.0,0.0,1.0,0.0,1.0,1.0,0
-0.044270192836139026,1.5891593484376396,0.3277759809415835,0.26422940406326006,-1.0075283371329782,1.0188050300565614,0.0,1.0,1.0,0.0,0.0,0.0,0.0,0.0,1.0,0.0,0.0,1.0,0.0,1.0,1.0,1.0,0
-0.43062293782466715,0.9560908128577447,-1.0634331412783349,0.8159569658254678,0.9925279152401798,-0.39604404886983385,0.0,1.0,1.0,0.0,0.0,1.0,0.0,1.0,0.0,0.0,0.0,0.0,0.0,0.0,0.0,0.0,1
0.0847570446411627,-0.49110260214217266,0.22257262929155938,-0.21827772559593947,-1.0075283371329782,-0.14339242763297752,0.0,0.0,1.0,0.0,0.0,0.0,0.0,0.0,0.0,0.0,0.0,1.0,0.0,1.0,0.0,1.0,0
-0.2760818398292555,0.18408668009497361,0.23351377786316269,1.7270200060047594,-1.0075283371329782,-0.6992259943540615,0.0,1.0,1.0,0.0,0.0,0.0,0.0,0.0,1.0,0.0,0.0,0.0,1.0,0.0,0.0,1.0,0
-0.09675584875910882,0.0024016683942888815,0.9051319747969158,-0.40965186141013793,0.9925279152401798,-1.3055898853225167,0.0,0.0,0.0,1.0,0.0,1.0,0.0,1.0,0.0,0.0,1.0,0.0,0.0,1.0,0.0,1.0,0
0.9456675952665429,1.6608274845410238,-0.4027560929161833,-0.6234208429047197,0.9925279152401798,0.1597895178512499,0.0,0.0,0.0,1.0,0.0,0.0,1.0,0.0,0.0,1.0,1.0,0.0,0.0,0.0,0.0,1.0,0
0.9019295486640684,0.5707174143369155,1.6550214653582884,-0.20097261757018883,-1.0075283371329782,-1.356120209569888,0.0,0.0,0.0,1.0,0.0,0.0,1.0,0.0,1.0,0.0,1.0,0.0,0.0,0.0,0.0,0.0,1
-0.757929319899854,0.7712624618542802,-0.2933446072001585,0.7874544349595235,-1.0075283371329782,2.181002487746101,0.0,1.0,0.0,0.0,0.0,0.0,1.0,0.0,1.0,0.0,1.0,0.0,1.0,0.0,0.0,0.0,0
1.920297067058359,-1.5227465613145725,0.5179836407248275,1.4521741726545818,-1.0075283371329782,-0.6486956701066902,0.0,0.0,0.0,0.0,0.0,1.0,0.0,0.0,0.0,0.0,0.0,1.0,0.0,0.0,0.0,1.0,0
-0.5297625101236102,0.09670184747768924,0.7671051774320841,-0.955271737986786,-1.0075283371329782,-0.8002866428488041,0.0,1.0,1.0,0.0,0.0,0.0,0.0,0.0,0.0,1.0,0.0,1.0,1.0,0.0,1.0,0.0,0
-0.5239307705766137,0.47515989953240334,-0.10986996192251705,-0.26713920708041583,0.9925279152401798,2.5347147574776994,0.0,0.0,0.0,0.0,0.0,0.0,0.0,1.0,0.0,0.0,1.0,0.0,0.0,1.0,0.0,0.0,0
-0.4903982681813824,0.3362243023495263,0.948054942270126,0.022975839233659572,-1.0075283371329782,0.1092591936038788,0.0,1.0,0.0,1.0,0.0,1.0,0.0,1.0,0.0,0.0,0.0,1.0,0.0,1.0,1.0,0.0,1
-0.69523811976964,-0.15350796102359954,-0.8614427061102886,0.2540499287539948,0.9925279152401798,0.7156230845723341,1.0,0.0,1.0,0.0,0.0,0.0,0.0,0.0,0.0,0.0,1.0,0.0,0.0,0.0,1.0,0.0,0
-0.7309575244949946,0.4663585494846193,-1.5987077944736574,0.5411111324752903,-1.0075283371329782,-0.39604404886983385,1.0,0.0,1.0,0.0,0.0,1.0,0.0,1.0,0.0,0.0,1.0,0.0,0.0,0.0,0.0,0.0,1
-0.022401169534900744,-0.6250088564406013,-0.557615426545019,-1.8673527256970033,-1.0075283371329782,1.1703960027986753,1.0,0.0,0.0,0.0,0.0,0.0,0.0,1.0,0.0,0.0,0.0,1.0,1.0,0.0,0.0,0.0,0
0.4711097896296908,1.125202467347309,-0.5626651874242204,0.7742211170574783,-1.0075283371329782,-0.14339242763297752,0.0,0.0,1.0,0.0,0.0,1.0,0.0,1.0,0.0,0.0,0.0,0.0,0.0,1.0,0.0,0.0,1
-0.20682993270867,0.0457797507726538,-0.22769771577054332,-0.18264956201350965,-1.0075283371329782,0.6650927603249626,1.0,0.0,0.0,1.0,0.0,0.0,0.0,0.0,0.0,1.0,1.0,0.0,1.0,0.0,1.0,0.0,0
0.31146591953065755,0.7926371691131844,-0.8101034705050769,0.15836286084689485,-1.0075283371329782,-0.19392275188034908,1.0,0.0,0.0,1.0,0.0,1.0,0.0,1.0,0.0,0.0,0.0,1.0,0.0,0.0,1.0,1.0,0
0.0330003561615668,0.3500549952817583,-1.700544638870881,0.09830395652222759,0.9925279152401798,1.8272902180145016,1.0,0.0,0.0,1.0,0.0,0.0,1.0,0.0,0.0,1.0,0.0,0.0,0.0,0.0,0.0,0.0,0
-1.8477356477448539,0.7995525155793004,0.028998462255515257,0.05656810775423662,-1.0075283371329782,1.321986975540789,0.0,1.0,0.0,1.0,0.0,1.0,0.0,0.0,0.0,0.0,1.0,0.0,0.0,1.0,0.0,0.0,1
-0.8184336176999447,-1.1826372487537753,-0.37414078126737704,0.4749445429650619,-1.0075283371329782,-1.1034685883330317,0.0,0.0,0.0,1.0,0.0,0.0,0.0,1.0,0.0,0.0,0.0,0.0,0.0,1.0,0.0,1.0,0
0.23127950075945297,-1.006610247798095,-0.7890628001750721,-0.13684192312181317,-1.0075283371329782,0.5135017875828488,0.0,1.0,0.0,1.0,0.0,0.0,0.0,0.0,0.0,0.0,0.0,0.0,1.0,0.0,1.0,1.0,0
-0.826452259577065,0.02817705067708566,-0.11323646917531714,-0.8270103490900361,0.9925279152401798,-0.09286210338560645,1.0,0.0,0.0,0.0,0.0,1.0,0.0,1.0,0.0,0.0,0.0,0.0,0.0,1.0,1.0,0.0,1
0.2772044496920523,-1.1166271233953953,0.2974774156663766,0.5838649287742069,0.9925279152401798,-0.44657437311720516,1.0,0.0,1.0,0.0,0.0,1.0,0.0,1.0,0.0,0.0,1.0,0.0,0.0,0.0,0.0,1.0,0
1.494580080127603,-0.8312119147029697,0.993502790182937,0.45967533000116406,-1.0075283371329782,-0.6992259943540615,0.0,1.0,0.0,0.0,0.0,0.0,0.0,0.0,1.0,0.0,1.0,0.0,1.0,0.0,1.0,0.0,0
-0.13393318837121185,1.168580549725674,-0.7680221298450672,-0.5867747317913627,0.9925279152401798,-1.2045292368277742,0.0,0.0,0.0,0.0,0.0,0.0,0.0,1.0,0.0,0.0,1.0,0.0,0.0,0.0,1.0,0.0,0
1.593719652426546,-1.90371928481151,-0.7065833724814534,1.125413015227148,0.9925279152401798,-1.1034685883330317,0.0,0.0,0.0,1.0,0.0,0.0,0.0,0.0,0.0,0.0,1.0,0.0,0.0,0.0,1.0,1.0,0
-0.5392390868874795,-0.3169616047681598,-1.1417044349059526,2.387667953576111,-1.0075283371329782,-1.356120209569888,0.0,0.0,0.0,1.0,0.0,0.0,0.0,1.0,0.0,0.0,1.0,0.0,0.0,0.0,1.0,1.0,1
0.7510332878855305,-1.39889899278504,0.0677132956627248,-1.8826219386609024,0.9925279152401798,-1.2550595610751456,0.0,1.0,1.0,0.0,0.0,0.0,1.0,0.0,1.0,0.0,0.0,0.0,1.0,0.0,0.0,1.0,0
-1.1632352184161217,-1.0260989514753307,0.23772191192916342,-1.2718534201049532,0.9925279152401798,1.1198656785513041,1.0,0.0,0.0,0.0,0.0,0.0,0.0,0.0,0.0,1.0,1.0,0.0,0.0,1.0,1.0,1.0,0
-0.18787677918093154,-0.04663442472907938,0.37827358973359576,0.7681134318719186,0.9925279152401798,-0.9013472913435465,0.0,1.0,1.0,0.0,0.0,1.0,0.0,0.0,0.0,1.0,0.0,0.0,0.0,0.0,0.0,0.0,1
-2.645226030796646,-0.020859042446282602,-0.6417781078650383,-0.7750950250127814,-1.0075283371329782,-0.04233177913823491,0.0,1.0,0.0,0.0,0.0,0.0,0.0,0.0,0.0,1.0,0.0,1.0,0.0,1.0,0.0,0.0,0
-0.24254933743402518,1.1415478317217655,1.2485157145825942,0.37314978987240366,-1.0075283371329782,-2.0130144247857147,1.0,0.0,0.0,0.0,0.0,1.0,0.0,0.0,0.0,0.0,0.0,1.0,0.0,0.0,1.0,1.0,1
-0.5304914775669852,-1.6698548406846772,-0.19739915049533643,-1.1914355651617532,-1.0075283371329782,1.0188050300565614,0.0,0.0,1.0,0.0,0.0,0.0,1.0,0.0,1.0,0.0,0.0,0.0,0.0,1.0,1.0,0.0,0
0.44413799422483097,1.4351357226014188,-1.1989350582035658,1.1335565954745606,0.9925279152401798,-0.19392275188034908,0.0,1.0,1.0,0.0,0.0,1.0,0.0,1.0,0.0,0.0,1.0,0.0,0.0,0.0,0.0,1.0,0
-0.07415785801449663,0.056467104402105055,-0.7133163869870549,1.111161749794176,-1.0075283371329782,-0.8002866428488041,0.0,1.0,0.0,1.0,0.0,0.0,0.0,0.0,0.0,1.0,0.0,0.0,1.0,0.0,0.0,0.0,0
-0.7462658408058609,-1.091480408973155,1.3057463378802079,-0.12564450028162083,-1.0075283371329782,-0.6486956701066902,1.0,0.0,0.0,1.0,0.0,0.0,1.0,0.0,1.0,0.0,0.0,0.0,0.0,1.0,0.0,1.0,0
0.8713129160423358,-0.0849831642229955,0.1325185602791393,0.5808110861814271,0.9925279152401798,0.41244113908810626,0.0,0.0,0.0,1.0,0.0,1.0,0.0,0.0,1.0,0.0,0.0,0.0,1.0,0.0,1.0,1.0,0
-2.694066849502743,-1.7283209517163853,0.05593052027792205,-0.7068925404407002,-1.0075283371329782,-1.8108931277962295,0.0,0.0,0.0,1.0,0.0,0.0,0.0,0.0,0.0,0.0,0.0,0.0,0.0,0.0,0.0,0.0,1
-0.24400727232077404,-0.28238487243757987,1.0280094895241445,-0.34552116696176227,-1.0075283371329782,0.1092591936038788,1.0,0.0,1.0,0.0,0.0,0.0,0.0,0.0,0.0,0.0,0.0,1.0,0.0,0.0,1.0,1.0,0
2.0522401743091585,1.359066911474143,-1.3386451091947982,0.04842452750682413,-1.0075283371329782,1.4230476240355316,1.0,0.0,0.0,0.0,0.0,0.0,0.0,1.0,0.0,0.0,0.0,0.0,0.0,0.0,0.0,0.0,0
0.4762125617333124,-1.8025037592619937,0.3959477528107993,1.0093669967015177,-1.0075283371329782,-0.29498340037509146,0.0,1.0,0.0,1.0,0.0,0.0,1.0,0.0,0.0,1.0,1.0,0.0,0.0,1.0,0.0,1.0,0
2.0522401743091585,0.8881946839176965,-0.9927364889695189,-2.465905873881834,0.9925279152401798,0.21031984209862142,1.0,0.0,0.0,0.0,0.0,1.0,0.0,0.0,0.0,1.0,1.0,0.0,1.0,0.0,0.0,1.0,0
-1.9024082059979475,-0.07743914989632318,-1.5768254973304525,1.2546923516548252,0.9925279152401798,-0.34551372462246277,0.0,1.0,0.0,0.0,0.0,1.0,0.0,1.0,0.0,0.0,1.0,0.0,1.0,0.0,0.0,0.0,1
0.38217576153799193,1.8425124962417085,-0.7267824159982577,0.29782167258383707,-1.0075283371329782,-0.04233177913823491,0.0,1.0,1.0,0.0,0.0,1.0,0.0,0.0,0.0,1.0,0.0,1.0,1.0,0.0,0.0,0.0,1
1.3990853450455336,-1.2235006596899154,0.8630506341369061,0.18075770652727954,-1.0075283371329782,0.7156230845723341,0.0,0.0,1.0,0.0,0.0,0.0,1.0,0.0,0.0,1.0,0.0,1.0,1.0,0.0,0.0,1.0,0
-1.3972337677393625,1.2025286141956977,-0.3631996326957743,-0.5379132503068864,-1.0075283371329782,-0.8002866428488041,0.0,0.0,0.0,1.0,0.0,0.0,0.0,0.0,0.0,0.0,0.0,1.0,0.0,1.0,0.0,0.0,0
0.7072952412830549,-1.0506169980370148,-0.43894604588379216,-0.4208492842503303,-1.0075283371329782,-0.34551372462246277,1.0,0.0,1.0,0.0,0.0,0.0,0.0,0.0,0.0,0.0,0.0,0.0,0.0,0.0,1.0,1.0,0
-0.1798581373038112,0.4129217813373585,0.8411683369937019,1.5641484010565054,0.9925279152401798,0.7661534088197052,1.0,0.0,1.0,0.0,0.0,0.0,1.0,0.0,0.0,1.0,0.0,0.0,0.0,0.0,0.0,1.0,0
-1.1180392369268977,1.1465771746062134,-1.6921283707388788,0.7436826911296797,0.9925279152401798,-0.14339242763297752,0.0,0.0,0.0,1.0,0.0,1.0,0.0,0.0,0.0,0.0,0.0,0.0,0.0,0.0,1.0,1.0,0
-0.1798581373038112,1.121430460183974,-0.730990550064259,0.09117832380574076,0.9925279152401798,-0.6486956701066902,0.0,1.0,1.0,0.0,0.0,0.0,1.0,0.0,1.0,0.0,1.0,0.0,0.0,0.0,1.0,0.0,0
-0.6434814312900446,1.797877078142232,-0.86733409380269,0.9493080923768504,-1.0075283371329782,-0.5476350216119478,0.0,1.0,0.0,1.0,0.0,0.0,0.0,0.0,0.0,1.0,0.0,1.0,1.0,0.0,0.0,1.0,0
0.9835739023220219,-1.2499047098332676,0.6383362750124545,-0.7730591299509272,-1.0075283371329782,1.2209263270460469,1.0,0.0,1.0,0.0,0.0,0.0,1.0,0.0,0.0,0.0,0.0,1.0,1.0,0.0,1.0,1.0,0
-1.4825229586141886,-0.33582164058484015,1.6045238565662763,1.02056441954171,0.9925279152401798,-1.8108931277962295,1.0,0.0,0.0,0.0,0.0,1.0,0.0,0.0,0.0,1.0,1.0,0.0,0.0,1.0,1.0,1.0,0
2.0522401743091585,-0.26603950806312393,0.38837311149199727,-0.917607679342502,-1.0075283371329782,-0.9518776155909179,1.0,0.0,0.0,0.0,0.0,0.0,1.0,0.0,0.0,0.0,0.0,1.0,0.0,0.0,0.0,1.0,0
-0.6376496917430481,0.5003066139546429,-0.3808737957729785,0.29171398739827736,0.9925279152401798,-0.8002866428488041,0.0,0.0,0.0,1.0,0.0,0.0,0.0,0.0,1.0,0.0,0.0,0.0,0.0,0.0,1.0,0.0,0
-0.5253887054633626,-0.31318959760482407,-0.6299953324802356,-0.42288517931218306,-1.0075283371329782,-1.3055898853225167,0.0,1.0,1.0,0.0,0.0,1.0,0.0,0.0,0.0,0.0,0.0,0.0,1.0,0.0,1.0,1.0,0
0.2823072217956739,0.5788900965241432,-0.44820394082899423,-0.5226440373429885,0.9925279152401798,-0.29498340037509146,1.0,0.0,1.0,0.0,0.0,0.0,1.0,0.0,0.0,1.0,0.0,0.0,0.0,1.0,1.0,1.0,0
0.2626251008245605,-0.046005756868523054,0.701458286002469,0.8994286633614469,-1.0075283371329782,-1.558241506559373,0.0,0.0,1.0,0.0,0.0,0.0,0.0,0.0,0.0,0.0,0.0,1.0,0.0,0.0,0.0,1.0,1
-1.4978312749250549,-1.9816740995204545,-0.6981671043494514,-0.38013138301326643,0.9925279152401798,0.6145624360775915,0.0,0.0,0.0,1.0,0.0,0.0,1.0,1.0,0.0,0.0,0.0,0.0,1.0,0.0,1.0,0.0,0
-0.06978405335424898,-0.8469286112168698,1.5136281607406554,0.8047595429852755,-1.0075283371329782,-1.911953776290972,0.0,1.0,0.0,1.0,0.0,0.0,0.0,1.0,0.0,0.0,0.0,0.0,1.0,0.0,1.0,1.0,0
1.3334782751418208,0.48207524599851936,-1.106356108751545,-0.439172339807008,0.9925279152401798,1.1198656785513041,0.0,1.0,0.0,1.0,0.0,0.0,1.0,0.0,1.0,0.0,0.0,0.0,0.0,1.0,0.0,0.0,0
0.9245275394086806,-1.0204409407303268,-0.6030632744578294,1.9489325677467535,0.9925279152401798,1.7262295695197594,1.0,0.0,0.0,1.0,0.0,0.0,0.0,0.0,1.0,0.0,0.0,0.0,1.0,0.0,1.0,0.0,0
-0.1681946582098171,-0.2641535044814558,0.087912339179529,-2.3366265374541584,0.9925279152401798,0.21031984209862142,1.0,0.0,1.0,0.0,0.0,0.0,1.0,1.0,0.0,0.0,1.0,0.0,1.0,0.0,1.0,0.0,0
-0.3817821191185701,0.36514302393510295,0.6324448873200537,2.5515575060552904,-1.0075283371329782,0.8166837330670763,0.0,0.0,0.0,1.0,0.0,0.0,0.0,0.0,0.0,1.0,0.0,0.0,1.0,0.0,0.0,0.0,0
0.4025868499524803,-0.07492447845409878,-0.2436886252213468,0.8811056078047692,-1.0075283371329782,-0.5981653458593191,0.0,1.0,0.0,1.0,0.0,1.0,0.0,0.0,0.0,1.0,1.0,0.0,0.0,1.0,0.0,0.0,1
-0.08946617432536239,0.6945649828664479,-1.2527991742483782,0.3477011015992391,-1.0075283371329782,0.5135017875828488,1.0,0.0,0.0,1.0,0.0,0.0,1.0,1.0,0.0,0.0,1.0,0.0,1.0,0.0,1.0,0.0,0
0.06944872833029589,-1.2800807671399554,-0.04506469730610133,0.4240471664187328,0.9925279152401798,0.9177443815618189,0.0,1.0,1.0,0.0,0.0,0.0,0.0,0.0,0.0,1.0,1.0,0.0,0.0,0.0,0.0,0.0,0
0.3982130452922326,1.0082702452838928,-0.3354259478601681,0.6398520429751687,0.9925279152401798,0.1092591936038788,0.0,0.0,1.0,0.0,0.0,0.0,1.0,1.0,0.0,0.0,0.0,0.0,0.0,1.0,0.0,0.0,0
0.9806580325485231,2.1493024121930375,-1.2485910401823774,0.617457197294784,0.9925279152401798,-0.34551372462246277,1.0,0.0,0.0,0.0,0.0,1.0,0.0,0.0,1.0,0.0,0.0,1.0,0.0,0.0,1.0,1.0,0
0.5585858828346408,-1.9470973671898741,-1.0129355324863232,-1.3227507966512821,0.9925279152401798,2.7873663787145557,0.0,1.0,1.0,0.0,0.0,1.0,0.0,0.0,1.0,0.0,0.0,1.0,0.0,0.0,1.0,0.0,1
1.22194625630551,-0.31318959760482407,0.4733774196252172,0.30494730530032393,0.9925279152401798,-0.04233177913823491,1.0,0.0,0.0,1.0,0.0,1.0,0.0,0.0,0.0,1.0,1.0,0.0,0.0,1.0,1.0,1.0,0
0.8866212323532027,0.18031467293163836,-0.1460599148901247,2.1403067035609507,0.9925279152401798,-1.1034685883330317,0.0,1.0,1.0,0.0,0.0,0.0,1.0,1.0,0.0,0.0,1.0,0.0,1.0,0.0,1.0,1.0,0
-0.29066118869674734,-1.4711957967489806,1.0372673844693467,-0.03504717002915493,0.9925279152401798,0.9177443815618189,1.0,0.0,0.0,1.0,0.0,0.0,0.0,0.0,0.0,1.0,0.0,1.0,0.0,0.0,0.0,0.0,0
-0.9540215621676168,0.3915470740784551,1.068407576557753,0.22758329294990315,0.9925279152401798,-1.0024079398382892,0.0,1.0,1.0,0.0,0.0,0.0,1.0,0.0,1.0,0.0,0.0,1.0,0.0,0.0,0.0,1.0,0
-1.8185769500098707,0.07784181166100936,-1.0625915144651348,1.2434949288146326,-1.0075283371329782,0.7661534088197052,1.0,0.0,1.0,0.0,0.0,1.0,0.0,0.0,1.0,0.0,1.0,0.0,1.0,0.0,1.0,1.0,0
0.3253163009547745,-0.42446380892323626,-0.20581541862733788,-0.2691751021422686,-1.0075283371329782,-0.5981653458593191,0.0,0.0,1.0,0.0,0.0,0.0,0.0,0.0,1.0,0.0,1.0,0.0,1.0,0.0,1.0,1.0,0
0.3624936405668775,1.2094439606618137,-0.4793441329174012,1.5875611942678172,-1.0075283371329782,-0.5476350216119478,0.0,0.0,0.0,1.0,0.0,0.0,0.0,0.0,0.0,1.0,1.0,0.0,0.0,0.0,1.0,0.0,0
-0.5552763706417202,-0.9607174939775064,-0.42127188280658806,0.1654884935633817,0.9925279152401798,0.008198545109136179,0.0,0.0,0.0,1.0,0.0,0.0,0.0,0.0,1.0,0.0,0.0,1.0,1.0,0.0,1.0,0.0,0
-0.42552016572104456,-0.8890493578741221,-1.0794240507291388,0.7131442652018826,-1.0075283371329782,-2.265666046022571,0.0,1.0,1.0,0.0,0.0,1.0,0.0,0.0,0.0,0.0,0.0,0.0,0.0,1.0,1.0,0.0,1
0.30563417998366105,1.9122946287634248,0.7881458477620888,0.19093718183654623,0.9925279152401798,-0.34551372462246277,0.0,0.0,0.0,1.0,0.0,0.0,0.0,1.0,0.0,0.0,0.0,1.0,1.0,0.0,0.0,1.0,0
-0.9241338969892587,-0.4489818554849204,-0.20834029906693854,1.9143223516952494,0.9925279152401798,-0.9013472913435465,0.0,0.0,1.0,0.0,0.0,1.0,0.0,0.0,0.0,1.0,0.0,1.0,1.0,0.0,1.0,1.0,0
0.6081556689841119,0.8246992300015409,-0.643461361491439,0.8556569195316046,0.9925279152401798,2.181002487746101,0.0,0.0,0.0,1.0,0.0,0.0,0.0,1.0,0.0,0.0,0.0,1.0,1.0,0.0,0.0,1.0,0
-0.1419518302483322,-0.4904739342816168,0.13756832115834067,-0.034029222498229275,-1.0075283371329782,0.41244113908810626,0.0,1.0,0.0,1.0,0.0,1.0,0.0,1.0,0.0,0.0,0.0,1.0,1.0,0.0,0.0,0.0,1
-0.6070330591213156,-0.11515922152968341,-1.4455317144712223,-0.9847922163836561,-1.0075283371329782,-0.09286210338560645,0.0,1.0,0.0,1.0,0.0,1.0,0.0,0.0,1.0,0.0,0.0,1.0,1.0,0.0,0.0,1.0,0
0.30636314742703497,2.1493024121930375,1.2720812653521998,1.4094203763556652,0.9925279152401798,-0.39604404886983385,1.0,0.0,0.0,0.0,0.0,0.0,0.0,0.0,0.0,0.0,0.0,0.0,0.0,0.0,0.0,0.0,0
-0.5224728356898638,0.04640841863320923,0.27307023808357167,-0.026903589781742444,0.9925279152401798,-1.0529382640856604,0.0,1.0,0.0,1.0,0.0,0.0,0.0,1.0,0.0,0.0,0.0,0.0,0.0,0.0,0.0,1.0,0
0.1860835192702296,-1.6906008800830252,-0.22938096939694338,0.9625414102788955,-1.0075283371329782,0.9682747058091904,0.0,1.0,0.0,1.0,0.0,1.0,0.0,0.0,0.0,0.0,0.0,1.0,1.0,0.0,0.0,0.0,1
0.12412128658338953,-1.115369787674283,1.377284617002224,1.0317618423819024,-1.0075283371329782,-0.19392275188034908,0.0,0.0,0.0,1.0,0.0,0.0,1.0,0.0,0.0,1.0,0.0,1.0,1.0,0.0,1.0,1.0,0
-0.814059813039697,-0.5483113774527687,-0.15868431708812808,0.426083061480587,-1.0075283371329782,0.6650927603249626,0.0,0.0,1.0,0.0,0.0,1.0,0.0,1.0,0.0,0.0,1.0,0.0,1.0,0.0,1.0,1.0,0
-0.857068892198797,0.3406249773734188,1.4757549541466466,-0.6590490064871509,-1.0075283371329782,-0.24445307612772016,0.0,1.0,1.0,0.0,0.0,0.0,0.0,0.0,0.0,0.0,1.0,0.0,0.0,1.0,0.0,1.0,0
0.021336877067573746,0.7146823544042404,0.938797047324924,-1.510053142341773,0.9925279152401798,-0.34551372462246277,1.0,0.0,1.0,0.0,0.0,0.0,1.0,0.0,0.0,1.0,0.0,1.0,0.0,0.0,0.0,0.0,0
-1.2951783256669211,-1.316543503052204,-1.138337927653152,0.4779983855578418,-1.0075283371329782,-0.6992259943540615,0.0,1.0,1.0,0.0,0.0,1.0,0.0,0.0,0.0,0.0,1.0,0.0,1.0,0.0,0.0,0.0,1
1.6425604711326431,0.30856291648506234,0.7368066121568771,0.44949585469189735,0.9925279152401798,-0.5476350216119478,1.0,0.0,0.0,1.0,0.0,0.0,1.0,0.0,0.0,0.0,0.0,0.0,1.0,0.0,0.0,0.0,0
0.982115967435272,0.20420405163276617,0.453178376108413,-1.0509588058938846,-1.0075283371329782,1.1703960027986753,0.0,0.0,1.0,0.0,0.0,1.0,0.0,0.0,1.0,0.0,0.0,0.0,0.0,1.0,1.0,0.0,1
1.2241331586356337,0.3953190812417904,-1.1568537175435563,0.230637135542683,-1.0075283371329782,-1.0529382640856604,0.0,1.0,1.0,0.0,0.0,0.0,1.0,0.0,0.0,0.0,0.0,0.0,0.0,0.0,0.0,1.0,0
-0.6106778963381888,0.9749508486744246,-0.0812546502737102,-0.5440209354924461,-1.0075283371329782,1.321986975540789,1.0,0.0,0.0,0.0,0.0,1.0,0.0,0.0,0.0,1.0,1.0,0.0,1.0,0.0,0.0,1.0,0
0.6759496412179484,0.41355044919791484,-0.12417761774691927,-1.6993913830941172,-1.0075283371329782,0.21031984209862142,1.0,0.0,0.0,1.0,0.0,0.0,1.0,1.0,0.0,0.0,1.0,0.0,0.0,1.0,1.0,0.0,0
-1.2791410419126803,0.3267942844411868,-0.30007762170575986,1.1030181695467633,0.9925279152401798,0.6650927603249626,1.0,0.0,0.0,1.0,0.0,0.0,0.0,0.0,0.0,0.0,1.0,0.0,0.0,1.0,1.0,0.0,0
0.45434353843207514,1.3200895041196705,-0.17046709247293085,2.3937756387616704,0.9925279152401798,-1.1539989125804029,0.0,1.0,1.0,0.0,0.0,1.0,0.0,0.0,0.0,1.0,1.0,0.0,0.0,0.0,1.0,0.0,1
1.4625055126191215,-0.0038850102112707855,-0.6291537056670355,0.7436826911296797,0.9925279152401798,0.058728869356507264,0.0,0.0,1.0,0.0,0.0,1.0,0.0,1.0,0.0,0.0,1.0,0.0,1.0,0.0,1.0,1.0,0
-0.3052405375642392,0.6071801502491635,0.4750606732516172,-0.9155717842806492,-1.0075283371329782,1.1198656785513041,1.0,0.0,1.0,0.0,0.0,1.0,0.0,1.0,0.0,0.0,0.0,0.0,0.0,1.0,1.0,0.0,1
0.9857608046521457,0.5059646246996472,-0.365724513135375,-0.10019581200845626,-1.0075283371329782,0.7661534088197052,0.0,0.0,0.0,1.0,0.0,1.0,0.0,1.0,0.0,0.0,0.0,1.0,0.0,0.0,0.0,1.0,0
1.2285069632958814,-0.3150756011864922,0.45486162973481303,-0.5155184046265017,0.9925279152401798,-2.265666046022571,1.0,0.0,1.0,0.0,0.0,0.0,1.0,0.0,0.0,1.0,1.0,0.0,0.0,1.0,0.0,1.0,0
-1.3768226793248741,-0.16545265037416343,-0.8538680647914872,-0.09307017929197088,-1.0075283371329782,0.8166837330670763,1.0,0.0,1.0,0.0,0.0,1.0,0.0,0.0,0.0,0.0,1.0,0.0,1.0,0.0,0.0,0.0,1
1.6513080804531386,-0.2710688509475718,1.2788142798578013,-1.146645873800983,0.9925279152401798,0.6650927603249626,0.0,0.0,0.0,0.0,0.0,0.0,0.0,0.0,1.0,0.0,0.0,1.0,0.0,0.0,1.0,1.0,0
0.293241733446293,-1.7666696912103015,-0.38508192983897976,-0.7934180805694591,0.9925279152401798,0.1092591936038788,0.0,0.0,0.0,0.0,0.0,0.0,1.0,0.0,0.0,1.0,1.0,0.0,1.0,0.0,1.0,0.0,0
-1.8943895641208273,0.025662379234861258,-0.21086517950653924,1.9377351449065612,0.9925279152401798,1.2209263270460469,1.0,0.0,1.0,0.0,0.0,0.0,1.0,0.0,0.0,0.0,0.0,0.0,0.0,1.0,0.0,0.0,0
0.032271388718192885,-0.8701893220574421,1.179502315900179,0.11662701207890533,-1.0075283371329782,-0.39604404886983385,0.0,0.0,0.0,0.0,0.0,0.0,0.0,0.0,0.0,0.0,0.0,1.0,0.0,1.0,0.0,1.0,0
-0.3052405375642392,0.4210944635245872,1.4808047150258479,-0.037083065091009136,-1.0075283371329782,2.130472163498729,0.0,0.0,1.0,0.0,0.0,0.0,0.0,0.0,0.0,1.0,1.0,0.0,0.0,0.0,0.0,1.0,0
0.7473884506686567,-0.9450007974636063,-0.8513431843518866,-0.15923676880219786,0.9925279152401798,-1.0529382640856604,0.0,0.0,0.0,0.0,0.0,0.0,0.0,0.0,1.0,0.0,0.0,1.0,0.0,1.0,1.0,0.0,0
-0.5720426218393359,2.1493024121930375,0.7123994345740723,0.15021928059948236,-1.0075283371329782,0.1597895178512499,0.0,1.0,0.0,1.0,0.0,0.0,0.0,0.0,1.0,0.0,1.0,0.0,1.0,0.0,0.0,1.0,0
-0.8023963339457034,-1.6692261728241213,0.44223722753680966,-0.15516497867849235,-1.0075283371329782,-1.0024079398382892,0.0,0.0,0.0,1.0,0.0,1.0,0.0,0.0,0.0,0.0,0.0,1.0,1.0,0.0,1.0,1.0,0
-0.5304914775669852,-0.5571127275005527,-0.6476694955574397,0.10542958923871297,-1.0075283371329782,-0.5981653458593191,1.0,0.0,0.0,1.0,0.0,0.0,1.0,0.0,0.0,0.0,1.0,0.0,1.0,0.0,0.0,0.0,0
-0.8300970967939377,1.433878386880307,0.20910660028035657,0.20518844726951846,-1.0075283371329782,-0.19392275188034908,0.0,0.0,0.0,1.0,0.0,0.0,0.0,0.0,0.0,1.0,0.0,0.0,0.0,0.0,1.0,1.0,0
-0.6653504545912824,0.769376458272612,-1.9210508639293318,-0.6040798398171148,-1.0075283371329782,0.5135017875828488,0.0,0.0,0.0,0.0,0.0,1.0,0.0,0.0,0.0,0.0,0.0,0.0,0.0,0.0,0.0,1.0,0
-0.39052972843906536,-2.5254717989013966,-0.549199158413017,0.5716495584030875,-1.0075283371329782,0.1597895178512499,0.0,1.0,1.0,0.0,0.0,1.0,0.0,0.0,0.0,1.0,0.0,1.0,0.0,0.0,0.0,1.0,0
0.5177637060056641,0.9711788415110894,0.31178507149078,1.6506739411852658,-1.0075283371329782,0.7661534088197052,0.0,1.0,1.0,0.0,0.0,1.0,0.0,0.0,0.0,1.0,0.0,1.0,0.0,1.0,0.0,0.0,1
0.7823788879506369,-1.5158312148484565,0.9648874785341301,-0.6814438521675356,0.9925279152401798,-0.34551372462246277,0.0,0.0,0.0,1.0,0.0,0.0,1.0,0.0,0.0,0.0,1.0,0.0,0.0,1.0,1.0,0.0,0
0.46965185474294197,2.1493024121930375,0.906815228423317,-0.738448913899423,0.9925279152401798,-2.0635447490330856,0.0,1.0,0.0,0.0,0.0,1.0,0.0,0.0,0.0,0.0,0.0,1.0,0.0,0.0,0.0,1.0,1
-1.0174417297412053,0.7077670079381235,0.6526439308368579,0.002616888615127635,0.9925279152401798,-0.9518776155909179,1.0,0.0,0.0,0.0,0.0,0.0,0.0,0.0,0.0,0.0,0.0,1.0,0.0,0.0,1.0,1.0,0
-0.015111495101155342,-2.2872066797506716,1.7417090271179072,0.920805561510906,-1.0075283371329782,0.1597895178512499,0.0,1.0,0.0,1.0,0.0,0.0,1.0,0.0,0.0,0.0,0.0,0.0,1.0,0.0,0.0,1.0,0
-2.16848132282967,0.10676053324658596,1.3882257655738273,1.5295381850050012,0.9925279152401798,-0.6486956701066902,0.0,0.0,0.0,1.0,0.0,0.0,0.0,0.0,0.0,1.0,1.0,0.0,0.0,1.0,0.0,1.0,0
-1.0655535810039278,-0.7526284321334694,-0.3606747522561737,-0.8595846700796875,0.9925279152401798,0.8166837330670763,0.0,0.0,0.0,1.0,0.0,0.0,1.0,0.0,1.0,0.0,0.0,1.0,1.0,0.0,1.0,0.0,0
0.5359878920900286,0.043893747190985724,0.48600182182322055,0.2662652991251128,0.9925279152401798,1.8778205422618728,1.0,0.0,0.0,0.0,0.0,1.0,0.0,0.0,0.0,1.0,0.0,0.0,1.0,0.0,0.0,1.0,0
1.3560762658864332,1.5570972875492832,1.092814754140559,1.0531387405313615,-1.0075283371329782,-0.9013472913435465,1.0,0.0,1.0,0.0,0.0,0.0,1.0,0.0,0.0,1.0,1.0,0.0,0.0,1.0,1.0,1.0,0
0.330419073058396,-0.7545144357151375,1.1534118846909729,-0.18570340460628953,0.9925279152401798,-2.0130144247857147,1.0,0.0,0.0,0.0,0.0,1.0,0.0,0.0,0.0,1.0,0.0,0.0,1.0,0.0,1.0,1.0,0
-0.47800582164401434,0.4091497741740224,-1.4581561166692256,0.9818824133665003,-1.0075283371329782,0.1092591936038788,0.0,1.0,1.0,0.0,0.0,0.0,1.0,0.0,0.0,1.0,1.0,0.0,0.0,1.0,0.0,0.0,0
-0.9314235714230046,-0.03343239965740283,0.31851808599638143,-0.40761596634828373,0.9925279152401798,0.4629714633354778,1.0,0.0,1.0,0.0,0.0,0.0,0.0,0.0,0.0,0.0,0.0,0.0,1.0,0.0,1.0,0.0,0
-0.7127333384106301,-1.1725785629848795,1.5851664398626715,-0.8371898243993028,0.9925279152401798,0.1092591936038788,1.0,0.0,1.0,0.0,0.0,0.0,0.0,0.0,1.0,0.0,0.0,1.0,0.0,1.0,0.0,1.0,0
-0.3081564073377369,-1.2662500742077236,1.3006965770010066,-0.4340826021523754,0.9925279152401798,1.0188050300565614,1.0,0.0,0.0,1.0,0.0,0.0,0.0,0.0,0.0,0.0,1.0,0.0,1.0,0.0,1.0,1.0,0
-1.9075109781015696,1.9405846824884452,-1.617223584364062,0.04944247503775123,-1.0075283371329782,0.7661534088197052,0.0,1.0,1.0,0.0,0.0,0.0,1.0,1.0,0.0,0.0,1.0,0.0,0.0,0.0,1.0,0.0,0
0.3282321707282722,0.6291835253686232,0.1316769334659387,-0.055406120647686866,0.9925279152401798,1.2209263270460469,0.0,1.0,0.0,0.0,0.0,0.0,0.0,0.0,0.0,1.0,1.0,0.0,1.0,0.0,0.0,0.0,0
-2.1655654530561717,-0.318218940489272,-0.6030632744578294,0.5747034009958674,0.9925279152401798,-1.3055898853225167,0.0,1.0,1.0,0.0,0.0,0.0,1.0,0.0,0.0,1.0,1.0,0.0,0.0,1.0,1.0,1.0,0
-0.6070330591213156,0.9234000841088328,0.5802640249016413,-0.09205223176104377,0.9925279152401798,1.2209263270460469,0.0,0.0,0.0,1.0,0.0,0.0,1.0,0.0,1.0,0.0,0.0,1.0,0.0,0.0,0.0,1.0,0
2.0391187603284155,-0.5017899557716248,0.22341425610476,-0.9216794694662089,-1.0075283371329782,-1.3055898853225167,1.0,0.0,1.0,0.0,0.0,1.0,0.0,0.0,0.0,0.0,0.0,1.0,0.0,0.0,0.0,0.0,1
-0.6281731149791788,-1.7031742372941454,-0.2941862340133591,-1.0580844386103698,-1.0075283371329782,0.4629714633354778,0.0,0.0,0.0,0.0,0.0,0.0,1.0,0.0,1.0,0.0,1.0,0.0,0.0,1.0,0.0,1.0,0
-1.1923939161511048,-0.9984375656108666,1.3242621277706121,-0.040136907683787554,-1.0075283371329782,0.3619108148407351,0.0,0.0,0.0,0.0,0.0,0.0,0.0,1.0,0.0,0.0,0.0,0.0,0.0,1.0,1.0,1.0,0
-0.13320422092783793,-1.2467613705304879,0.4674860319328164,1.4195998516649304,-1.0075283371329782,-0.04233177913823491,0.0,0.0,1.0,0.0,0.0,0.0,1.0,0.0,1.0,0.0,1.0,0.0,1.0,0.0,1.0,0.0,0
1.3094223495104598,-0.4955032771660647,-0.08293790390011024,0.3253062559188544,0.9925279152401798,2.5347147574776994,1.0,0.0,0.0,0.0,0.0,0.0,0.0,0.0,1.0,0.0,0.0,0.0,1.0,0.0,0.0,0.0,0
0.4003999476223565,0.2620414948039185,0.7612137897396833,-1.0143126947805277,0.9925279152401798,1.6251689210250169,0.0,0.0,0.0,1.0,0.0,0.0,0.0,0.0,0.0,0.0,1.0,0.0,0.0,1.0,1.0,1.0,0
-0.29503499335699496,-0.6319242029067174,0.31178507149078,0.03722710466663178,-1.0075283371329782,0.7661534088197052,1.0,0.0,1.0,0.0,0.0,0.0,1.0,0.0,0.0,0.0,0.0,0.0,0.0,1.0,0.0,1.0,0
-1.0363948832689442,0.1740279943260778,-1.3857762107340093,0.20009870961488582,-1.0075283371329782,-0.24445307612772016,0.0,1.0,0.0,0.0,0.0,1.0,0.0,0.0,1.0,0.0,0.0,0.0,1.0,0.0,1.0,1.0,0
-0.6456683336201685,-0.3836003979870962,2.4394176552608675,-0.38013138301326643,-1.0075283371329782,0.21031984209862142,1.0,0.0,1.0,0.0,0.0,0.0,1.0,0.0,0.0,1.0,0.0,1.0,0.0,0.0,1.0,1.0,0
-0.4772768542006404,-0.3515383370987402,-0.02234077334969646,-0.879943620698218,-1.0075283371329782,-0.29498340037509146,0.0,1.0,1.0,0.0,0.0,0.0,0.0,0.0,1.0,0.0,0.0,1.0,0.0,1.0,0.0,0.0,0
-0.5771453939429579,1.2144733035462616,0.15692573786194425,0.9503260399077761,0.9925279152401798,-0.04233177913823491,0.0,0.0,0.0,0.0,0.0,0.0,1.0,0.0,1.0,0.0,1.0,0.0,0.0,1.0,0.0,0.0,0
-0.3045115701208642,0.9938108844911053,-0.6729182999534453,0.8230825985419532,0.9925279152401798,-2.0635447490330856,0.0,1.0,1.0,0.0,0.0,0.0,0.0,1.0,0.0,0.0,0.0,0.0,0.0,0.0,1.0,1.0,1
-1.7106897683904323,0.27021417699114625,-1.2696317105123822,1.427743431912343,-1.0075283371329782,-1.0024079398382892,0.0,0.0,0.0,1.0,0.0,0.0,1.0,0.0,0.0,0.0,0.0,1.0,0.0,1.0,0.0,1.0,0
-1.0422266228159414,0.16836998358107355,-0.645144615117839,-0.29971352807006724,0.9925279152401798,0.41244113908810626,0.0,1.0,1.0,0.0,0.0,1.0,0.0,0.0,1.0,0.0,0.0,1.0,0.0,1.0,0.0,0.0,1
0.49443674781767694,0.4682445530662874,-0.28661159269455705,0.6144033547020041,-1.0075283371329782,-1.3055898853225167,0.0,0.0,0.0,0.0,0.0,0.0,0.0,0.0,0.0,0.0,0.0,1.0,0.0,0.0,1.0,0.0,1
0.014776170077202262,-1.427817714370616,0.9943444169961364,0.7762570121193311,0.9925279152401798,0.8166837330670763,0.0,0.0,1.0,0.0,0.0,0.0,0.0,0.0,0.0,0.0,0.0,1.0,0.0,1.0,1.0,0.0,0
-0.9117414504518907,-0.09881385715522747,0.02058219412351381,1.284212830051695,0.9925279152401798,-1.3055898853225167,1.0,0.0,1.0,0.0,0.0,0.0,0.0,0.0,0.0,0.0,0.0,1.0,0.0,1.0,0.0,1.0,0
1.1074983676957009,0.5424273606118952,-0.8799584960006928,0.2387807157900955,0.9925279152401798,-1.5077111823120017,0.0,0.0,1.0,0.0,0.0,1.0,0.0,0.0,1.0,0.0,0.0,1.0,1.0,0.0,0.0,0.0,1
0.5352589246466537,-0.9450007974636063,1.5624425159062665,0.03824505219755889,-1.0075283371329782,0.058728869356507264,0.0,0.0,0.0,0.0,0.0,0.0,0.0,0.0,0.0,0.0,0.0,0.0,0.0,0.0,1.0,0.0,0
-1.284972781459677,-1.4158730250200522,-0.7116331333606543,1.981506888736405,0.9925279152401798,-0.04233177913823491,0.0,0.0,0.0,1.0,0.0,1.0,0.0,0.0,0.0,0.0,1.0,0.0,0.0,0.0,0.0,0.0,1
0.8851632974664527,-0.9198540830413663,0.8369602029276999,-0.9888640065073631,-1.0075283371329782,1.9788811907566157,0.0,1.0,0.0,0.0,0.0,1.0,0.0,1.0,0.0,0.0,0.0,1.0,0.0,0.0,0.0,0.0,1
0.7838368228373858,-0.17739733972472732,1.1904434644717812,2.156593864055777,-1.0075283371329782,-0.29498340037509146,0.0,0.0,1.0,0.0,0.0,1.0,0.0,0.0,1.0,0.0,0.0,0.0,0.0,1.0,1.0,0.0,1
0.6650151295673293,-1.2128133060604633,1.1803439427133797,0.2947678299910572,0.9925279152401798,0.8166837330670763,0.0,1.0,1.0,0.0,0.0,0.0,1.0,0.0,0.0,0.0,0.0,1.0,0.0,0.0,0.0,1.0,0
0.2859520590125466,1.3622102507769227,1.6811118965674934,-2.076031969536953,0.9925279152401798,0.4629714633354778,0.0,1.0,0.0,0.0,0.0,1.0,0.0,0.0,1.0,0.0,0.0,0.0,0.0,1.0,0.0,0.0,1
-0.46780027743677016,-1.4862838254023245,-1.4699388920540284,0.20417049973859136,-1.0075283371329782,0.21031984209862142,0.0,0.0,1.0,0.0,0.0,0.0,1.0,1.0,0.0,0.0,0.0,1.0,0.0,1.0,0.0,0.0,0
0.13651373312075754,1.6721435060310315,-0.002983356646091689,1.0276900522581969,-1.0075283371329782,1.2714566512934178,0.0,0.0,0.0,1.0,0.0,0.0,1.0,0.0,0.0,1.0,0.0,1.0,0.0,1.0,1.0,1.0,0
1.1884137539102795,-0.9443721296030505,2.3569382275672486,0.11764495960983243,-1.0075283371329782,-0.44657437311720516,0.0,1.0,1.0,0.0,0.0,1.0,0.0,0.0,0.0,0.0,1.0,0.0,0.0,0.0,1.0,0.0,1
-1.4489904562189577,-0.5841454455044608,0.46916928555921644,2.257370669617508,-1.0075283371329782,0.41244113908810626,0.0,0.0,1.0,0.0,0.0,1.0,0.0,0.0,0.0,1.0,0.0,0.0,1.0,0.0,1.0,0.0,1
0.59357632011662,-0.6061488206239211,-0.07368000895490817,0.38638310777445023,-1.0075283371329782,1.5241082725302741,0.0,1.0,0.0,1.0,0.0,0.0,0.0,1.0,0.0,0.0,0.0,1.0,0.0,0.0,1.0,0.0,0
-1.0684694507774262,0.5531147142413473,-0.557615426545019,0.23572687319731564,0.9925279152401798,-0.7497563186014329,0.0,1.0,1.0,0.0,0.0,1.0,0.0,0.0,1.0,0.0,0.0,0.0,0.0,1.0,0.0,1.0,0
0.2422140124100721,-0.2716975188081277,1.450506149750641,0.3823113176507433,0.9925279152401798,-0.09286210338560645,1.0,0.0,1.0,0.0,0.0,0.0,1.0,0.0,0.0,0.0,1.0,0.0,0.0,0.0,0.0,0.0,0
0.670117901670952,-0.16670998609527563,-0.9742206990791148,0.334467783697194,0.9925279152401798,-0.09286210338560645,0.0,1.0,1.0,0.0,0.0,0.0,0.0,1.0,0.0,0.0,1.0,0.0,0.0,1.0,1.0,0.0,0
-1.2281133208764594,0.0024016683942888815,-1.337803482381598,-0.39336470091531295,-1.0075283371329782,-0.8508169670961755,0.0,0.0,1.0,0.0,0.0,1.0,0.0,0.0,0.0,0.0,1.0,0.0,0.0,0.0,0.0,0.0,1
0.3253163009547745,0.6794769542131042,1.1534118846909729,0.6856596818668652,-1.0075283371329782,-0.5476350216119478,1.0,0.0,1.0,0.0,0.0,0.0,1.0,0.0,1.0,0.0,0.0,0.0,0.0,0.0,1.0,1.0,0
-0.37157657491132584,1.1861832498212423,0.09632860731153045,-0.12768039534347358,0.9925279152401798,-1.0024079398382892,0.0,0.0,1.0,0.0,0.0,0.0,0.0,0.0,0.0,1.0,1.0,0.0,0.0,1.0,1.0,1.0,0
-0.5713136543959609,0.11556188329437003,-0.26052116148535087,-0.7353950713066446,-1.0075283371329782,1.5746385967776453,1.0,0.0,1.0,0.0,0.0,0.0,0.0,0.0,0.0,1.0,0.0,0.0,0.0,0.0,1.0,0.0,0
-1.565625247158891,2.0279695151057284,-0.7175245210530556,0.7538621664389464,-1.0075283371329782,-1.760362803548858,0.0,0.0,1.0,0.0,0.0,1.0,0.0,0.0,0.0,1.0,1.0,0.0,0.0,1.0,0.0,1.0,0
-0.01146665788428264,0.79012249767096,0.842851590620102,-0.3251622163432318,0.9925279152401798,0.008198545109136179,1.0,0.0,1.0,0.0,0.0,1.0,0.0,0.0,0.0,1.0,0.0,0.0,1.0,0.0,1.0,0.0,1
-1.4540932283225798,2.1493024121930375,-0.40443934654258396,-0.7567719694561021,-1.0075283371329782,0.058728869356507264,1.0,0.0,0.0,1.0,0.0,1.0,0.0,0.0,1.0,0.0,1.0,0.0,0.0,1.0,1.0,0.0,1
-0.5290335426802353,1.0132995881683415,1.1508870042513721,0.9615234627479684,0.9925279152401798,-0.4971046973645765,0.0,1.0,0.0,0.0,0.0,0.0,0.0,0.0,0.0,0.0,1.0,0.0,1.0,0.0,1.0,1.0,0
-1.169066957963118,-1.2448753669488197,-0.9666460577603128,0.8312261787893658,0.9925279152401798,-0.19392275188034908,0.0,0.0,1.0,0.0,0.0,0.0,1.0,1.0,0.0,0.0,0.0,0.0,0.0,0.0,1.0,0.0,0
-0.9343394411965029,-0.44080917329769265,-0.35646661819017295,1.2088847127631286,-1.0075283371329782,-0.5476350216119478,1.0,0.0,0.0,1.0,0.0,0.0,0.0,0.0,0.0,1.0,0.0,1.0,0.0,0.0,1.0,1.0,0
0.25023265428719244,0.37268703826177435,1.019593221392142,0.09016037627481366,0.9925279152401798,1.0188050300565614,0.0,0.0,0.0,1.0,0.0,1.0,0.0,1.0,0.0,0.0,1.0,0.0,0.0,0.0,1.0,1.0,0
-1.3950468654092385,0.02377637565319318,-0.24200537159494676,1.7799532776129412,-1.0075283371329782,-1.558241506559373,1.0,0.0,1.0,0.0,0.0,1.0,0.0,0.0,0.0,1.0,0.0,0.0,1.0,0.0,0.0,0.0,1
-0.20099819316167347,-0.2478081401069999,0.0946453536851304,0.2906960398673517,0.9925279152401798,-0.39604404886983385,1.0,0.0,1.0,0.0,0.0,0.0,0.0,0.0,0.0,1.0,0.0,1.0,0.0,0.0,1.0,1.0,0
-0.03479361607226876,0.27838685917837397,-0.04843120455890263,2.2156348208495187,-1.0075283371329782,-0.24445307612772016,1.0,0.0,1.0,0.0,0.0,0.0,1.0,0.0,0.0,0.0,0.0,0.0,0.0,0.0,1.0,1.0,0
-0.20901683503879384,-2.198564511412275,1.3326783959026136,-1.38586354356873,-1.0075283371329782,1.1198656785513041,1.0,0.0,1.0,0.0,0.0,1.0,0.0,0.0,1.0,0.0,1.0,0.0,0.0,1.0,1.0,1.0,0
0.7415567111216602,0.49716327465186305,1.8654281686583367,2.256352722086581,-1.0075283371329782,-0.44657437311720516,0.0,0.0,0.0,1.0,0.0,0.0,1.0,0.0,0.0,1.0,0.0,1.0,1.0,0.0,0.0,1.0,0
-0.7717797013239713,0.7555457653403801,0.5701645031432399,0.4668009627176494,-1.0075283371329782,-0.39604404886983385,0.0,0.0,0.0,0.0,0.0,0.0,1.0,1.0,0.0,0.0,1.0,0.0,1.0,0.0,1.0,0.0,0
1.2481890842669947,1.3307768577491226,0.9228061378741205,-0.6671925867345634,0.9925279152401798,-1.1539989125804029,0.0,0.0,1.0,0.0,0.0,1.0,0.0,1.0,0.0,0.0,1.0,0.0,0.0,1.0,1.0,0.0,1
-1.122413041587145,0.19225936228220225,1.1029142758989618,-0.738448913899423,0.9925279152401798,0.3113804905933636,1.0,0.0,1.0,0.0,0.0,0.0,0.0,1.0,0.0,0.0,1.0,0.0,0.0,0.0,0.0,0.0,0
0.5141188687887914,1.3496368935658025,0.48179368775721865,1.3290025214124646,-1.0075283371329782,-0.39604404886983385,0.0,0.0,0.0,0.0,0.0,0.0,0.0,0.0,0.0,0.0,0.0,1.0,0.0,0.0,0.0,1.0,0
-0.8541530224252988,-0.43326515897102036,-0.24873838610054816,-0.055406120647686866,0.9925279152401798,-0.6486956701066902,1.0,0.0,0.0,1.0,0.0,0.0,1.0,0.0,1.0,0.0,0.0,0.0,0.0,0.0,0.0,1.0,0
0.268456840371557,0.6159815002969475,-0.04927283137210206,0.7447006386606068,-1.0075283371329782,0.7156230845723341,1.0,0.0,1.0,0.0,0.0,0.0,0.0,0.0,0.0,0.0,0.0,1.0,0.0,0.0,0.0,0.0,0
0.6183612131913561,-0.15099328958137556,-0.11996948368091855,1.4185819041340049,-1.0075283371329782,1.0188050300565614,0.0,0.0,1.0,0.0,0.0,0.0,0.0,0.0,0.0,1.0,0.0,0.0,1.0,0.0,1.0,0.0,0
-1.1829173393872356,2.1493024121930375,-1.3655771672172043,-1.692265750377631,-1.0075283371329782,-0.5476350216119478,0.0,0.0,1.0,0.0,0.0,0.0,1.0,0.0,0.0,1.0,0.0,1.0,0.0,1.0,0.0,0.0,0
0.2881389613426704,0.31107758792728674,0.04498937170631873,-0.5277337749976211,-1.0075283371329782,0.6145624360775915,1.0,0.0,0.0,0.0,0.0,1.0,0.0,0.0,0.0,0.0,1.0,0.0,0.0,0.0,1.0,0.0,1
1.6177755780579082,0.08161381882434551,-1.0053608911675218,-1.3380200096151809,0.9925279152401798,-1.6087718308067445,0.0,1.0,0.0,1.0,0.0,0.0,0.0,0.0,0.0,0.0,1.0,0.0,0.0,1.0,1.0,1.0,0
2.0522401743091585,0.0457797507726538,1.0566248011729513,-0.7903642379766792,-1.0075283371329782,1.5241082725302741,0.0,0.0,0.0,0.0,0.0,0.0,1.0,0.0,1.0,0.0,1.0,0.0,0.0,0.0,0.0,1.0,0
-0.7564713850131051,1.1396618281400974,1.1298463339213674,-1.6719067997591,-1.0075283371329782,0.9682747058091904,0.0,1.0,0.0,0.0,0.0,0.0,1.0,0.0,0.0,0.0,0.0,0.0,0.0,1.0,1.0,0.0,0
-2.539525751507332,0.15579662636995423,1.3276286350234134,0.3670421046868454,-1.0075283371329782,-0.6992259943540615,0.0,1.0,0.0,1.0,0.0,0.0,0.0,0.0,0.0,0.0,1.0,0.0,0.0,0.0,0.0,0.0,0
-0.13393318837121185,0.3990910884051266,0.022265447749913857,-0.5725234663583906,0.9925279152401798,0.058728869356507264,0.0,0.0,0.0,0.0,0.0,0.0,1.0,1.0,0.0,0.0,0.0,1.0,0.0,0.0,1.0,0.0,0
-0.6959670872130149,-0.15853730390804743,-0.284928339068157,0.30291141023846974,0.9925279152401798,0.56403211183022,0.0,0.0,0.0,1.0,0.0,1.0,0.0,1.0,0.0,0.0,1.0,0.0,0.0,1.0,1.0,0.0,1
-1.347663981589891,-0.6080348242055891,-0.7469814595150625,1.095892536830278,-1.0075283371329782,0.5135017875828488,1.0,0.0,1.0,0.0,0.0,1.0,0.0,0.0,1.0,0.0,1.0,0.0,0.0,1.0,1.0,1.0,0
1.9472688624632188,-2.162730443360583,0.19479894445595317,-0.15414703114756523,-1.0075283371329782,0.7661534088197052,0.0,0.0,1.0,0.0,0.0,1.0,0.0,0.0,0.0,1.0,0.0,0.0,1.0,0.0,1.0,1.0,0
-1.389215125862242,-0.29558689750925593,1.3537190662326184,-0.22234951571964642,0.9925279152401798,0.2608501663459925,0.0,0.0,1.0,0.0,0.0,0.0,1.0,0.0,1.0,0.0,1.0,0.0,0.0,0.0,1.0,1.0,0
-1.3826544188718706,1.1974992713112498,-0.2100235526933398,1.3727742652423083,0.9925279152401798,2.029411515003987,0.0,1.0,1.0,0.0,0.0,0.0,0.0,0.0,0.0,1.0,1.0,0.0,0.0,0.0,0.0,1.0,0
-0.7958356269553325,-0.3106749261626001,-0.43557953863099086,0.8688902374336498,-1.0075283371329782,-0.19392275188034908,0.0,1.0,1.0,0.0,0.0,0.0,1.0,0.0,0.0,0.0,0.0,1.0,0.0,1.0,1.0,0.0,0
0.03008448638806906,-0.857615964846322,0.7477477607284805,1.3137333084485667,0.9925279152401798,0.6145624360775915,0.0,0.0,0.0,1.0,0.0,0.0,1.0,0.0,0.0,0.0,1.0,0.0,0.0,1.0,0.0,0.0,0
-2.1867055089140344,-0.8771046685235582,-0.42379676324618815,-1.5660402565427354,0.9925279152401798,1.5746385967776453,0.0,1.0,1.0,0.0,0.0,1.0,0.0,1.0,0.0,0.0,0.0,0.0,0.0,0.0,0.0,0.0,1
-0.8847696550470313,0.41166444561624677,1.1769774354605784,-0.6295285280902794,-1.0075283371329782,-0.7497563186014329,1.0,0.0,1.0,0.0,0.0,1.0,0.0,1.0,0.0,0.0,1.0,0.0,0.0,0.0,1.0,1.0,0
0.030813453831442978,-0.20191538628641145,-0.8850082568798942,0.4891958083980341,0.9925279152401798,0.3113804905933636,0.0,1.0,0.0,0.0,0.0,0.0,1.0,0.0,0.0,0.0,0.0,1.0,1.0,0.0,0.0,1.0,0
-0.01146665788428264,1.482285812143119,-0.11239484236211653,-1.3716122781357578,-1.0075283371329782,0.8672140573144478,0.0,0.0,0.0,0.0,0.0,0.0,1.0,1.0,0.0,0.0,1.0,0.0,0.0,0.0,0.0,0.0,0
0.013318235190453389,2.037399533014069,0.7208157027060736,0.36806005221777105,-1.0075283371329782,-0.6992259943540615,0.0,0.0,0.0,1.0,0.0,1.0,0.0,0.0,0.0,0.0,0.0,1.0,1.0,0.0,0.0,0.0,1
-0.8053122037192022,0.410407109895135,-1.6332144938148656,-0.339413481776204,0.9925279152401798,0.6650927603249626,0.0,1.0,1.0,0.0,0.0,1.0,0.0,0.0,0.0,0.0,0.0,0.0,0.0,1.0,1.0,1.0,0
-0.5487156636513497,0.07029779733433793,-0.20834029906693854,0.24183455838287535,0.9925279152401798,0.1092591936038788,0.0,1.0,0.0,1.0,0.0,1.0,0.0,1.0,0.0,0.0,1.0,0.0,0.0,1.0,1.0,0.0,1
-0.8082280734927004,-0.10572920362134347,0.15860899148834548,0.1492013330685567,0.9925279152401798,-0.44657437311720516,0.0,1.0,1.0,0.0,0.0,0.0,1.0,0.0,0.0,0.0,1.0,0.0,0.0,0.0,1.0,1.0,0
0.09714949117853071,-1.6862002050591332,0.44223722753680966,0.8912850831140344,-1.0075283371329782,0.058728869356507264,0.0,0.0,0.0,0.0,0.0,0.0,1.0,1.0,0.0,0.0,0.0,0.0,1.0,0.0,1.0,1.0,0
-0.7739666036540952,0.8900806874993646,-0.6636604050082432,2.3265911017205165,0.9925279152401798,-0.34551372462246277,1.0,0.0,0.0,1.0,0.0,1.0,0.0,0.0,0.0,0.0,0.0,0.0,0.0,0.0,0.0,0.0,1
-0.17840020241706128,-1.4554791002350806,-0.13680201994492264,1.199723184984789,0.9925279152401798,1.8272902180145016,0.0,1.0,1.0,0.0,0.0,0.0,0.0,0.0,0.0,1.0,1.0,0.0,0.0,1.0,0.0,0.0,0
1.044807167565487,1.1258311352078656,-0.32953456016776733,-1.1211971855278184,0.9925279152401798,0.3113804905933636,0.0,1.0,1.0,0.0,0.0,1.0,0.0,0.0,1.0,0.0,0.0,1.0,0.0,0.0,0.0,0.0,1
-0.12154074183384382,0.5550007178230154,2.0707851110791835,-0.02181385212710982,0.9925279152401798,0.41244113908810626,1.0,0.0,0.0,1.0,0.0,0.0,0.0,1.0,0.0,0.0,1.0,0.0,0.0,0.0,0.0,0.0,0
0.543277566523774,0.5135086390263195,-1.225025489412772,-0.21929567312686657,0.9925279152401798,0.9177443815618189,1.0,0.0,0.0,1.0,0.0,0.0,0.0,1.0,0.0,0.0,0.0,1.0,0.0,0.0,0.0,0.0,0
-0.5443418589911021,2.1493024121930375,0.7628970433660833,0.008724573800687361,0.9925279152401798,0.56403211183022,0.0,0.0,1.0,0.0,0.0,0.0,0.0,0.0,1.0,0.0,1.0,0.0,0.0,0.0,1.0,1.0,0
0.49662365014780074,0.2450674625689058,-1.5406355443628443,-0.7313232811829377,0.9925279152401798,0.8166837330670763,0.0,1.0,0.0,0.0,0.0,1.0,0.0,0.0,1.0,0.0,0.0,0.0,0.0,1.0,1.0,1.0,0
0.31656869163427914,1.2873987753707585,-0.17299197291253152,-1.4235276022130132,0.9925279152401798,0.8166837330670763,1.0,0.0,1.0,0.0,0.0,0.0,1.0,0.0,1.0,0.0,0.0,1.0,0.0,1.0,1.0,0.0,0
-0.7178361105142522,0.001144332673177127,1.0557831743597508,-2.2928547936243153,0.9925279152401798,1.7767598937671305,1.0,0.0,0.0,0.0,0.0,0.0,1.0,1.0,0.0,0.0,1.0,0.0,1.0,0.0,0.0,1.0,0
-0.46780027743677016,0.819669887117092,-0.8782752423742928,-0.9766486361362436,-1.0075283371329782,1.8778205422618728,0.0,1.0,1.0,0.0,0.0,1.0,0.0,0.0,0.0,1.0,0.0,0.0,1.0,0.0,1.0,1.0,0
-0.027503941638523356,0.40852110631346694,-0.25799628104575023,0.5370393423515833,-1.0075283371329782,-0.5476350216119478,1.0,0.0,0.0,0.0,0.0,0.0,1.0,0.0,0.0,0.0,1.0,0.0,0.0,1.0,1.0,1.0,0
-1.7937920569351347,0.474531231671847,0.39005636511839853,0.7223057929802221,-1.0075283371329782,0.41244113908810626,1.0,0.0,0.0,1.0,0.0,0.0,0.0,1.0,0.0,0.0,0.0,0.0,1.0,0.0,0.0,0.0,0
-0.6959670872130149,0.1381939262743861,-0.09303742565851295,1.6995354226697406,0.9925279152401798,0.1597895178512499,0.0,0.0,0.0,0.0,0.0,0.0,1.0,1.0,0.0,0.0,0.0,1.0,0.0,1.0,1.0,1.0,0
1.694317159612239,-0.47161389846493645,0.1013783681907318,0.32428830838792877,-1.0075283371329782,-0.14339242763297752,0.0,1.0,1.0,0.0,0.0,0.0,1.0,0.0,0.0,1.0,1.0,0.0,0.0,1.0,0.0,0.0,0
0.6256508876251025,-0.012686360259054855,-0.6064297817106301,0.021957891702733916,0.9925279152401798,0.1092591936038788,0.0,1.0,1.0,0.0,0.0,0.0,1.0,0.0,1.0,0.0,1.0,0.0,1.0,0.0,1.0,1.0,0
-0.833012966567436,-0.2647821723420117,0.11316114357553454,-0.8809615682291451,0.9925279152401798,0.1597895178512499,1.0,0.0,1.0,0.0,0.0,0.0,0.0,1.0,0.0,0.0,0.0,0.0,1.0,0.0,0.0,0.0,0
-2.5701423841290643,0.3997197562656829,0.29916066929277785,-1.079461336759829,0.9925279152401798,2.4841844332303284,0.0,0.0,0.0,1.0,0.0,0.0,1.0,1.0,0.0,0.0,0.0,1.0,1.0,0.0,1.0,0.0,0
-0.21557754202916532,-0.6187221778350412,2.0640520965735822,-0.1714521391733173,0.9925279152401798,0.6650927603249626,0.0,0.0,1.0,0.0,0.0,0.0,1.0,0.0,0.0,0.0,0.0,0.0,0.0,0.0,0.0,0.0,0
-0.394903533099312,0.4990492782335312,0.4355042130312083,-1.0305998552753526,0.9925279152401798,-0.29498340037509146,0.0,0.0,1.0,0.0,0.0,0.0,0.0,1.0,0.0,0.0,0.0,0.0,0.0,1.0,1.0,1.0,0
1.0397043954618643,0.6782196184919915,-0.7410900718226611,-0.3221083737504519,0.9925279152401798,-1.4571808580646306,0.0,0.0,1.0,0.0,0.0,0.0,0.0,0.0,0.0,1.0,0.0,0.0,0.0,1.0,1.0,1.0,0
-1.1697959254064931,0.7976665119976323,0.46496115149321576,0.4148856386403946,-1.0075283371329782,-1.1539989125804029,0.0,0.0,1.0,0.0,0.0,0.0,1.0,1.0,0.0,0.0,1.0,0.0,1.0,0.0,1.0,0.0,0
-1.3053838698741653,-0.3301636298398359,-0.47513599885140045,-2.5381801485776214,0.9925279152401798,0.41244113908810626,0.0,1.0,0.0,0.0,0.0,0.0,0.0,0.0,0.0,0.0,0.0,1.0,0.0,1.0,1.0,0.0,0
-0.05447573704338321,1.760157006508872,1.3857008851342265,-0.10019581200845626,0.9925279152401798,0.5135017875828488,0.0,0.0,0.0,0.0,0.0,0.0,0.0,0.0,1.0,0.0,0.0,0.0,0.0,1.0,1.0,1.0,0
1.2656843029079843,0.8479599408421123,0.8630506341369061,-1.023474222558867,-1.0075283371329782,0.9682747058091904,1.0,0.0,1.0,0.0,0.0,0.0,0.0,0.0,0.0,0.0,1.0,0.0,0.0,1.0,1.0,0.0,0
0.22180292399558374,-0.6822176317511973,0.942163554577724,-0.7771309200746341,0.9925279152401798,-1.2045292368277742,0.0,0.0,0.0,0.0,0.0,1.0,0.0,0.0,0.0,1.0,1.0,0.0,0.0,1.0,1.0,0.0,1
1.719831020130349,0.25826948764058233,-0.42800489731218944,0.613385407171077,0.9925279152401798,0.1092591936038788,0.0,1.0,1.0,0.0,0.0,1.0,0.0,0.0,0.0,0.0,0.0,1.0,0.0,0.0,0.0,1.0,0
0.14015857033763024,1.2226459857334904,1.0970228882065598,-0.14600345090015276,0.9925279152401798,-0.09286210338560645,0.0,1.0,1.0,0.0,0.0,1.0,0.0,0.0,0.0,0.0,0.0,1.0,1.0,0.0,1.0,0.0,1
0.012589267747078433,-1.4567364359561923,0.4775855536912179,0.05860400281609082,-1.0075283371329782,-0.04233177913823491,0.0,0.0,0.0,1.0,0.0,0.0,1.0,0.0,1.0,0.0,0.0,1.0,1.0,0.0,1.0,1.0,0
0.5877445805696235,-1.1882952594987797,-1.6811872221672766,-0.07271122867343893,-1.0075283371329782,-0.5476350216119478,0.0,1.0,0.0,0.0,0.0,0.0,1.0,0.0,1.0,0.0,1.0,0.0,1.0,0.0,0.0,0.0,0
1.284637456435724,-1.639050115517433,1.1121721708441639,1.5590586634018726,-1.0075283371329782,-0.4971046973645765,0.0,1.0,1.0,0.0,0.0,0.0,1.0,0.0,1.0,0.0,0.0,0.0,0.0,1.0,0.0,1.0,0
-0.5399680543308544,0.1482526120432819,-2.325031734265424,-0.526715827466694,-1.0075283371329782,-1.760362803548858,1.0,0.0,0.0,1.0,0.0,0.0,1.0,0.0,0.0,1.0,1.0,0.0,0.0,1.0,1.0,0.0,0
1.4770848614866134,0.28215886634171017,0.5348161769888315,-0.06965738608065908,0.9925279152401798,1.321986975540789,0.0,0.0,0.0,0.0,0.0,0.0,0.0,0.0,1.0,0.0,0.0,0.0,0.0,0.0,1.0,1.0,0
0.7153138831601753,-0.17928334330639542,-0.9649628041339127,0.846495391753265,-1.0075283371329782,0.008198545109136179,0.0,0.0,1.0,0.0,0.0,1.0,0.0,0.0,0.0,1.0,0.0,1.0,0.0,1.0,1.0,0.0,1
-1.6501854705903423,1.137147156697874,-0.5794977236882239,1.3758281078350882,0.9925279152401798,-0.8002866428488041,0.0,0.0,0.0,1.0,0.0,0.0,0.0,0.0,0.0,0.0,0.0,1.0,1.0,0.0,1.0,0.0,0
-0.26296042584851353,0.6870209685397756,0.10053674137753117,0.5360213948206577,0.9925279152401798,-1.1539989125804029,0.0,1.0,1.0,0.0,0.0,0.0,1.0,0.0,0.0,1.0,0.0,1.0,0.0,0.0,0.0,1.0,0
-0.061765411477128614,0.7404577366870363,0.13420181390553937,0.26321145653233297,-1.0075283371329782,-1.709832479301487,0.0,0.0,1.0,0.0,0.0,1.0,0.0,0.0,1.0,0.0,0.0,1.0,0.0,1.0,1.0,1.0,0
2.0522401743091585,0.21363406954110567,0.9850865220509343,0.3110549904858822,0.9925279152401798,0.3113804905933636,0.0,0.0,1.0,0.0,0.0,0.0,0.0,0.0,1.0,0.0,0.0,1.0,0.0,0.0,1.0,1.0,0
0.2699147752583059,1.4671977834897754,0.7889874745752895,-0.6397080033995446,-1.0075283371329782,-1.6593021550541156,0.0,0.0,0.0,0.0,0.0,1.0,0.0,0.0,0.0,1.0,1.0,0.0,1.0,0.0,0.0,1.0,0
-1.8470066803014795,-0.3955450873376601,0.25623770181956756,0.9035004534851538,-1.0075283371329782,0.5135017875828488,0.0,1.0,1.0,0.0,0.0,0.0,0.0,0.0,0.0,1.0,0.0,1.0,0.0,0.0,1.0,1.0,0
-0.5654819148489644,-0.9745481869097384,0.15860899148834548,0.8057774905162012,-1.0075283371329782,0.008198545109136179,1.0,0.0,1.0,0.0,0.0,0.0,1.0,0.0,1.0,0.0,1.0,0.0,1.0,0.0,1.0,0.0,0
0.8013320414783764,2.046200883061853,-0.04338144367970128,0.29171398739827736,-1.0075283371329782,-2.265666046022571,0.0,1.0,0.0,1.0,0.0,1.0,0.0,0.0,1.0,0.0,0.0,0.0,0.0,1.0,0.0,0.0,1
1.7482607504219578,0.9875242058855448,-0.874908735121492,0.24081661085194825,-1.0075283371329782,-1.0024079398382892,0.0,1.0,1.0,0.0,0.0,1.0,0.0,0.0,0.0,0.0,0.0,0.0,1.0,0.0,1.0,0.0,1
-0.9722457482519814,0.9491754663916286,-0.08882929159251222,-1.1486817688628366,-1.0075283371329782,0.1597895178512499,1.0,0.0,0.0,1.0,0.0,1.0,0.0,1.0,0.0,0.0,0.0,1.0,0.0,0.0,1.0,0.0,1
0.468922887299567,-0.10384320003967538,-0.7436149522622618,1.4704972282112596,-1.0075283371329782,2.282063136240843,0.0,1.0,0.0,1.0,0.0,0.0,0.0,0.0,1.0,0.0,1.0,0.0,0.0,0.0,0.0,0.0,0
-0.29576396080036893,2.032370190129621,-1.3647355404040042,-1.281014947883292,-1.0075283371329782,0.058728869356507264,0.0,0.0,0.0,1.0,0.0,0.0,1.0,0.0,1.0,0.0,0.0,1.0,0.0,0.0,0.0,0.0,0
1.3998143124889075,-0.5483113774527687,0.541549191494433,0.8536210244697504,-1.0075283371329782,-1.4066505338172592,1.0,0.0,1.0,0.0,0.0,1.0,0.0,0.0,0.0,1.0,0.0,1.0,0.0,1.0,0.0,0.0,1
0.6825103482083189,-0.39428775161654833,0.0020664042331096596,-0.30378531819377275,0.9925279152401798,-2.265666046022571,0.0,0.0,0.0,1.0,0.0,1.0,0.0,0.0,1.0,0.0,0.0,1.0,0.0,0.0,0.0,0.0,1
-0.35918412837395786,1.2157306392673743,0.3648075607223918,0.9075722436088595,-1.0075283371329782,0.1092591936038788,0.0,1.0,0.0,0.0,0.0,1.0,0.0,1.0,0.0,0.0,0.0,1.0,0.0,0.0,0.0,1.0,0
-0.2024561280484234,-0.15727996818693524,-0.5938053795126274,0.06674758306350331,0.9925279152401798,-0.5981653458593191,1.0,0.0,1.0,0.0,0.0,1.0,0.0,1.0,0.0,0.0,0.0,1.0,0.0,1.0,0.0,0.0,1
0.22617672865583138,1.69917622403494,0.1358850675319394,-0.9440743151465937,0.9925279152401798,-0.39604404886983385,0.0,1.0,0.0,0.0,0.0,0.0,1.0,0.0,0.0,0.0,1.0,0.0,0.0,0.0,0.0,0.0,0
-2.137864690207937,-1.5485219435973687,-1.0163020397391245,0.17261412627986705,0.9925279152401798,1.0188050300565614,1.0,0.0,0.0,1.0,0.0,1.0,0.0,0.0,1.0,0.0,0.0,0.0,0.0,0.0,1.0,1.0,1
-2.7116531890741546,0.24381012684779402,-1.012093905673123,-0.7303053336520106,-1.0075283371329782,0.1092591936038788,0.0,0.0,1.0,0.0,0.0,1.0,0.0,0.0,0.0,0.0,1.0,0.0,0.0,1.0,1.0,1.0,0
-2.2457518718273755,-1.9571560529587704,0.4270879448992068,0.529913709635098,0.9925279152401798,0.7661534088197052,0.0,0.0,1.0,0.0,0.0,1.0,0.0,1.0,0.0,0.0,0.0,1.0,1.0,0.0,1.0,0.0,1
0.10006536095202845,0.053323765099325224,-0.6737599267666459,1.2587641417785307,0.9925279152401798,1.6251689210250169,0.0,0.0,1.0,0.0,0.0,0.0,1.0,0.0,0.0,0.0,0.0,0.0,0.0,1.0,0.0,0.0,0
1.2423573447199983,1.976418750540137,0.0576137739043221,0.37518568493425786,-1.0075283371329782,-1.2550595610751456,0.0,0.0,1.0,0.0,0.0,0.0,0.0,0.0,0.0,1.0,1.0,0.0,0.0,1.0,1.0,0.0,0
0.5294271850996571,0.7146823544042404,-1.3899843448000098,0.6815878917431583,0.9925279152401798,0.6650927603249626,0.0,0.0,0.0,0.0,0.0,1.0,0.0,0.0,0.0,0.0,0.0,0.0,0.0,0.0,0.0,0.0,1
-0.5290335426802353,-0.7727458036712616,-0.9582297896283107,2.121983648004273,-1.0075283371329782,-1.1034685883330317,0.0,0.0,0.0,1.0,0.0,0.0,0.0,1.0,0.0,0.0,1.0,0.0,0.0,0.0,1.0,1.0,0
1.2664132703513593,0.8749926588460208,-0.013082878404494387,0.0972860089913005,0.9925279152401798,0.9682747058091904,0.0,0.0,0.0,0.0,0.0,0.0,1.0,0.0,0.0,1.0,0.0,0.0,0.0,0.0,1.0,0.0,0
0.09860742606527957,-1.1235424698615113,-0.24621350566094746,1.5977406695770824,-1.0075283371329782,0.56403211183022,1.0,0.0,1.0,0.0,0.0,0.0,0.0,0.0,1.0,0.0,0.0,0.0,0.0,0.0,1.0,0.0,0
0.6533516504733362,1.3339201970519023,1.160986526009775,-0.004508744101357747,-1.0075283371329782,0.4629714633354778,0.0,0.0,0.0,0.0,0.0,0.0,0.0,0.0,1.0,0.0,0.0,0.0,1.0,0.0,0.0,0.0,0
2.0522401743091585,0.4462411779468267,0.13420181390553937,1.1681668115260648,0.9925279152401798,2.5852450817250707,0.0,0.0,0.0,1.0,0.0,1.0,0.0,0.0,0.0,1.0,1.0,0.0,1.0,0.0,0.0,0.0,1
-1.2361319627535798,-0.555855391779441,-1.6037575553528587,0.24387045344472813,-1.0075283371329782,1.0693353543039326,0.0,0.0,0.0,1.0,0.0,1.0,0.0,0.0,0.0,0.0,0.0,0.0,0.0,0.0,1.0,1.0,0
0.7255194273674195,0.869963315961573,-0.9228814634739031,-0.4941415064770441,0.9925279152401798,0.56403211183022,0.0,1.0,0.0,0.0,0.0,0.0,1.0,0.0,0.0,1.0,0.0,1.0,0.0,0.0,0.0,0.0,0
-1.5583355727251451,-1.595043365278513,-0.9700125650131135,1.0684079534952606,-1.0075283371329782,2.3831237847355853,0.0,1.0,1.0,0.0,0.0,1.0,0.0,1.0,0.0,0.0,0.0,0.0,0.0,1.0,0.0,1.0,0
0.3296901056150221,1.6853455311027081,-2.2257197703078013,-0.07678301879714446,-1.0075283371329782,-1.3055898853225167,1.0,0.0,0.0,1.0,0.0,0.0,1.0,0.0,1.0,0.0,0.0,1.0,0.0,0.0,1.0,0.0,1
0.17150417040273774,-0.17236799684027942,-0.501226430060606,0.13800391022836436,0.9925279152401798,1.2209263270460469,1.0,0.0,1.0,0.0,0.0,1.0,0.0,0.0,0.0,1.0,1.0,0.0,0.0,0.0,1.0,1.0,0
-0.701069859316637,1.6268794200709993,1.8401793642623299,0.7467365337224595,0.9925279152401798,-1.356120209569888,0.0,0.0,1.0,0.0,0.0,0.0,0.0,0.0,0.0,0.0,0.0,1.0,1.0,0.0,1.0,1.0,0
-1.350579851363389,-0.6055201527633651,-0.3455254696185708,-0.7130002256262584,-1.0075283371329782,0.8166837330670763,1.0,0.0,1.0,0.0,0.0,0.0,0.0,1.0,0.0,0.0,0.0,0.0,0.0,0.0,0.0,1.0,0
-1.5051209493588003,0.7002229936114521,-0.35310011093737226,1.2027770275775689,-1.0075283371329782,-0.34551372462246277,0.0,1.0,1.0,0.0,0.0,1.0,0.0,1.0,0.0,0.0,1.0,0.0,0.0,0.0,0.0,0.0,1
-0.06613921613737628,-0.23649211861699188,0.36396593390919235,0.9421824596603635,0.9925279152401798,-1.3055898853225167,0.0,1.0,1.0,0.0,0.0,0.0,0.0,0.0,0.0,1.0,1.0,0.0,0.0,1.0,1.0,1.0,0
-0.2658762956220113,-0.17362533256139162,0.6795759888592646,0.34057546888275375,0.9925279152401798,-0.39604404886983385,1.0,0.0,1.0,0.0,0.0,0.0,0.0,1.0,0.0,0.0,0.0,0.0,0.0,1.0,1.0,0.0,0
0.30417624509691116,-0.4766432413493848,0.7830960868828888,0.03722710466663178,-1.0075283371329782,1.1703960027986753,0.0,0.0,0.0,1.0,0.0,0.0,0.0,0.0,0.0,1.0,1.0,0.0,0.0,1.0,1.0,0.0,0
2.0522401743091585,0.307934248624506,-1.512861859527238,-2.1554318769492267,0.9925279152401798,1.8778205422618728,1.0,0.0,1.0,0.0,0.0,1.0,0.0,0.0,0.0,0.0,0.0,0.0,0.0,0.0,1.0,1.0,0
-1.4978312749250549,-1.344204888916668,0.3816400969863959,-1.1222151330587455,0.9925279152401798,-1.6087718308067445,0.0,1.0,0.0,1.0,0.0,1.0,0.0,0.0,1.0,0.0,0.0,1.0,0.0,1.0,1.0,1.0,0
0.5491093060707706,-0.21763208280031152,0.9648874785341301,0.1492013330685567,0.9925279152401798,0.6145624360775915,0.0,0.0,1.0,0.0,0.0,1.0,0.0,0.0,1.0,0.0,0.0,1.0,0.0,1.0,0.0,0.0,1
-0.2986798305738677,1.036560299008913,-0.9380307461115065,-0.5338414601831809,0.9925279152401798,-0.19392275188034908,1.0,0.0,1.0,0.0,0.0,0.0,1.0,0.0,1.0,0.0,1.0,0.0,0.0,0.0,0.0,1.0,0
1.1978903306741486,-1.1952106059648955,1.9782061616271616,0.2733909318415996,-1.0075283371329782,-0.24445307612772016,1.0,0.0,0.0,1.0,0.0,1.0,0.0,0.0,0.0,1.0,1.0,0.0,0.0,0.0,1.0,1.0,0
0.025710681727821403,1.027758948961129,1.4378817475526378,-1.1751484046669274,0.9925279152401798,1.2209263270460469,1.0,0.0,0.0,1.0,0.0,0.0,0.0,0.0,0.0,0.0,0.0,1.0,1.0,0.0,0.0,0.0,0
0.5855576782394997,-0.3949164194771042,-1.4825632942520313,-0.5002491916626038,-1.0075283371329782,1.4230476240355316,0.0,0.0,0.0,1.0,0.0,0.0,0.0,0.0,0.0,1.0,0.0,1.0,0.0,1.0,0.0,0.0,0
1.0615734187631016,1.139033160279542,1.7905233822835196,-0.6895874324149481,-1.0075283371329782,-0.44657437311720516,0.0,0.0,1.0,0.0,0.0,0.0,1.0,0.0,0.0,1.0,0.0,1.0,0.0,1.0,1.0,0.0,0
0.8100796507988707,0.2601554912222504,-1.3420116164475988,-0.9430563676156666,-1.0075283371329782,-1.0024079398382892,0.0,0.0,0.0,1.0,0.0,1.0,0.0,0.0,1.0,0.0,1.0,0.0,0.0,0.0,0.0,1.0,0
1.6017382943036664,1.0799383813872772,-0.24873838610054816,-0.6987489601932877,-1.0075283371329782,1.0188050300565614,0.0,0.0,1.0,0.0,0.0,0.0,1.0,0.0,0.0,0.0,0.0,0.0,0.0,1.0,0.0,0.0,0
0.22471879376908252,1.4866864871670107,-0.07536326258130822,-2.039385858423596,0.9925279152401798,0.1597895178512499,0.0,1.0,0.0,0.0,0.0,0.0,0.0,0.0,0.0,1.0,1.0,0.0,0.0,1.0,0.0,1.0,0
-1.2623747907150646,-0.811723211025734,0.39426449918439926,-0.39845443856994556,0.9925279152401798,-1.1539989125804029,0.0,0.0,0.0,1.0,0.0,0.0,1.0,0.0,0.0,0.0,0.0,0.0,0.0,0.0,1.0,1.0,0
0.6409592039359683,0.13882259413494152,-0.3438422159921696,-1.6108299479035049,-1.0075283371329782,1.1703960027986753,0.0,0.0,1.0,0.0,0.0,0.0,1.0,0.0,0.0,1.0,0.0,0.0,0.0,0.0,0.0,0.0,0
0.8596494369483427,-0.32890629411872413,-1.1804192683131616,0.1492013330685567,0.9925279152401798,0.21031984209862142,1.0,0.0,0.0,1.0,0.0,0.0,1.0,0.0,1.0,0.0,0.0,0.0,1.0,0.0,0.0,0.0,0
-1.0502452646930616,1.0811957171083897,-1.9042183276653277,0.7223057929802221,0.9925279152401798,1.5746385967776453,0.0,0.0,0.0,0.0,0.0,1.0,0.0,0.0,1.0,0.0,0.0,1.0,0.0,1.0,0.0,0.0,1
-0.38542695633544277,-0.5225359951699728,0.5592233545716365,0.3711138948105509,0.9925279152401798,1.675699245272388,0.0,1.0,1.0,0.0,0.0,0.0,1.0,1.0,0.0,0.0,0.0,0.0,0.0,1.0,1.0,1.0,0
0.8210141624494899,-0.05229243547408272,0.19479894445595317,0.5217701293876855,0.9925279152401798,-0.19392275188034908,0.0,0.0,0.0,1.0,0.0,0.0,0.0,0.0,0.0,1.0,0.0,1.0,1.0,0.0,0.0,0.0,0
-2.156088876292302,-0.9022513829457982,-0.9413972533643072,0.8179928608873206,0.9925279152401798,1.321986975540789,0.0,0.0,0.0,1.0,0.0,1.0,0.0,0.0,1.0,0.0,1.0,0.0,0.0,1.0,0.0,0.0,1
0.4076896220561019,-0.23083410787198763,0.7325984780908764,0.9818824133665003,-1.0075283371329782,0.6145624360775915,0.0,0.0,0.0,0.0,0.0,1.0,0.0,0.0,1.0,0.0,0.0,1.0,0.0,0.0,0.0,1.0,0
-0.02823290908189831,-0.34650899421429227,1.0751405910633556,0.10746548430056574,0.9925279152401798,1.0693353543039326,1.0,0.0,1.0,0.0,0.0,1.0,0.0,0.0,0.0,0.0,0.0,1.0,0.0,1.0,1.0,0.0,1
2.0522401743091585,-0.5407673631260969,0.993502790182937,-0.3200724786885977,-1.0075283371329782,1.7262295695197594,0.0,0.0,0.0,1.0,0.0,0.0,1.0,0.0,0.0,1.0,1.0,0.0,0.0,0.0,1.0,0.0,0
-0.46415544021989746,0.826585233583208,-1.203984819082767,1.4684613331494067,-1.0075283371329782,0.7156230845723341,0.0,1.0,1.0,0.0,0.0,0.0,1.0,0.0,0.0,1.0,0.0,0.0,0.0,1.0,1.0,0.0,0
-1.819305917453245,-1.319686842354984,-0.8454517966594852,-1.0733536515742692,-1.0075283371329782,-0.5476350216119478,0.0,1.0,1.0,0.0,0.0,0.0,1.0,0.0,0.0,0.0,0.0,1.0,0.0,1.0,0.0,1.0,0
0.1999339006943465,1.6369381058398953,0.7022999128156695,1.0144567343561517,-1.0075283371329782,1.4230476240355316,1.0,0.0,1.0,0.0,0.0,0.0,0.0,1.0,0.0,0.0,1.0,0.0,1.0,0.0,0.0,1.0,0
0.07236459810379467,2.0726049332052052,-0.6131627962162315,0.3191985707332947,0.9925279152401798,-0.4971046973645765,0.0,0.0,1.0,0.0,0.0,1.0,0.0,1.0,0.0,0.0,1.0,0.0,1.0,0.0,0.0,1.0,0
-0.49914587750187767,0.48961926032519076,-0.23527235708934535,-2.1717190374440514,0.9925279152401798,0.41244113908810626,0.0,0.0,1.0,0.0,0.0,0.0,0.0,0.0,0.0,0.0,0.0,0.0,1.0,0.0,1.0,0.0,0
-1.3126735443079107,0.9189994090849412,0.4211965572068048,1.1885257621445966,0.9925279152401798,-0.9013472913435465,1.0,0.0,1.0,0.0,0.0,0.0,1.0,0.0,0.0,1.0,1.0,0.0,0.0,0.0,0.0,0.0,0
1.2860953913224726,-0.9827208690969665,-1.058383380399134,-0.3292340064669373,0.9925279152401798,-2.265666046022571,1.0,0.0,1.0,0.0,0.0,0.0,0.0,0.0,0.0,0.0,0.0,0.0,0.0,0.0,0.0,1.0,1
0.31438178930415533,0.5889487822930399,-0.9641211773207121,1.4582818578401415,-1.0075283371329782,2.4841844332303284,0.0,0.0,1.0,0.0,0.0,0.0,1.0,1.0,0.0,0.0,0.0,1.0,0.0,1.0,1.0,0.0,0
-1.3950468654092385,2.1493024121930375,-0.011399624778094336,0.014832258986247087,-1.0075283371329782,0.21031984209862142,1.0,0.0,0.0,0.0,0.0,0.0,1.0,0.0,0.0,1.0,0.0,0.0,0.0,0.0,0.0,1.0,0
0.3369797800487675,-1.0933664125548228,1.6095736174454776,-0.1572008737403451,-1.0075283371329782,1.675699245272388,1.0,0.0,1.0,0.0,0.0,0.0,0.0,0.0,1.0,0.0,0.0,1.0,0.0,1.0,1.0,0.0,0
-0.39271663076918917,-0.9852355405391905,0.41109703544840337,0.4301548516042925,-1.0075283371329782,-0.6486956701066902,0.0,0.0,0.0,1.0,0.0,0.0,1.0,0.0,0.0,1.0,0.0,1.0,0.0,1.0,0.0,1.0,0
-0.9255918318760081,0.4141791170584712,0.5996214416052461,-0.41372365153384344,0.9925279152401798,-0.34551372462246277,1.0,0.0,1.0,0.0,0.0,0.0,0.0,0.0,0.0,1.0,0.0,0.0,0.0,1.0,0.0,1.0,0
-0.7440789384757371,-2.3450441229218235,0.07276305654192496,1.4878023362370116,0.9925279152401798,1.2714566512934178,0.0,0.0,0.0,0.0,0.0,0.0,1.0,0.0,0.0,0.0,0.0,0.0,0.0,1.0,1.0,1.0,0
0.0052995933133330305,0.48899059246463533,0.9488965690833266,0.12986032998095043,-1.0075283371329782,-0.09286210338560645,1.0,0.0,0.0,0.0,0.0,0.0,1.0,0.0,0.0,1.0,1.0,0.0,0.0,0.0,1.0,0.0,0
-0.3526234213835864,1.0824530528295015,-0.21507331357254114,1.240441086221853,0.9925279152401798,1.7262295695197594,0.0,1.0,1.0,0.0,0.0,0.0,0.0,0.0,1.0,0.0,1.0,0.0,0.0,0.0,0.0,0.0,0
1.4260571404503926,-1.3435762210561122,0.19227406401635247,1.8308506541592704,0.9925279152401798,0.1092591936038788,0.0,1.0,0.0,0.0,0.0,0.0,0.0,1.0,0.0,0.0,0.0,0.0,0.0,0.0,1.0,1.0,0
0.30053140788003846,-1.7540963339991817,-0.31775178478296456,-0.5419850404305934,-1.0075283371329782,-0.6486956701066902,0.0,0.0,0.0,1.0,0.0,0.0,0.0,0.0,1.0,0.0,0.0,1.0,0.0,0.0,1.0,0.0,0
-1.5248030703299142,0.07029779733433793,-1.8646618674449187,-0.7191079108118181,-1.0075283371329782,0.7156230845723341,0.0,1.0,1.0,0.0,0.0,1.0,0.0,0.0,0.0,0.0,0.0,0.0,0.0,0.0,0.0,1.0,0
-1.1173102694835229,0.4236091349668107,1.6819535233806941,-0.6081516299408218,-1.0075283371329782,-2.0130144247857147,1.0,0.0,0.0,1.0,0.0,1.0,0.0,0.0,1.0,0.0,0.0,0.0,0.0,1.0,1.0,0.0,1
2.0522401743091585,-1.0367863051047828,-0.01392450521769501,0.850567181876972,0.9925279152401798,0.5135017875828488,1.0,0.0,0.0,1.0,0.0,0.0,1.0,1.0,0.0,0.0,0.0,0.0,0.0,1.0,0.0,1.0,0
-1.3425612094862687,-0.23774945433810363,-0.1822498678577336,0.4016523207383481,0.9925279152401798,0.1092591936038788,0.0,1.0,0.0,0.0,0.0,0.0,1.0,0.0,1.0,0.0,1.0,0.0,0.0,0.0,0.0,0.0,0
0.5170347385622891,-0.866417314894106,-0.39686470522378253,-0.1582188212712722,-1.0075283371329782,-0.6486956701066902,0.0,1.0,1.0,0.0,0.0,1.0,0.0,0.0,1.0,0.0,0.0,1.0,1.0,0.0,0.0,1.0,0
-1.0247314041749511,0.9460321270888489,0.21920612203875928,-0.8056334509405785,-1.0075283371329782,-1.1539989125804029,1.0,0.0,1.0,0.0,0.0,0.0,1.0,0.0,0.0,1.0,1.0,0.0,0.0,1.0,1.0,1.0,0
1.5434208988337002,0.31987893797507083,1.5254109361254582,-0.7303053336520106,0.9925279152401798,-0.5476350216119478,0.0,1.0,0.0,1.0,0.0,1.0,0.0,0.0,0.0,1.0,0.0,0.0,0.0,0.0,0.0,1.0,0
-1.0837777670882924,0.44686984580738304,0.1249439189603373,0.9269132466964657,0.9925279152401798,0.6145624360775915,0.0,0.0,0.0,0.0,0.0,0.0,1.0,0.0,1.0,0.0,0.0,0.0,0.0,1.0,1.0,0.0,0
-1.7879603173881382,-0.17614000400361557,0.4270879448992068,0.003634836146054738,-1.0075283371329782,-0.14339242763297752,0.0,0.0,0.0,0.0,0.0,0.0,1.0,1.0,0.0,0.0,1.0,0.0,0.0,0.0,1.0,0.0,0
1.1424888049776802,-0.34085098346928805,0.6425444090784563,-0.2773186823896825,0.9925279152401798,-0.19392275188034908,0.0,1.0,1.0,0.0,0.0,0.0,0.0,0.0,0.0,0.0,0.0,1.0,1.0,0.0,0.0,0.0,0
1.9596613090005868,0.5480853713568994,1.3368865299686155,0.8190108084182477,-1.0075283371329782,-0.39604404886983385,0.0,0.0,1.0,0.0,0.0,0.0,0.0,1.0,0.0,0.0,0.0,1.0,1.0,0.0,0.0,1.0,0
0.2655409705980582,-0.2918148903459198,0.4329793325916076,-0.2579776793020762,0.9925279152401798,0.2608501663459925,0.0,0.0,1.0,0.0,0.0,0.0,0.0,1.0,0.0,0.0,0.0,0.0,0.0,0.0,0.0,0.0,0
-0.6412945289599213,-0.7658304572051455,-1.246066159742777,0.8241005460728803,-1.0075283371329782,-1.1539989125804029,1.0,0.0,1.0,0.0,0.0,0.0,0.0,1.0,0.0,0.0,1.0,0.0,0.0,0.0,1.0,0.0,0
-0.6493131708370417,-0.5395100274049851,0.7519558947944812,-0.1663624015186847,-1.0075283371329782,-0.24445307612772016,0.0,1.0,0.0,0.0,0.0,0.0,1.0,0.0,1.0,0.0,0.0,1.0,0.0,1.0,0.0,1.0,0
0.8501728601844736,0.11304721185214563,-0.32364317247536534,1.0734976911498932,0.9925279152401798,-0.8508169670961755,0.0,0.0,0.0,1.0,0.0,0.0,1.0,0.0,1.0,0.0,0.0,0.0,0.0,1.0,1.0,1.0,0
-2.154630941405553,0.8812793374515805,1.5531846209610645,2.5515575060552904,0.9925279152401798,-0.8508169670961755,0.0,1.0,0.0,1.0,0.0,0.0,1.0,0.0,1.0,0.0,0.0,1.0,0.0,1.0,1.0,0.0,0
-0.9015359062446471,-0.2201467542425355,0.5028343580872234,-1.2138304108421378,-1.0075283371329782,0.1597895178512499,0.0,0.0,0.0,0.0,0.0,1.0,0.0,0.0,0.0,1.0,1.0,0.0,0.0,0.0,1.0,1.0,0
-0.7112754035238807,-1.0097535871008747,0.030681715881915306,0.6927853145833506,0.9925279152401798,-0.6992259943540615,1.0,0.0,1.0,0.0,0.0,0.0,1.0,0.0,1.0,0.0,0.0,1.0,0.0,1.0,0.0,1.0,0
-2.3324989975889507,-0.6438688922572813,-0.06863024807570683,-0.17755982435887704,-1.0075283371329782,1.8272902180145016,0.0,0.0,0.0,0.0,0.0,0.0,1.0,0.0,1.0,0.0,0.0,1.0,0.0,0.0,1.0,0.0,0
0.24075607752332323,-0.4420665090188044,-0.7949541878674735,0.8241005460728803,0.9925279152401798,-1.356120209569888,0.0,0.0,0.0,1.0,0.0,1.0,0.0,0.0,0.0,1.0,0.0,0.0,0.0,0.0,1.0,1.0,1
0.023523779397697574,0.22620742675222588,-1.757775262168494,1.4236716417886375,0.9925279152401798,0.8672140573144478,1.0,0.0,1.0,0.0,0.0,0.0,1.0,0.0,1.0,0.0,0.0,1.0,0.0,0.0,1.0,1.0,0
0.3224004311812757,0.24003811968445787,-2.259384842835809,-0.8076693460024312,-1.0075283371329782,-0.5981653458593191,1.0,0.0,1.0,0.0,0.0,1.0,0.0,0.0,0.0,1.0,0.0,0.0,1.0,0.0,1.0,1.0,0
0.9624338464641585,-0.02966039249406667,-0.635886720172637,-1.2901764756616316,-1.0075283371329782,0.1092591936038788,0.0,1.0,0.0,1.0,0.0,1.0,0.0,0.0,0.0,0.0,0.0,0.0,0.0,1.0,0.0,1.0,0
-1.997902941080018,-0.01834437100405909,-0.9413972533643072,1.2923564102991076,-1.0075283371329782,-0.9518776155909179,0.0,1.0,0.0,0.0,0.0,0.0,1.0,0.0,0.0,0.0,0.0,0.0,1.0,0.0,1.0,0.0,0
-0.07853166267474429,0.6813629577947722,-0.14521828807692408,1.4633715954947741,0.9925279152401798,0.058728869356507264,0.0,1.0,0.0,0.0,0.0,0.0,0.0,0.0,0.0,1.0,0.0,0.0,0.0,1.0,1.0,1.0,0
-0.9037228085747704,0.5864341108508155,1.4967956244766514,0.1624346509706018,-1.0075283371329782,0.4629714633354778,0.0,0.0,0.0,0.0,0.0,1.0,0.0,1.0,0.0,0.0,0.0,0.0,0.0,1.0,1.0,1.0,0
-0.2607735235183897,2.1461590728902578,-0.4406292995101922,0.39859847814556826,0.9925279152401798,-0.04233177913823491,0.0,0.0,0.0,1.0,0.0,1.0,0.0,1.0,0.0,0.0,0.0,0.0,0.0,0.0,1.0,0.0,1
-0.4138566866270515,0.0979591831988019,-0.07536326258130822,-0.4208492842503303,0.9925279152401798,-0.7497563186014329,0.0,1.0,0.0,0.0,0.0,0.0,0.0,0.0,0.0,0.0,0.0,0.0,0.0,1.0,1.0,1.0,0
0.8501728601844736,-0.4948746093055088,1.5237276824990582,-0.9542537904558589,0.9925279152401798,0.7661534088197052,1.0,0.0,1.0,0.0,0.0,1.0,0.0,0.0,1.0,0.0,0.0,0.0,1.0,0.0,1.0,0.0,1
1.74534488064846,0.2381521161027898,1.3368865299686155,-0.22031362065779367,-1.0075283371329782,0.8166837330670763,0.0,0.0,0.0,0.0,0.0,1.0,0.0,0.0,0.0,1.0,1.0,0.0,1.0,0.0,1.0,1.0,0
-0.4626975053331486,1.050390991941145,0.0020664042331096596,0.562488030624748,-1.0075283371329782,-1.0024079398382892,1.0,0.0,0.0,1.0,0.0,0.0,1.0,0.0,0.0,1.0,0.0,0.0,0.0,0.0,0.0,0.0,0
1.006900860510008,-0.4144051231543404,-1.464889131174827,0.32225241332607457,-1.0075283371329782,0.1597895178512499,0.0,0.0,0.0,1.0,0.0,0.0,0.0,1.0,0.0,0.0,0.0,1.0,0.0,1.0,0.0,1.0,0
0.37998885920786807,-0.008914353095718697,0.20742334665395654,0.230637135542683,-1.0075283371329782,2.686305730219814,0.0,0.0,0.0,0.0,0.0,0.0,0.0,0.0,0.0,0.0,0.0,1.0,0.0,1.0,1.0,1.0,0
-0.15944704888932282,-1.568639315135161,-1.5364274102968436,-2.0281884355834037,-1.0075283371329782,-0.09286210338560645,0.0,0.0,1.0,0.0,0.0,0.0,1.0,0.0,1.0,0.0,1.0,0.0,1.0,0.0,0.0,0.0,0
-0.03552258351564371,-1.6648254978002293,-0.7739135175374686,0.6286546201349764,-1.0075283371329782,-1.8108931277962295,1.0,0.0,1.0,0.0,0.0,0.0,1.0,0.0,0.0,1.0,0.0,1.0,0.0,0.0,1.0,1.0,1
0.8355935113169817,0.5103652997235396,-0.9035240467702983,-1.2911944231925578,-1.0075283371329782,-0.24445307612772016,0.0,0.0,0.0,0.0,0.0,0.0,0.0,0.0,0.0,1.0,0.0,1.0,1.0,0.0,0.0,1.0,0
0.607426701540738,-0.1145305536691271,-1.5700924828248513,0.6245828300112694,0.9925279152401798,0.8672140573144478,0.0,1.0,1.0,0.0,0.0,0.0,1.0,1.0,0.0,0.0,0.0,1.0,0.0,1.0,0.0,0.0,0
-0.4612395704463997,-0.5564840596399969,1.0128602068865404,1.7209123208191996,-1.0075283371329782,2.079941839251358,0.0,0.0,1.0,0.0,0.0,0.0,1.0,0.0,0.0,0.0,0.0,1.0,0.0,0.0,1.0,1.0,0
0.6497068132564635,-0.7067356783128815,-0.1250192445601199,1.0612823207787738,-1.0075283371329782,-1.4066505338172592,0.0,1.0,1.0,0.0,0.0,0.0,0.0,0.0,1.0,0.0,0.0,0.0,1.0,0.0,0.0,1.0,0
-0.29503499335699496,-0.8173812217707378,-1.1004647210591436,-0.297677633008213,-1.0075283371329782,0.3113804905933636,0.0,1.0,1.0,0.0,0.0,0.0,1.0,1.0,0.0,0.0,0.0,0.0,1.0,0.0,1.0,0.0,0
1.0353305908016168,1.6287654236526674,0.4270879448992068,1.4542100677164347,0.9925279152401798,-0.9013472913435465,0.0,0.0,0.0,0.0,0.0,0.0,1.0,0.0,1.0,0.0,1.0,0.0,1.0,0.0,0.0,1.0,0
-0.6194255056586836,0.7480017510137077,-1.0659580217179354,0.6612289411246277,-1.0075283371329782,0.9177443815618189,1.0,0.0,0.0,1.0,0.0,0.0,1.0,0.0,0.0,1.0,0.0,1.0,0.0,1.0,1.0,0.0,0
-0.915386287668764,1.1220591280445293,1.362135334364621,-0.6936592225386536,-1.0075283371329782,1.2714566512934178,1.0,0.0,1.0,0.0,0.0,0.0,0.0,0.0,1.0,0.0,0.0,0.0,1.0,0.0,1.0,0.0,0
0.5272402827695333,-0.9764341904914065,-0.09051254521891228,-0.850423142301348,0.9925279152401798,-0.8002866428488041,0.0,1.0,0.0,0.0,0.0,1.0,0.0,1.0,0.0,0.0,0.0,0.0,0.0,1.0,0.0,1.0,0
-0.6551449103840382,-2.154557761173355,0.4876850754496206,0.22656534541897605,-1.0075283371329782,-1.4066505338172592,0.0,0.0,1.0,0.0,0.0,0.0,0.0,0.0,0.0,0.0,1.0,0.0,1.0,0.0,1.0,1.0,0
-1.8010817313688807,0.6291835253686232,1.0246429822713432,2.5515575060552904,-1.0075283371329782,0.3113804905933636,1.0,0.0,0.0,1.0,0.0,0.0,0.0,1.0,0.0,0.0,1.0,0.0,1.0,0.0,1.0,0.0,0
-0.9445449854037471,-0.5841454455044608,-2.2467604406378063,-0.05947791077139383,-1.0075283371329782,0.9177443815618189,0.0,0.0,0.0,0.0,0.0,0.0,1.0,0.0,0.0,0.0,0.0,1.0,0.0,1.0,0.0,1.0,0
-0.025317039308399528,1.1748672283312338,0.32104296643598207,-0.9135358892187965,-1.0075283371329782,-0.4971046973645765,0.0,1.0,1.0,0.0,0.0,1.0,0.0,0.0,1.0,0.0,0.0,1.0,0.0,1.0,0.0,1.0,0
0.21742911933533607,-0.6099208277872572,0.6947252714968676,0.06980142565628317,-1.0075283371329782,-1.1539989125804029,0.0,0.0,0.0,1.0,0.0,0.0,0.0,0.0,1.0,0.0,1.0,0.0,1.0,0.0,1.0,0.0,0
-0.44374435180540905,2.0782629439502096,2.2744587998736305,-0.7883283429148265,-1.0075283371329782,0.1092591936038788,0.0,0.0,1.0,0.0,0.0,0.0,1.0,0.0,0.0,0.0,1.0,0.0,1.0,0.0,1.0,0.0,0
0.5119319664586676,0.5204239854924354,0.36396593390919235,-1.5059813522180667,0.9925279152401798,-1.709832479301487,1.0,0.0,0.0,1.0,0.0,0.0,1.0,0.0,0.0,1.0,0.0,1.0,0.0,1.0,1.0,0.0,0
-0.15507324422907517,0.006802343418181363,-0.11239484236211653,-0.7720411824200015,0.9925279152401798,0.3619108148407351,1.0,0.0,0.0,1.0,0.0,0.0,0.0,0.0,0.0,0.0,1.0,0.0,0.0,1.0,0.0,1.0,0
-0.5144541938127434,0.7731484654359482,0.7965621158940915,-0.917607679342502,0.9925279152401798,0.1092591936038788,0.0,1.0,0.0,1.0,0.0,0.0,0.0,0.0,1.0,0.0,0.0,1.0,1.0,0.0,1.0,0.0,0
-1.8120162430194993,0.3337096309073028,2.324114781852441,-0.29971352807006724,-1.0075283371329782,0.56403211183022,0.0,1.0,1.0,0.0,0.0,0.0,1.0,0.0,1.0,0.0,0.0,1.0,0.0,0.0,0.0,1.0,0
-0.6704532266949045,0.3406249773734188,0.8150779057844957,-0.6671925867345634,-1.0075283371329782,1.0693353543039326,1.0,0.0,1.0,0.0,0.0,1.0,0.0,0.0,0.0,1.0,1.0,0.0,0.0,1.0,0.0,1.0,0
0.08548601208453661,0.9189994090849412,0.8638922609501067,-0.58473883672951,-1.0075283371329782,-0.39604404886983385,0.0,1.0,0.0,0.0,0.0,1.0,0.0,1.0,0.0,0.0,0.0,1.0,0.0,0.0,0.0,0.0,1
-1.434411107351466,-0.22894810429031956,0.49610134358162206,0.3609344195012857,0.9925279152401798,-0.5981653458593191,0.0,0.0,1.0,0.0,0.0,0.0,1.0,1.0,0.0,0.0,0.0,1.0,0.0,0.0,0.0,0.0,0
0.28012031946555005,1.5231492230792596,1.9706315203083609,0.2153679225787837,-1.0075283371329782,0.8166837330670763,0.0,1.0,1.0,0.0,0.0,1.0,0.0,0.0,0.0,1.0,1.0,0.0,0.0,1.0,0.0,1.0,0
0.9456675952665429,-0.00514234593238254,-0.9885283549035176,-1.009222957125895,0.9925279152401798,-0.14339242763297752,0.0,1.0,0.0,0.0,0.0,0.0,0.0,0.0,0.0,1.0,0.0,0.0,0.0,1.0,1.0,0.0,0
-0.3795952167884462,-0.2578668258758957,0.0744463101683262,-2.2928547936243153,-1.0075283371329782,-0.29498340037509146,0.0,0.0,1.0,0.0,0.0,1.0,0.0,0.0,0.0,1.0,1.0,0.0,1.0,0.0,1.0,1.0,0
0.7386408413481624,-1.4906845004262164,-0.8690173474290906,-0.1572008737403451,0.9925279152401798,-1.2045292368277742,1.0,0.0,0.0,1.0,0.0,0.0,0.0,1.0,0.0,0.0,1.0,0.0,1.0,0.0,0.0,0.0,0
0.15400895176174711,0.056467104402105055,0.6627434525952606,1.6007945121698621,-1.0075283371329782,-0.24445307612772016,0.0,0.0,0.0,1.0,0.0,1.0,0.0,0.0,1.0,0.0,0.0,1.0,0.0,0.0,1.0,1.0,0
0.8873501997965766,1.1949845998690254,-1.6988613852444807,0.7060186324853971,-1.0075283371329782,0.7661534088197052,0.0,0.0,0.0,1.0,0.0,0.0,1.0,0.0,0.0,0.0,0.0,1.0,1.0,0.0,1.0,1.0,0
-0.9948437389965931,-0.48167258423383275,-1.352111138206001,0.13800391022836436,-1.0075283371329782,0.2608501663459925,1.0,0.0,0.0,0.0,0.0,0.0,0.0,1.0,0.0,0.0,0.0,1.0,0.0,0.0,0.0,0.0,0
0.34208255215239014,0.7454870795714842,-1.7998566028285037,1.5183407621648088,0.9925279152401798,0.5135017875828488,1.0,0.0,1.0,0.0,0.0,1.0,0.0,0.0,0.0,0.0,1.0,0.0,0.0,0.0,1.0,1.0,0
-2.18597654147066,-0.3050169154175959,1.9580071181103575,0.284588354681792,0.9925279152401798,0.21031984209862142,1.0,0.0,0.0,1.0,0.0,1.0,0.0,0.0,1.0,0.0,0.0,0.0,0.0,1.0,0.0,0.0,1
-1.6071763914312422,0.35571300602676253,0.5028343580872234,2.5515575060552904,-1.0075283371329782,-1.356120209569888,1.0,0.0,1.0,0.0,0.0,1.0,0.0,1.0,0.0,0.0,0.0,1.0,1.0,0.0,0.0,1.0,0
0.7583229623192759,1.5633839661548437,-1.6037575553528587,0.600152089269032,0.9925279152401798,-1.0529382640856604,0.0,1.0,0.0,1.0,0.0,0.0,0.0,1.0,0.0,0.0,0.0,0.0,0.0,0.0,0.0,0.0,0
0.2961576032197908,0.049551757935989066,-0.7394068181962604,-0.3618083274565887,-1.0075283371329782,-0.6992259943540615,1.0,0.0,1.0,0.0,0.0,0.0,0.0,0.0,0.0,1.0,0.0,1.0,0.0,1.0,0.0,0.0,0
-0.6019302870176935,-0.039090410402407065,-0.10397857423011507,-0.044208697807494514,-1.0075283371329782,1.6251689210250169,1.0,0.0,0.0,1.0,0.0,0.0,0.0,1.0,0.0,0.0,0.0,0.0,0.0,0.0,0.0,1.0,0
1.006900860510008,-0.4219491374810123,0.6997750323760689,-0.4585133428946128,0.9925279152401798,-0.8508169670961755,1.0,0.0,0.0,0.0,0.0,1.0,0.0,0.0,1.0,0.0,1.0,0.0,0.0,0.0,0.0,1.0,0
0.6482488783697137,0.4902479281857471,0.5104089994060255,0.4484779071609717,0.9925279152401798,1.0693353543039326,0.0,1.0,1.0,0.0,0.0,1.0,0.0,1.0,0.0,0.0,1.0,0.0,0.0,1.0,0.0,1.0,0
-0.22432515134966063,-0.8796193399657821,0.21499798797275854,-1.9172321547124058,-1.0075283371329782,0.058728869356507264,0.0,0.0,0.0,0.0,0.0,1.0,0.0,1.0,0.0,0.0,1.0,0.0,0.0,1.0,1.0,0.0,1
-0.4466602215789079,-0.827439907539634,0.5221917747908282,0.655121255939068,0.9925279152401798,-0.4971046973645765,1.0,0.0,0.0,0.0,0.0,1.0,0.0,1.0,0.0,0.0,0.0,1.0,0.0,1.0,1.0,0.0,1
0.7838368228373858,0.9843808665827649,1.4395650011790389,0.48207017568154875,0.9925279152401798,-1.760362803548858,0.0,1.0,1.0,0.0,0.0,0.0,0.0,0.0,1.0,0.0,0.0,0.0,0.0,1.0,0.0,1.0,0
0.1044391656122761,-0.30816025472037617,0.4388707202840096,-1.112035657749479,-1.0075283371329782,-0.04233177913823491,1.0,0.0,0.0,1.0,0.0,0.0,0.0,1.0,0.0,0.0,1.0,0.0,1.0,0.0,1.0,1.0,0
0.0993363935086535,1.3483795578446907,-0.6602938977554426,-1.6311888985220369,-1.0075283371329782,-0.09286210338560645,0.0,0.0,1.0,0.0,0.0,0.0,1.0,0.0,0.0,0.0,0.0,1.0,1.0,0.0,1.0,0.0,0
0.5214085432225368,-0.09252717854966691,-1.1576953443567568,0.003634836146054738,0.9925279152401798,0.8672140573144478,0.0,0.0,0.0,1.0,0.0,0.0,1.0,0.0,0.0,1.0,0.0,1.0,1.0,0.0,1.0,1.0,0
-0.8876855248205296,0.5864341108508155,0.13756832115834067,0.2163858701097108,-1.0075283371329782,0.058728869356507264,0.0,1.0,0.0,0.0,0.0,1.0,0.0,0.0,0.0,1.0,0.0,0.0,1.0,0.0,1.0,0.0,1
0.7860237251675096,0.5191666497713228,-0.9851618476507169,0.4097959009857606,-1.0075283371329782,-0.14339242763297752,1.0,0.0,0.0,1.0,0.0,0.0,0.0,0.0,0.0,0.0,1.0,0.0,1.0,0.0,1.0,1.0,0
-0.16527878843631935,-0.6973056604045416,-0.013082878404494387,-0.4035441762245782,-1.0075283371329782,1.2714566512934178,1.0,0.0,0.0,1.0,0.0,0.0,1.0,1.0,0.0,0.0,0.0,0.0,1.0,0.0,0.0,1.0,0
-1.00067547854359,0.4707592245085109,-0.06358048719650548,1.1590052837477252,-1.0075283371329782,0.8672140573144478,0.0,0.0,0.0,1.0,0.0,0.0,1.0,0.0,0.0,1.0,1.0,0.0,1.0,0.0,1.0,0.0,0
-0.6908643151093928,-0.1478499502785953,-0.4170637487405867,-1.1161074478731858,0.9925279152401798,-0.44657437311720516,1.0,0.0,0.0,1.0,0.0,1.0,0.0,1.0,0.0,0.0,0.0,1.0,1.0,0.0,1.0,1.0,0
-1.266019627931938,-0.7092503497551055,0.8420099638069013,-1.7197503337126492,0.9925279152401798,0.21031984209862142,1.0,0.0,1.0,0.0,0.0,0.0,1.0,0.0,0.0,0.0,0.0,1.0,1.0,0.0,1.0,0.0,0
0.30563417998366105,-0.6099208277872572,-0.4061226001689846,-0.052352278054907005,0.9925279152401798,-2.265666046022571,0.0,1.0,1.0,0.0,0.0,0.0,1.0,0.0,0.0,1.0,0.0,1.0,0.0,0.0,1.0,1.0,1
0.9004716137773195,-0.6162075063928173,0.027315208629115205,-1.0122767997186748,0.9925279152401798,0.008198545109136179,0.0,0.0,1.0,0.0,0.0,0.0,0.0,0.0,1.0,0.0,1.0,0.0,0.0,1.0,0.0,0.0,0
0.42810071047059023,1.0409609740328056,-0.5340498757754136,1.0785874288045258,0.9925279152401798,1.1198656785513041,1.0,0.0,0.0,0.0,0.0,1.0,0.0,1.0,0.0,0.0,0.0,1.0,0.0,1.0,0.0,1.0,0
-0.05228883471325938,-0.21008806847363964,-1.4935044428236333,-0.526715827466694,0.9925279152401798,-1.0529382640856604,0.0,0.0,1.0,0.0,0.0,0.0,1.0,0.0,1.0,0.0,0.0,0.0,1.0,0.0,1.0,1.0,0
-2.20347176011165,0.07784181166100936,0.5785807712752413,0.48308812321247585,-1.0075283371329782,-2.265666046022571,1.0,0.0,1.0,0.0,0.0,0.0,1.0,1.0,0.0,0.0,0.0,1.0,0.0,0.0,0.0,1.0,1
-0.6055751242345667,1.3477508899841344,0.709032927321271,0.795598015206936,0.9925279152401798,-0.8002866428488041,0.0,1.0,1.0,0.0,0.0,0.0,1.0,0.0,0.0,0.0,1.0,0.0,0.0,1.0,1.0,1.0,0
0.08985981674478427,2.1493024121930375,-0.5601403069846197,-0.4340826021523754,0.9925279152401798,0.21031984209862142,0.0,0.0,0.0,0.0,0.0,0.0,1.0,0.0,0.0,0.0,1.0,0.0,0.0,0.0,1.0,0.0,0
1.0090877628401318,0.16522664427829373,-0.365724513135375,0.6286546201349764,-1.0075283371329782,-0.9518776155909179,1.0,0.0,0.0,0.0,0.0,0.0,1.0,0.0,0.0,1.0,0.0,0.0,0.0,0.0,1.0,1.0,0
-1.7945210243785097,-0.775260475113486,-1.0920484529271417,1.3351102065980243,-1.0075283371329782,-0.14339242763297752,0.0,0.0,0.0,0.0,0.0,1.0,0.0,0.0,0.0,0.0,0.0,0.0,0.0,1.0,0.0,0.0,1
0.14307444011112902,-2.5569051919291965,0.2865362670947745,-0.32719811140508454,0.9925279152401798,-0.9518776155909179,0.0,0.0,0.0,0.0,0.0,0.0,1.0,0.0,1.0,0.0,1.0,0.0,0.0,1.0,0.0,0.0,0
0.5768100689190053,1.1541211889328857,0.011324299178311733,-0.654977216363444,0.9925279152401798,0.41244113908810626,0.0,0.0,0.0,0.0,0.0,0.0,1.0,0.0,1.0,0.0,0.0,1.0,0.0,1.0,0.0,0.0,0
-0.3635579330342055,-0.6576995851895132,-0.002983356646091689,0.7131442652018826,0.9925279152401798,-0.7497563186014329,1.0,0.0,1.0,0.0,0.0,0.0,0.0,0.0,1.0,0.0,0.0,0.0,1.0,0.0,0.0,0.0,0
-1.9563517968076667,0.2475821340111302,1.2653482508465983,1.233315453505366,-1.0075283371329782,0.058728869356507264,1.0,0.0,0.0,0.0,0.0,0.0,0.0,0.0,1.0,0.0,1.0,0.0,1.0,0.0,0.0,0.0,0
-1.997902941080018,1.2886561110918704,-0.8597594524838886,-0.30887505584840536,0.9925279152401798,-1.0529382640856604,1.0,0.0,1.0,0.0,0.0,0.0,0.0,0.0,1.0,0.0,0.0,0.0,0.0,1.0,0.0,0.0,0
-0.20099819316167347,1.5948173591826438,-1.0188269201787246,-1.5232864602438188,-1.0075283371329782,0.7661534088197052,1.0,0.0,0.0,1.0,0.0,0.0,0.0,0.0,1.0,0.0,1.0,0.0,1.0,0.0,1.0,1.0,0
-1.422747628257473,0.29724689499505474,0.6383362750124545,0.7406288485368998,0.9925279152401798,1.2714566512934178,0.0,0.0,1.0,0.0,0.0,0.0,1.0,0.0,0.0,0.0,0.0,0.0,1.0,0.0,1.0,1.0,0
0.1547379192051221,0.5939781251774878,-1.2410163988635754,-1.9151962596505532,-1.0075283371329782,1.321986975540789,1.0,0.0,0.0,0.0,0.0,1.0,0.0,0.0,1.0,0.0,0.0,1.0,1.0,0.0,1.0,0.0,1
0.16858830062923896,-0.45463986622992464,0.5667979958904386,-1.6271171083983298,0.9925279152401798,2.4336541089829575,0.0,0.0,1.0,0.0,0.0,0.0,0.0,0.0,0.0,1.0,0.0,1.0,0.0,1.0,1.0,0.0,0
-0.7185650779576266,-0.7438270820856858,-0.08377953071331087,0.954397830031483,0.9925279152401798,-0.09286210338560645,0.0,1.0,0.0,0.0,0.0,0.0,1.0,0.0,1.0,0.0,0.0,1.0,1.0,0.0,0.0,1.0,0
-1.38411235375862,-1.1644058807976514,1.3873841387606265,0.06369374047072345,0.9925279152401798,-0.5476350216119478,1.0,0.0,1.0,0.0,0.0,1.0,0.0,0.0,0.0,1.0,0.0,0.0,1.0,0.0,1.0,0.0,1
1.4136646939130244,-1.7528389982780697,-0.5062761909398074,-1.6861580651920722,0.9925279152401798,2.7873663787145557,1.0,0.0,0.0,1.0,0.0,0.0,1.0,0.0,0.0,0.0,1.0,0.0,0.0,1.0,1.0,1.0,0
-0.5968275149140718,-0.9921508870053065,-0.850501557538686,-0.4330646546214483,0.9925279152401798,0.1597895178512499,1.0,0.0,0.0,1.0,0.0,1.0,0.0,1.0,0.0,0.0,1.0,0.0,1.0,0.0,0.0,0.0,1
-0.10623242552297806,-1.1933246023832276,0.3681740679751931,-0.5124645620337218,-1.0075283371329782,1.675699245272388,1.0,0.0,0.0,1.0,0.0,0.0,0.0,0.0,0.0,0.0,0.0,1.0,0.0,1.0,1.0,0.0,0
-0.5487156636513497,2.0260835115240616,1.1904434644717812,0.8566748670625303,0.9925279152401798,-1.3055898853225167,0.0,0.0,1.0,0.0,0.0,0.0,1.0,0.0,0.0,0.0,0.0,0.0,0.0,1.0,1.0,0.0,0
0.48350223616705884,-0.846299943356314,-0.11407809598851777,-1.4174199170274544,-1.0075283371329782,-0.14339242763297752,0.0,1.0,1.0,0.0,0.0,1.0,0.0,0.0,0.0,0.0,0.0,1.0,0.0,1.0,0.0,1.0,0
-0.02094323464815187,0.08601449384823799,2.517688948888486,0.13087827751187753,0.9925279152401798,1.7262295695197594,0.0,0.0,0.0,1.0,0.0,1.0,0.0,0.0,1.0,0.0,0.0,0.0,0.0,1.0,0.0,0.0,1
-1.406710344503232,0.7127963508225723,0.2671788503911697,1.4033126911701055,-1.0075283371329782,-0.19392275188034908,0.0,1.0,0.0,1.0,0.0,0.0,1.0,0.0,0.0,0.0,0.0,0.0,1.0,0.0,0.0,0.0,0
1.130096358440312,-0.6979343282650974,2.4495171770192705,-0.31498274103396506,-1.0075283371329782,-2.0635447490330856,0.0,0.0,0.0,1.0,0.0,1.0,0.0,1.0,0.0,0.0,0.0,0.0,0.0,0.0,1.0,1.0,1
-2.0256037039282515,-1.9257226599309702,0.8580008732577048,-0.15414703114756523,-1.0075283371329782,-1.2045292368277742,0.0,0.0,0.0,1.0,0.0,0.0,1.0,0.0,0.0,0.0,1.0,0.0,0.0,1.0,0.0,0.0,0
1.181124079476533,-0.1874560254936236,-0.5045929373134067,1.466425438087554,-1.0075283371329782,1.1703960027986753,0.0,1.0,0.0,0.0,0.0,1.0,0.0,0.0,1.0,0.0,0.0,0.0,0.0,1.0,0.0,1.0,0
0.4098765243862257,-0.008285685235162373,1.2863889211766033,0.9767926757118677,-1.0075283371329782,-0.9013472913435465,0.0,0.0,0.0,1.0,0.0,1.0,0.0,1.0,0.0,0.0,1.0,0.0,1.0,0.0,0.0,0.0,1
-0.11206416506997459,1.0547916669650375,1.171927674581377,-0.06965738608065908,-1.0075283371329782,0.3619108148407351,0.0,0.0,0.0,0.0,0.0,0.0,0.0,1.0,0.0,0.0,0.0,1.0,1.0,0.0,1.0,0.0,0
0.9857608046521457,0.12310589762104146,-0.8117867241314776,-0.3618083274565887,-1.0075283371329782,-0.4971046973645765,1.0,0.0,0.0,0.0,0.0,0.0,0.0,1.0,0.0,0.0,0.0,0.0,1.0,0.0,0.0,1.0,0
0.5957632224467438,-1.1650345486582072,-0.2983943680793598,-0.07169328114251183,-1.0075283371329782,0.4629714633354778,0.0,1.0,0.0,0.0,0.0,0.0,1.0,0.0,0.0,1.0,0.0,0.0,0.0,1.0,1.0,1.0,0
0.26772787292818206,-0.1491072859997075,-0.6207374375350335,-0.2661212595494902,0.9925279152401798,0.41244113908810626,0.0,1.0,0.0,0.0,0.0,0.0,1.0,1.0,0.0,0.0,1.0,0.0,0.0,0.0,0.0,1.0,0
-0.4065670121933061,-0.4043464373854442,-0.11323646917531714,-1.0814972318216818,0.9925279152401798,-0.04233177913823491,0.0,1.0,0.0,1.0,0.0,0.0,1.0,0.0,1.0,0.0,0.0,1.0,1.0,0.0,0.0,0.0,0
-0.0530178021566333,-0.9846068726786347,-0.7553977276470645,-1.9375911053309378,-1.0075283371329782,-0.44657437311720516,0.0,0.0,1.0,0.0,0.0,1.0,0.0,1.0,0.0,0.0,1.0,0.0,1.0,0.0,1.0,0.0,1
1.2263200609657574,-0.1541366288841554,0.019740567310313182,-0.9776665836671707,-1.0075283371329782,-1.0024079398382892,1.0,0.0,1.0,0.0,0.0,1.0,0.0,0.0,1.0,0.0,0.0,0.0,0.0,0.0,1.0,1.0,0
0.40841858949947685,-1.006610247798095,-1.1265551522683492,-0.4585133428946128,-1.0075283371329782,-1.709832479301487,1.0,0.0,1.0,0.0,0.0,0.0,0.0,0.0,0.0,0.0,0.0,1.0,0.0,0.0,0.0,1.0,1
1.8984280437571217,-0.16545265037416343,-0.23190584983654405,-0.7577899169870292,-1.0075283371329782,0.41244113908810626,0.0,1.0,1.0,0.0,0.0,0.0,1.0,0.0,0.0,1.0,1.0,0.0,1.0,0.0,1.0,0.0,0
0.8108086182422457,1.0931404064589536,0.23772191192916342,0.738592953475047,-1.0075283371329782,-0.29498340037509146,1.0,0.0,1.0,0.0,0.0,0.0,0.0,0.0,0.0,0.0,1.0,0.0,0.0,0.0,1.0,0.0,0
0.23055053331607905,0.1545392906488416,0.36649081434879305,0.033155314542926265,0.9925279152401798,-0.6992259943540615,0.0,1.0,0.0,0.0,0.0,1.0,0.0,1.0,0.0,0.0,1.0,0.0,0.0,1.0,1.0,0.0,1
-0.9350684086398773,1.2716820788568586,0.02984008906871588,0.45967533000116406,0.9925279152401798,-0.34551372462246277,0.0,1.0,1.0,0.0,0.0,0.0,0.0,0.0,0.0,1.0,0.0,1.0,0.0,1.0,1.0,0.0,0
-0.36866070513782706,0.4858472531618555,0.6703180939140626,-0.6315644231521321,-1.0075283371329782,-1.356120209569888,0.0,1.0,1.0,0.0,0.0,0.0,1.0,0.0,0.0,0.0,1.0,0.0,0.0,0.0,1.0,1.0,1
0.857462534618219,-0.9739195190491825,-1.1349714204003514,-0.13684192312181317,-1.0075283371329782,-0.8508169670961755,0.0,0.0,1.0,0.0,0.0,0.0,0.0,1.0,0.0,0.0,1.0,0.0,0.0,0.0,0.0,1.0,0
-0.24182036999065024,0.21866341242555445,0.9598377176549288,-1.7472349170476664,-1.0075283371329782,0.1092591936038788,0.0,1.0,1.0,0.0,0.0,1.0,0.0,0.0,0.0,1.0,0.0,1.0,0.0,1.0,0.0,0.0,1
0.9682655860111551,1.4640544441869945,-0.42211350961978805,1.0063131541087378,-1.0075283371329782,-1.4066505338172592,0.0,0.0,0.0,1.0,0.0,1.0,0.0,0.0,0.0,1.0,1.0,0.0,1.0,0.0,1.0,0.0,1
-0.85269508753855,0.47201656022962263,-0.3446838428053702,-0.37504164535863377,-1.0075283371329782,-0.5476350216119478,1.0,0.0,0.0,1.0,0.0,0.0,0.0,0.0,0.0,0.0,1.0,0.0,0.0,0.0,0.0,1.0,0
2.0522401743091585,-0.07052380343020719,0.25287119456676627,0.9829003608974274,-1.0075283371329782,-0.39604404886983385,0.0,0.0,0.0,0.0,0.0,0.0,1.0,0.0,0.0,1.0,0.0,1.0,0.0,0.0,0.0,1.0,0
1.1789371771464092,-0.8123518788862899,1.337728156781815,-0.6061157348789675,-1.0075283371329782,1.7767598937671305,1.0,0.0,0.0,1.0,0.0,0.0,0.0,1.0,0.0,0.0,0.0,0.0,0.0,0.0,1.0,0.0,0
-0.024588071865024572,0.1979173730272056,-1.3277039606231955,0.13698596269743726,-1.0075283371329782,-0.5981653458593191,0.0,0.0,1.0,0.0,0.0,0.0,1.0,1.0,0.0,0.0,0.0,1.0,1.0,0.0,1.0,0.0,0
-1.0604508089003057,-0.21260273991586362,0.22341425610476,1.0867310090519384,-1.0075283371329782,0.1597895178512499,0.0,1.0,0.0,0.0,0.0,1.0,0.0,0.0,1.0,0.0,0.0,1.0,0.0,0.0,0.0,1.0,0
-0.07124198824099785,0.7542884296192683,0.6122458438032495,0.655121255939068,0.9925279152401798,-1.3055898853225167,1.0,0.0,1.0,0.0,0.0,0.0,0.0,0.0,0.0,1.0,0.0,0.0,0.0,0.0,0.0,0.0,1
1.3903377357250384,0.7492590867348203,1.004443938754539,1.7718096973655288,-1.0075283371329782,-1.760362803548858,0.0,0.0,0.0,1.0,0.0,1.0,0.0,0.0,0.0,1.0,0.0,1.0,0.0,0.0,0.0,0.0,1
-2.0088374527306367,0.27084284485170257,0.710716180947671,0.37518568493425786,-1.0075283371329782,-0.34551372462246277,1.0,0.0,1.0,0.0,0.0,0.0,0.0,0.0,0.0,1.0,0.0,1.0,0.0,0.0,0.0,1.0,0
-0.9890119994495965,-0.5841454455044608,0.9909779097433363,0.15123722813040946,0.9925279152401798,-0.39604404886983385,1.0,0.0,1.0,0.0,0.0,0.0,1.0,1.0,0.0,0.0,1.0,0.0,1.0,0.0,1.0,0.0,0
-1.3148604466380345,1.1817825747973498,0.49946785083442335,0.0647116880016491,-1.0075283371329782,-0.04233177913823491,0.0,0.0,1.0,0.0,0.0,0.0,1.0,1.0,0.0,0.0,1.0,0.0,0.0,1.0,0.0,1.0,0
-0.5283045752368614,-0.7589151107390296,-0.4027560929161833,-0.18672135213721663,0.9925279152401798,-0.8508169670961755,0.0,0.0,1.0,0.0,0.0,0.0,0.0,0.0,1.0,0.0,0.0,0.0,0.0,0.0,1.0,1.0,0
-0.7083595337503824,-0.5118486415405207,-0.22264795489134198,0.6266187250731236,0.9925279152401798,-1.0529382640856604,0.0,1.0,1.0,0.0,0.0,0.0,1.0,0.0,0.0,0.0,0.0,0.0,1.0,0.0,1.0,0.0,0
-0.8293681293505633,1.433878386880307,-0.8437685430330846,-1.0204203799660874,-1.0075283371329782,-1.4066505338172592,1.0,0.0,1.0,0.0,0.0,0.0,0.0,0.0,0.0,0.0,0.0,1.0,0.0,0.0,1.0,1.0,1
1.494580080127603,-1.672369512126901,-0.29166135357375844,-1.7594502874187858,-1.0075283371329782,-0.7497563186014329,1.0,0.0,1.0,0.0,0.0,0.0,0.0,1.0,0.0,0.0,1.0,0.0,1.0,0.0,0.0,0.0,0
-0.33512820274259675,1.2936854539763183,-0.5534072924790183,0.21740381764063646,-1.0075283371329782,-1.2550595610751456,1.0,0.0,1.0,0.0,0.0,1.0,0.0,0.0,1.0,0.0,0.0,0.0,0.0,0.0,1.0,0.0,1
1.0171064047172522,-0.9305414366708185,-0.07620488939450885,0.8902671355831088,0.9925279152401798,-0.04233177913823491,1.0,0.0,1.0,0.0,0.0,0.0,1.0,0.0,0.0,1.0,0.0,1.0,0.0,1.0,0.0,0.0,0
0.09787845862190463,1.1396618281400974,0.8184444130372958,0.8414056540986324,-1.0075283371329782,0.058728869356507264,1.0,0.0,1.0,0.0,0.0,0.0,0.0,1.0,0.0,0.0,1.0,0.0,0.0,0.0,0.0,1.0,0
0.6220060504082288,1.525663894521483,0.06518841522312413,-0.389292910791606,-1.0075283371329782,1.9788811907566157,0.0,0.0,0.0,0.0,0.0,0.0,1.0,0.0,0.0,1.0,0.0,1.0,0.0,0.0,1.0,1.0,0
0.6497068132564635,0.23186543749723013,-1.4438484608448223,0.18686539171283928,-1.0075283371329782,0.8166837330670763,1.0,0.0,0.0,1.0,0.0,1.0,0.0,0.0,0.0,0.0,0.0,1.0,0.0,0.0,1.0,1.0,0
-0.0384384532891425,-0.48544459139716845,0.18469942269755046,1.5264843424122227,-1.0075283371329782,-0.4971046973645765,1.0,0.0,0.0,1.0,0.0,0.0,1.0,1.0,0.0,0.0,0.0,0.0,0.0,1.0,0.0,1.0,0
-1.4686725771900713,-1.8345658201503496,-0.17130871928613026,-0.38522112066789904,-1.0075283371329782,0.9177443815618189,0.0,1.0,0.0,1.0,0.0,0.0,1.0,0.0,1.0,0.0,0.0,0.0,1.0,0.0,0.0,1.0,0
1.083442442064339,-0.33456430486372796,0.9699372394133314,1.0399054226293163,0.9925279152401798,0.8672140573144478,1.0,0.0,1.0,0.0,0.0,0.0,0.0,0.0,0.0,0.0,1.0,0.0,0.0,0.0,0.0,1.0,0
1.6294390571519013,1.0447329811961417,1.042317145348548,0.8811056078047692,-1.0075283371329782,-1.1034685883330317,0.0,1.0,1.0,0.0,0.0,0.0,0.0,0.0,0.0,1.0,0.0,1.0,1.0,0.0,1.0,0.0,0
-0.869461338736165,-1.2832241064427359,-0.05600584587770465,-0.2254033583124263,-1.0075283371329782,1.2714566512934178,0.0,0.0,0.0,0.0,0.0,0.0,0.0,0.0,1.0,0.0,1.0,0.0,0.0,0.0,1.0,1.0,0
0.9988822186328876,1.7343816242260763,-0.4911269083022039,2.2532988794938014,0.9925279152401798,-0.34551372462246277,0.0,0.0,0.0,1.0,0.0,1.0,0.0,1.0,0.0,0.0,0.0,1.0,0.0,1.0,0.0,1.0,0
-0.833741934010811,-0.11955989655357545,-0.06273886038330605,-1.0499408583629575,0.9925279152401798,0.2608501663459925,0.0,0.0,0.0,1.0,0.0,1.0,0.0,0.0,0.0,0.0,1.0,0.0,0.0,0.0,0.0,1.0,0
0.5403616967502762,-0.807322536001842,0.5373410574284323,1.0307438948509766,0.9925279152401798,0.6650927603249626,1.0,0.0,1.0,0.0,0.0,0.0,1.0,1.0,0.0,0.0,0.0,1.0,1.0,0.0,0.0,1.0,0
-0.908096613235018,0.6524442362091956,1.4547142838166418,0.8821235553356949,-1.0075283371329782,-1.1539989125804029,0.0,0.0,0.0,0.0,0.0,0.0,0.0,0.0,1.0,0.0,1.0,0.0,0.0,1.0,1.0,1.0,0
-0.9299656365362552,1.4087316724580665,1.791365009096719,-0.8901230960074847,-1.0075283371329782,1.9283508665092448,0.0,1.0,1.0,0.0,0.0,0.0,0.0,0.0,0.0,0.0,1.0,0.0,0.0,0.0,1.0,0.0,0
0.7043793715095572,0.5474567034963431,0.4725357928120166,0.3670421046868454,0.9925279152401798,0.3619108148407351,0.0,1.0,1.0,0.0,0.0,1.0,0.0,1.0,0.0,0.0,0.0,0.0,0.0,1.0,0.0,0.0,1
0.5163057711189152,1.0962837457617334,-0.38508192983897976,0.5329675522278778,0.9925279152401798,0.3619108148407351,1.0,0.0,1.0,0.0,0.0,0.0,0.0,0.0,0.0,1.0,1.0,0.0,1.0,0.0,1.0,1.0,0
-0.07998959756149315,-0.5325946809388686,-0.5996967672050287,-1.3023918460327502,0.9925279152401798,0.008198545109136179,1.0,0.0,0.0,1.0,0.0,0.0,0.0,0.0,0.0,0.0,1.0,0.0,0.0,1.0,1.0,1.0,0
-0.9941147715532186,-2.5235857953197285,-1.2662652032595816,0.15836286084689485,-1.0075283371329782,-0.5476350216119478,0.0,0.0,1.0,0.0,0.0,1.0,0.0,1.0,0.0,0.0,1.0,0.0,1.0,0.0,0.0,1.0,0
-0.24109140254727526,-1.7377509696247253,0.1182109044547359,0.7762570121193311,0.9925279152401798,2.7873663787145557,0.0,1.0,1.0,0.0,0.0,1.0,0.0,0.0,0.0,1.0,1.0,0.0,0.0,0.0,1.0,0.0,1
0.4113344592729746,-1.568639315135161,-0.27482881730975434,0.09117832380574076,0.9925279152401798,-1.558241506559373,0.0,1.0,0.0,0.0,0.0,1.0,0.0,0.0,0.0,0.0,1.0,0.0,1.0,0.0,0.0,0.0,1
0.13942960289425632,0.6989656578903404,1.3486693053534182,-0.6651566916727092,0.9925279152401798,-0.09286210338560645,0.0,1.0,1.0,0.0,0.0,0.0,0.0,0.0,0.0,1.0,1.0,0.0,0.0,1.0,0.0,0.0,0
-1.978220820108904,0.38966107049678705,-0.010557997964893711,0.5095547590165661,-1.0075283371329782,-0.6486956701066902,0.0,1.0,1.0,0.0,0.0,1.0,0.0,0.0,0.0,1.0,0.0,0.0,1.0,0.0,1.0,1.0,0
-0.6267151800924294,0.03257772570097725,-0.8454517966594852,-0.7985078182240917,-1.0075283371329782,0.7661534088197052,0.0,1.0,0.0,1.0,0.0,0.0,0.0,1.0,0.0,0.0,0.0,1.0,0.0,0.0,1.0,0.0,0
0.48277326872368387,0.7995525155793004,0.5659563690772379,-0.8575487750178333,-1.0075283371329782,-1.4066505338172592,0.0,0.0,0.0,0.0,0.0,1.0,0.0,0.0,0.0,0.0,0.0,0.0,0.0,1.0,0.0,1.0,0
0.7342670366879148,-1.5780693330435007,-0.412855614674586,-0.11648297250328123,0.9925279152401798,-2.2151357217751997,1.0,0.0,1.0,0.0,0.0,0.0,1.0,0.0,0.0,0.0,0.0,0.0,0.0,1.0,1.0,0.0,0
1.180395112033159,1.870802549966728,-0.8058953364390762,-0.18163161448258255,0.9925279152401798,-1.4066505338172592,0.0,0.0,0.0,0.0,0.0,0.0,0.0,0.0,0.0,0.0,0.0,1.0,1.0,0.0,1.0,0.0,0
-0.5662108822923393,-0.3351929727242843,-0.30344412895856115,-0.21115209287945408,0.9925279152401798,-0.7497563186014329,1.0,0.0,0.0,1.0,0.0,0.0,1.0,0.0,0.0,0.0,1.0,0.0,1.0,0.0,1.0,0.0,0
-0.8351998688975598,-0.19814337912307575,1.9159257774503478,-0.30174942313192,-1.0075283371329782,-0.8508169670961755,0.0,1.0,1.0,0.0,0.0,1.0,0.0,1.0,0.0,0.0,0.0,0.0,0.0,1.0,0.0,0.0,1
0.2123263472317145,1.1987566070323616,-1.5288527689780416,-0.5704875712965378,0.9925279152401798,0.7156230845723341,0.0,0.0,1.0,0.0,0.0,0.0,1.0,0.0,0.0,1.0,0.0,1.0,0.0,0.0,1.0,0.0,0
-0.7681348641070982,-0.31318959760482407,-0.30344412895856115,-2.5381801485776214,0.9925279152401798,-0.24445307612772016,0.0,0.0,1.0,0.0,0.0,1.0,0.0,0.0,1.0,0.0,1.0,0.0,0.0,0.0,0.0,0.0,1
-0.6245282777623057,-2.2186818829500674,0.5743726372092406,-0.3241442688123047,-1.0075283371329782,-1.2550595610751456,0.0,1.0,1.0,0.0,0.0,0.0,0.0,0.0,0.0,1.0,0.0,0.0,0.0,1.0,0.0,1.0,0
0.2939707008896669,-1.623333419003533,0.5230334016040289,0.051478370099603994,0.9925279152401798,-1.709832479301487,1.0,0.0,1.0,0.0,0.0,1.0,0.0,0.0,0.0,1.0,1.0,0.0,0.0,1.0,1.0,1.0,0
-0.016569429987904213,-0.23586345075643553,-0.4684029843457984,-0.3882749632606789,0.9925279152401798,-0.19392275188034908,0.0,0.0,1.0,0.0,0.0,0.0,1.0,0.0,0.0,0.0,0.0,1.0,0.0,1.0,1.0,0.0,0
1.9472688624632188,-0.1396772680913671,0.10726975588313377,-1.1853278799761935,0.9925279152401798,0.4629714633354778,1.0,0.0,1.0,0.0,0.0,1.0,0.0,0.0,0.0,0.0,1.0,0.0,0.0,1.0,0.0,1.0,0
-0.0034480160071622824,-0.08561183208355093,-0.732673803690659,1.8603711325561405,-1.0075283371329782,-1.1034685883330317,1.0,0.0,1.0,0.0,0.0,0.0,1.0,0.0,0.0,1.0,0.0,0.0,0.0,1.0,0.0,0.0,0
1.3167120239442052,-0.6262661921617131,2.6826478042757236,1.287266672644475,0.9925279152401798,-0.4971046973645765,0.0,0.0,1.0,0.0,0.0,0.0,0.0,0.0,0.0,1.0,1.0,0.0,0.0,1.0,0.0,1.0,0
2.0522401743091585,0.07092646519489336,0.31935971280958203,-0.6804259046366085,0.9925279152401798,-0.44657437311720516,0.0,0.0,0.0,0.0,0.0,0.0,0.0,1.0,0.0,0.0,1.0,0.0,1.0,0.0,1.0,1.0,0
0.2108684123449646,0.641128214719188,-0.06273886038330605,0.9228414565727587,-1.0075283371329782,0.7156230845723341,1.0,0.0,0.0,1.0,0.0,1.0,0.0,0.0,0.0,1.0,1.0,0.0,0.0,0.0,0.0,1.0,0
1.531028452296332,0.1815720086527501,-0.7419316986358612,0.687695576928718,0.9925279152401798,-0.04233177913823491,1.0,0.0,1.0,0.0,0.0,0.0,0.0,1.0,0.0,0.0,0.0,1.0,1.0,0.0,1.0,1.0,0
-0.24692314209427282,0.07595580807934127,1.994197071077965,-0.13887781818366737,0.9925279152401798,1.3725172997881605,1.0,0.0,0.0,0.0,0.0,0.0,0.0,0.0,1.0,0.0,0.0,0.0,0.0,0.0,1.0,1.0,0
-1.1027309206160314,-1.3108854923071998,0.8462180978729033,0.26321145653233297,-1.0075283371329782,0.1597895178512499,0.0,1.0,1.0,0.0,0.0,0.0,0.0,0.0,0.0,0.0,1.0,0.0,1.0,0.0,0.0,1.0,0
-0.9875540645628477,0.0552097686809933,0.3294592345679847,-0.6193490527810142,-1.0075283371329782,0.058728869356507264,0.0,0.0,0.0,1.0,0.0,1.0,0.0,0.0,1.0,0.0,1.0,0.0,1.0,0.0,0.0,0.0,1
-1.3884861584188677,-0.27672686169257604,0.007957791925510436,-2.3447701177015707,0.9925279152401798,-1.2045292368277742,1.0,0.0,0.0,0.0,0.0,0.0,0.0,1.0,0.0,0.0,0.0,0.0,1.0,0.0,1.0,1.0,0
0.205765640241343,-1.0921090768337112,1.0355841308429465,-0.20708030275574713,-1.0075283371329782,0.1597895178512499,0.0,0.0,1.0,0.0,0.0,0.0,0.0,0.0,0.0,1.0,0.0,1.0,1.0,0.0,0.0,0.0,0
0.7211456227071719,-1.3718662747811319,-0.3800321689597784,0.5462008701299229,0.9925279152401798,0.56403211183022,1.0,0.0,1.0,0.0,0.0,1.0,0.0,0.0,1.0,0.0,0.0,0.0,0.0,0.0,1.0,0.0,1
-0.5647529474055905,0.9755795165349809,0.21836449522555865,0.18991923430561913,-1.0075283371329782,1.3725172997881605,1.0,0.0,0.0,0.0,0.0,1.0,0.0,0.0,0.0,0.0,0.0,0.0,1.0,0.0,0.0,0.0,1
-0.025317039308399528,0.6247828503447317,0.9867697756773344,1.2750513022733556,-1.0075283371329782,-0.04233177913823491,0.0,0.0,1.0,0.0,0.0,1.0,0.0,0.0,1.0,0.0,1.0,0.0,1.0,0.0,1.0,0.0,1
1.1607129910620446,0.09544451175657749,0.2267807633575601,0.9177517189181261,0.9925279152401798,-0.9013472913435465,1.0,0.0,0.0,0.0,0.0,0.0,1.0,0.0,0.0,0.0,0.0,1.0,1.0,0.0,0.0,0.0,0
-0.22796998856653333,1.1031990922278494,-0.08714603796611098,-0.11648297250328123,-1.0075283371329782,0.5135017875828488,0.0,1.0,1.0,0.0,0.0,0.0,1.0,0.0,0.0,1.0,0.0,1.0,0.0,0.0,1.0,1.0,0
0.9012005812206935,0.7876078262287365,-1.0684829021575362,0.08099884849647551,0.9925279152401798,1.4735779482829032,0.0,0.0,1.0,0.0,0.0,1.0,0.0,0.0,1.0,0.0,0.0,1.0,0.0,0.0,1.0,0.0,1
2.0522401743091585,0.2551261483378025,0.6417027822652558,0.4108138485166877,0.9925279152401798,0.4629714633354778,1.0,0.0,0.0,1.0,0.0,0.0,1.0,0.0,1.0,0.0,0.0,1.0,1.0,0.0,1.0,1.0,0
0.8406962834206033,0.7599464403642725,-1.3891427179868099,1.0653541109024809,-1.0075283371329782,0.3619108148407351,0.0,0.0,1.0,0.0,0.0,0.0,0.0,0.0,0.0,1.0,1.0,0.0,1.0,0.0,1.0,0.0,0
-1.5546907355082717,-0.7570291071573615,-1.0920484529271417,-0.722161753404598,0.9925279152401798,-0.39604404886983385,1.0,0.0,1.0,0.0,0.0,1.0,0.0,0.0,0.0,1.0,0.0,0.0,0.0,0.0,1.0,1.0,0
-0.04718606260963677,0.517909314050211,0.7393314925964778,-0.692641275007728,-1.0075283371329782,-0.19392275188034908,0.0,0.0,0.0,1.0,0.0,1.0,0.0,0.0,0.0,1.0,0.0,1.0,0.0,0.0,0.0,0.0,1
-0.13612009070133566,0.634212868253072,0.6720013475404627,-0.6478515836469586,0.9925279152401798,-0.9013472913435465,1.0,0.0,0.0,0.0,0.0,0.0,0.0,0.0,0.0,0.0,0.0,1.0,1.0,0.0,0.0,0.0,0
-0.3300254306389752,-1.5541799543423727,-0.28661159269455705,-0.6590490064871509,0.9925279152401798,-1.8108931277962295,0.0,0.0,0.0,1.0,0.0,0.0,1.0,0.0,1.0,0.0,0.0,0.0,1.0,0.0,0.0,0.0,0
0.9165088975315602,-0.07178113915131894,0.8133946521580956,1.8043840183551787,0.9925279152401798,0.8166837330670763,1.0,0.0,0.0,0.0,0.0,0.0,1.0,0.0,0.0,1.0,0.0,0.0,1.0,0.0,0.0,0.0,0
0.5680624595985101,1.2716820788568586,1.2241085369997893,0.03519120960477902,0.9925279152401798,0.41244113908810626,1.0,0.0,0.0,1.0,0.0,1.0,0.0,0.0,1.0,0.0,1.0,0.0,0.0,1.0,1.0,0.0,1
-1.1974966882547269,0.28090153062059836,0.16113387192794615,0.15938080837782195,-1.0075283371329782,2.130472163498729,0.0,0.0,0.0,1.0,0.0,0.0,1.0,0.0,1.0,0.0,1.0,0.0,0.0,0.0,1.0,0.0,0
-0.24254933743402518,1.3540375685896942,0.5297664161096303,-1.634242741114816,-1.0075283371329782,0.8166837330670763,0.0,0.0,0.0,0.0,0.0,0.0,0.0,0.0,0.0,1.0,1.0,0.0,0.0,1.0,1.0,1.0,0
-1.53209274476366,0.11870522259714987,1.427782225794236,1.8145634936644455,0.9925279152401798,0.21031984209862142,0.0,0.0,1.0,0.0,0.0,1.0,0.0,0.0,0.0,1.0,0.0,1.0,1.0,0.0,1.0,0.0,1
0.7386408413481624,0.6593595826753116,1.3486693053534182,1.6272611479739538,-1.0075283371329782,0.6650927603249626,1.0,0.0,1.0,0.0,0.0,0.0,0.0,0.0,0.0,1.0,0.0,1.0,0.0,0.0,0.0,1.0,0
-1.5743728564793857,-0.8708179899179981,0.7056664200684708,-2.5381801485776214,-1.0075283371329782,1.1198656785513041,1.0,0.0,1.0,0.0,0.0,0.0,0.0,1.0,0.0,0.0,0.0,1.0,0.0,1.0,1.0,1.0,0
-0.4626975053331486,-0.5068192986560728,1.1146970512837646,-0.297677633008213,-1.0075283371329782,0.008198545109136179,0.0,1.0,0.0,0.0,0.0,1.0,0.0,0.0,0.0,1.0,0.0,1.0,1.0,0.0,1.0,1.0,0
-1.2383188650837036,0.5122513033052069,-0.09051254521891228,-0.5562363058635655,-1.0075283371329782,-1.6087718308067445,1.0,0.0,1.0,0.0,0.0,0.0,0.0,1.0,0.0,0.0,0.0,0.0,1.0,0.0,0.0,1.0,0
-0.6114068637815632,-0.3050169154175959,-0.135960393131722,1.02056441954171,-1.0075283371329782,0.56403211183022,0.0,1.0,0.0,0.0,0.0,0.0,0.0,1.0,0.0,0.0,0.0,0.0,1.0,0.0,1.0,1.0,0
-0.6915932825527673,0.00428767197595696,0.5306080429228309,-0.7089284355025529,0.9925279152401798,-0.8002866428488041,1.0,0.0,1.0,0.0,0.0,1.0,0.0,0.0,0.0,0.0,1.0,0.0,1.0,0.0,1.0,1.0,0
-0.6799298034587737,0.35571300602676253,-0.6880675825910487,0.7233237405111492,-1.0075283371329782,0.058728869356507264,0.0,1.0,1.0,0.0,0.0,0.0,0.0,1.0,0.0,0.0,0.0,1.0,0.0,0.0,0.0,1.0,0
0.44340902678145705,-1.30774215300442,-0.2647292955513516,0.4372804843207793,-1.0075283371329782,1.321986975540789,1.0,0.0,0.0,1.0,0.0,1.0,0.0,1.0,0.0,0.0,0.0,0.0,1.0,0.0,0.0,1.0,0
1.5762244337855564,0.7027376650536756,1.9310750600879507,0.8403877065677053,-1.0075283371329782,1.0693353543039326,0.0,1.0,0.0,0.0,0.0,0.0,0.0,0.0,1.0,0.0,0.0,0.0,1.0,0.0,0.0,1.0,0
0.16567243085574124,0.6191248395997274,-0.558457053358219,0.49326759852174107,0.9925279152401798,0.1597895178512499,1.0,0.0,0.0,1.0,0.0,1.0,0.0,1.0,0.0,0.0,0.0,1.0,1.0,0.0,1.0,0.0,1
-0.49695897517175386,1.589788016298195,-2.0094216793153516,0.09016037627481366,-1.0075283371329782,0.7661534088197052,1.0,0.0,0.0,0.0,0.0,0.0,0.0,0.0,1.0,0.0,0.0,1.0,0.0,1.0,1.0,0.0,0
0.556398980504517,0.27775819131781854,-1.5204365008460394,1.8125275986025913,0.9925279152401798,0.1597895178512499,0.0,1.0,1.0,0.0,0.0,1.0,0.0,0.0,0.0,0.0,0.0,0.0,0.0,1.0,1.0,0.0,1
0.4324745151308379,0.9912962130488809,0.4952597167684226,0.5431470275371431,0.9925279152401798,0.21031984209862142,0.0,0.0,0.0,0.0,0.0,0.0,1.0,0.0,0.0,1.0,0.0,0.0,0.0,1.0,1.0,1.0,0
1.57039269423856,0.18974469083997786,-1.8192140195321083,0.6184751448257111,0.9925279152401798,-0.09286210338560645,1.0,0.0,1.0,0.0,0.0,0.0,1.0,1.0,0.0,0.0,1.0,0.0,0.0,0.0,0.0,1.0,0
-1.801810698812255,-0.546425373871101,-1.7830240665645,-2.0984268152173375,0.9925279152401798,-0.5981653458593191,1.0,0.0,1.0,0.0,0.0,1.0,0.0,0.0,0.0,1.0,0.0,1.0,1.0,0.0,0.0,1.0,0
-0.3103433096678607,0.3745730418434424,-1.9429331610725367,-0.5928824169769225,-1.0075283371329782,0.058728869356507264,0.0,0.0,0.0,1.0,0.0,0.0,0.0,0.0,1.0,0.0,0.0,0.0,1.0,0.0,1.0,1.0,0
1.7147282480267274,-0.5508260488949931,-0.6173709302822329,-0.5104286669718691,-1.0075283371329782,-1.0529382640856604,0.0,0.0,0.0,1.0,0.0,0.0,0.0,1.0,0.0,0.0,0.0,0.0,0.0,1.0,1.0,1.0,0
-0.444473319248784,0.46132920660017135,-0.9885283549035176,0.7925441726141561,-1.0075283371329782,1.7262295695197594,1.0,0.0,0.0,1.0,0.0,0.0,0.0,0.0,0.0,0.0,0.0,1.0,1.0,0.0,1.0,0.0,0
1.9501847322367165,0.04452241505154115,0.6181372314956503,-0.31091095091025955,0.9925279152401798,-0.19392275188034908,0.0,0.0,1.0,0.0,0.0,0.0,1.0,0.0,0.0,1.0,0.0,0.0,0.0,1.0,1.0,1.0,0
0.21159737978833953,0.047037086493765555,-0.7663388762186666,0.5268598670423181,0.9925279152401798,-0.8002866428488041,0.0,0.0,0.0,0.0,0.0,1.0,0.0,1.0,0.0,0.0,1.0,0.0,0.0,1.0,0.0,1.0,0
-0.4481181564656567,-0.8444139397746458,-0.4364211654441915,0.8760158701501366,-1.0075283371329782,-0.44657437311720516,0.0,1.0,1.0,0.0,0.0,0.0,0.0,0.0,0.0,0.0,1.0,0.0,0.0,0.0,1.0,1.0,0
-0.4816506588608881,-1.4234170393467243,-0.8976326590778969,-0.6071336824098946,0.9925279152401798,-0.04233177913823491,0.0,0.0,1.0,0.0,0.0,0.0,1.0,0.0,0.0,1.0,0.0,1.0,1.0,0.0,1.0,0.0,0
0.9850318372087707,-0.16419531465305123,0.6652683330348612,-1.1883817225689732,0.9925279152401798,-0.39604404886983385,0.0,0.0,0.0,1.0,0.0,0.0,1.0,1.0,0.0,0.0,0.0,0.0,0.0,1.0,0.0,0.0,0
-1.077217060097921,0.4456125100862713,-1.2881475004027865,0.7100904226091027,-1.0075283371329782,0.9177443815618189,0.0,0.0,0.0,0.0,0.0,0.0,0.0,1.0,0.0,0.0,1.0,0.0,0.0,0.0,1.0,0.0,0
-0.3817821191185701,0.0910438367326859,1.1912850912849817,1.835940391813903,0.9925279152401798,0.008198545109136179,0.0,0.0,1.0,0.0,0.0,0.0,0.0,0.0,1.0,0.0,0.0,0.0,0.0,0.0,1.0,1.0,0
-0.7630320920034761,1.187440585542354,-0.4515704480817949,-0.9573076330486388,-1.0075283371329782,0.9682747058091904,0.0,1.0,1.0,0.0,0.0,0.0,1.0,1.0,0.0,0.0,1.0,0.0,0.0,0.0,1.0,0.0,0
-1.0298341762785732,-1.7427803125091732,-0.08882929159251222,0.33141394110441413,0.9925279152401798,-1.1034685883330317,0.0,0.0,1.0,0.0,0.0,0.0,1.0,0.0,1.0,0.0,1.0,0.0,0.0,1.0,0.0,1.0,0
0.1999339006943465,0.8259565657226526,-0.7082666261078535,1.4684613331494067,-1.0075283371329782,-0.14339242763297752,1.0,0.0,1.0,0.0,0.0,0.0,0.0,1.0,0.0,0.0,0.0,0.0,0.0,0.0,1.0,0.0,0
-0.07124198824099785,0.7171970258464639,-0.27567044412295494,0.3426113639446065,-1.0075283371329782,-0.5476350216119478,0.0,1.0,1.0,0.0,0.0,0.0,1.0,0.0,0.0,1.0,1.0,0.0,0.0,1.0,0.0,1.0,0
-2.7116531890741546,0.3827457240306711,-0.5054345641266074,-0.6091695774717475,0.9925279152401798,0.3113804905933636,1.0,0.0,1.0,0.0,0.0,1.0,0.0,0.0,0.0,1.0,1.0,0.0,0.0,1.0,1.0,0.0,1
0.7809209530638881,0.9799801915588734,-1.475830279746429,-0.09103428423011667,0.9925279152401798,-2.265666046022571,0.0,0.0,1.0,0.0,0.0,0.0,1.0,0.0,0.0,1.0,1.0,0.0,1.0,0.0,0.0,1.0,0
1.3152540890574564,-0.11767389297190736,0.004591284672710334,0.39147284542908284,-1.0075283371329782,0.1092591936038788,0.0,1.0,1.0,0.0,0.0,0.0,0.0,0.0,1.0,0.0,0.0,1.0,0.0,0.0,1.0,0.0,0
-0.5742295241694597,-0.043491085426298655,1.4075831822774307,-1.5416095158004972,-1.0075283371329782,-0.19392275188034908,0.0,1.0,1.0,0.0,0.0,0.0,0.0,1.0,0.0,0.0,1.0,0.0,0.0,1.0,0.0,0.0,0
0.255335426390814,0.7756631368781726,-0.3219599188489653,0.48105222815062165,0.9925279152401798,-0.34551372462246277,1.0,0.0,0.0,1.0,0.0,0.0,1.0,0.0,1.0,0.0,0.0,1.0,1.0,0.0,1.0,0.0,0
0.6467909434829647,-1.293911460072188,-0.28240345862855637,-0.5480927256161531,-1.0075283371329782,-1.5077111823120017,1.0,0.0,1.0,0.0,0.0,0.0,1.0,0.0,0.0,0.0,1.0,0.0,0.0,1.0,1.0,0.0,0
-0.42479119827767065,0.3123349236483985,-1.5541015733740478,1.5071433393246165,-1.0075283371329782,-1.4571808580646306,0.0,0.0,0.0,1.0,0.0,0.0,1.0,1.0,0.0,0.0,1.0,0.0,0.0,1.0,1.0,0.0,0
1.4588606754022488,-0.07681048203576685,1.713935342282301,0.3548267343157259,0.9925279152401798,0.7661534088197052,0.0,0.0,0.0,1.0,0.0,1.0,0.0,0.0,1.0,0.0,1.0,0.0,1.0,0.0,0.0,0.0,1
1.3480576240093127,-1.3435762210561122,-0.37077427401457635,0.5350034472897306,-1.0075283371329782,1.2714566512934178,1.0,0.0,0.0,1.0,0.0,1.0,0.0,1.0,0.0,0.0,1.0,0.0,0.0,0.0,1.0,0.0,1
-1.103459888059406,-0.080582489199103,-0.7360403109434598,-1.9610038985422489,-1.0075283371329782,-0.19392275188034908,0.0,1.0,1.0,0.0,0.0,0.0,0.0,0.0,0.0,1.0,0.0,1.0,0.0,0.0,0.0,0.0,0
-1.0874226043051651,-1.6126460653740813,-0.2706206832437536,-0.15414703114756523,0.9925279152401798,-0.8002866428488041,1.0,0.0,1.0,0.0,0.0,0.0,1.0,0.0,1.0,0.0,0.0,0.0,0.0,0.0,1.0,1.0,0
2.0522401743091585,-2.4908950665708165,-0.1561594366485274,0.04129889479033875,0.9925279152401798,0.7661534088197052,0.0,0.0,1.0,0.0,0.0,0.0,0.0,0.0,1.0,0.0,0.0,0.0,0.0,1.0,0.0,1.0,0
-0.65222904061054,0.5719747500580272,1.2392578196373922,-0.07271122867343893,0.9925279152401798,2.079941839251358,1.0,0.0,1.0,0.0,0.0,1.0,0.0,0.0,0.0,1.0,0.0,1.0,0.0,0.0,0.0,0.0,1
-0.1434097651350821,0.15956863353328948,0.8016118767732929,0.6775161016194527,0.9925279152401798,-1.6087718308067445,0.0,0.0,0.0,1.0,0.0,0.0,1.0,1.0,0.0,0.0,1.0,0.0,0.0,0.0,0.0,1.0,1
0.39894201273560653,-1.34546222463778,-0.08209627708690963,-1.0529947009557372,0.9925279152401798,-0.34551372462246277,1.0,0.0,0.0,0.0,0.0,1.0,0.0,1.0,0.0,0.0,1.0,0.0,0.0,0.0,0.0,0.0,1
-1.1559455439823756,0.9454034592282925,-0.033281921921298585,-0.5460568305543003,-1.0075283371329782,-0.19392275188034908,1.0,0.0,1.0,0.0,0.0,1.0,0.0,0.0,1.0,0.0,0.0,0.0,0.0,0.0,0.0,0.0,1
-0.4554078308994032,0.6235255146236199,1.4101080627170315,-0.8249744540281834,0.9925279152401798,1.6251689210250169,1.0,0.0,0.0,0.0,0.0,0.0,1.0,0.0,1.0,0.0,1.0,0.0,0.0,0.0,1.0,1.0,0
0.6795944784348211,0.502192617536311,1.5910578275550733,0.19806281455303162,0.9925279152401798,0.41244113908810626,1.0,0.0,0.0,1.0,0.0,0.0,1.0,0.0,0.0,0.0,0.0,0.0,0.0,1.0,0.0,0.0,0
-0.5931826776971987,-0.17802600758528364,0.07023817610232427,1.3758281078350882,0.9925279152401798,-0.5476350216119478,1.0,0.0,0.0,0.0,0.0,0.0,1.0,1.0,0.0,0.0,0.0,0.0,1.0,0.0,0.0,0.0,0
-0.4349967424849148,0.30856291648506234,-1.2485910401823774,2.0934811171383285,0.9925279152401798,-0.8002866428488041,1.0,0.0,1.0,0.0,0.0,0.0,0.0,0.0,0.0,1.0,1.0,0.0,1.0,0.0,1.0,0.0,0
0.8676680788254632,0.08475715812712534,0.1316769334659387,1.637440623283219,0.9925279152401798,0.7156230845723341,0.0,1.0,1.0,0.0,0.0,0.0,1.0,0.0,1.0,0.0,0.0,1.0,0.0,1.0,0.0,1.0,0
-1.0393107530424426,-0.7519997642729136,1.544768352829063,-1.5181967225891855,0.9925279152401798,-0.9518776155909179,0.0,0.0,0.0,1.0,0.0,0.0,0.0,0.0,0.0,0.0,0.0,0.0,0.0,0.0,1.0,0.0,0
-1.3884861584188677,-1.075135044598699,0.2739118648967711,-1.9793269540989273,0.9925279152401798,2.079941839251358,1.0,0.0,1.0,0.0,0.0,0.0,0.0,1.0,0.0,0.0,1.0,0.0,1.0,0.0,0.0,1.0,0
0.003841658426584157,-0.41629112673600854,-0.874908735121492,1.8216891263809307,0.9925279152401798,1.4735779482829032,0.0,1.0,1.0,0.0,0.0,0.0,0.0,0.0,0.0,1.0,0.0,0.0,0.0,1.0,0.0,0.0,0
0.5746231665888816,-0.46721322344104443,1.7846319945911175,-0.5837208891985829,-1.0075283371329782,-0.04233177913823491,0.0,0.0,0.0,0.0,0.0,1.0,0.0,0.0,1.0,0.0,0.0,0.0,0.0,1.0,0.0,0.0,1
0.5454644688538979,-0.06486579268520296,0.6231869923748516,-0.4116877564719907,-1.0075283371329782,-0.8002866428488041,0.0,1.0,0.0,1.0,0.0,1.0,0.0,1.0,0.0,0.0,1.0,0.0,0.0,0.0,0.0,0.0,1
1.0849003769510888,-0.6532989101656211,0.21836449522555865,-0.6631207966108564,0.9925279152401798,0.4629714633354778,1.0,0.0,1.0,0.0,0.0,0.0,1.0,0.0,1.0,0.0,0.0,1.0,0.0,1.0,0.0,0.0,0
-0.061765411477128614,0.7618324439459406,0.48516019501001995,-0.3068391607865526,-1.0075283371329782,-0.6486956701066902,1.0,0.0,1.0,0.0,0.0,0.0,0.0,0.0,0.0,1.0,0.0,1.0,0.0,1.0,0.0,1.0,0
-0.9372553109700011,0.09041516887212958,2.2138616693232165,0.16752438862523444,0.9925279152401798,-1.558241506559373,1.0,0.0,1.0,0.0,0.0,0.0,1.0,0.0,1.0,0.0,0.0,1.0,0.0,0.0,0.0,1.0,1
-0.6996119244298876,0.7662331189698321,-0.1250192445601199,-1.2922123707234843,-1.0075283371329782,-0.8002866428488041,0.0,1.0,1.0,0.0,0.0,0.0,0.0,0.0,0.0,1.0,0.0,0.0,1.0,0.0,1.0,0.0,0
1.5805982384458042,-0.20883073275252745,-1.138337927653152,0.07081937318720882,-1.0075283371329782,0.7156230845723341,1.0,0.0,0.0,1.0,0.0,1.0,0.0,0.0,0.0,0.0,0.0,1.0,0.0,0.0,1.0,1.0,0
-0.7674058966637237,-1.4422770751634044,-2.709129171139661,0.2530319812230677,0.9925279152401798,2.231532811993472,1.0,0.0,1.0,0.0,0.0,0.0,0.0,0.0,0.0,0.0,0.0,0.0,0.0,1.0,1.0,1.0,0
-0.36793173769445314,2.1493024121930375,-0.9397139997379066,-0.5063568768481636,-1.0075283371329782,0.6650927603249626,0.0,1.0,1.0,0.0,0.0,1.0,0.0,1.0,0.0,0.0,1.0,0.0,0.0,1.0,0.0,1.0,0
0.919424767305058,-2.136326393217231,0.6475941699576565,-2.5381801485776214,0.9925279152401798,-1.0529382640856604,0.0,1.0,0.0,0.0,0.0,0.0,1.0,0.0,0.0,0.0,1.0,0.0,0.0,1.0,0.0,1.0,0
0.6715758365577008,-0.8840200149896742,0.9901362829301357,0.06267579293979635,-1.0075283371329782,-0.5476350216119478,1.0,0.0,0.0,0.0,0.0,0.0,1.0,1.0,0.0,0.0,1.0,0.0,0.0,1.0,0.0,1.0,0
-1.5474010610745264,-0.9890075477025267,0.4237214376464055,-0.3831852256060463,-1.0075283371329782,0.1092591936038788,1.0,0.0,0.0,1.0,0.0,0.0,1.0,0.0,0.0,1.0,0.0,1.0,0.0,1.0,1.0,0.0,0
0.35666190101988093,-0.5363666881022048,-2.1558647448121855,-1.5181967225891855,-1.0075283371329782,-0.09286210338560645,0.0,1.0,1.0,0.0,0.0,0.0,1.0,0.0,0.0,1.0,0.0,0.0,0.0,0.0,1.0,0.0,0
1.6615136246603828,0.7146823544042404,1.567492276785468,-0.933894839837327,-1.0075283371329782,1.0693353543039326,0.0,1.0,1.0,0.0,0.0,0.0,0.0,0.0,1.0,0.0,1.0,0.0,0.0,1.0,0.0,1.0,0
-0.9263207993193825,-0.43075048752879636,1.0886066200745583,-0.45749539536368716,0.9925279152401798,2.4336541089829575,1.0,0.0,0.0,0.0,0.0,0.0,1.0,0.0,0.0,1.0,0.0,1.0,0.0,0.0,0.0,0.0,0
0.3398956498222663,0.9887815416066574,1.9091927629447465,-0.19893672250833463,0.9925279152401798,0.008198545109136179,0.0,0.0,0.0,1.0,0.0,1.0,0.0,1.0,0.0,0.0,1.0,0.0,0.0,1.0,1.0,0.0,1
-1.05316113446656,1.2025286141956977,-0.3320594406073668,0.053514265161456756,-1.0075283371329782,0.6145624360775915,0.0,0.0,1.0,0.0,0.0,1.0,0.0,0.0,1.0,0.0,1.0,0.0,0.0,1.0,1.0,0.0,1
-0.6981539895431382,0.7825784833442886,0.31935971280958203,0.29680372505291,-1.0075283371329782,0.21031984209862142,0.0,1.0,1.0,0.0,0.0,0.0,0.0,0.0,0.0,1.0,0.0,0.0,1.0,0.0,1.0,1.0,0
-0.05374676960000826,0.18282934437386186,0.49946785083442335,-0.7180899632808925,-1.0075283371329782,-0.34551372462246277,0.0,0.0,0.0,1.0,0.0,0.0,0.0,0.0,0.0,0.0,0.0,1.0,0.0,0.0,1.0,1.0,0
